Serviço,Vista,Consórcio,Sentido,Extensão,Partidas 00h à 01h - Dia Útil,Quilometragem 00h à 01h - Dia Útil,Partidas 01h à 02h - Dia Útil,Quilometragem 01h à 02h - Dia Útil,Partidas 02h à 03h - Dia Útil,Quilometragem 02h à 03h - Dia Útil,Partidas 03h à 04h - Dia Útil,Quilometragem 03h à 04h - Dia Útil,Partidas 04h à 05h - Dia Útil,Quilometragem 04h à 05h - Dia Útil,Partidas 05h à 06h - Dia Útil,Quilometragem 05h à 06h - Dia Útil,Partidas 06h à 09h - Dia Útil,Quilometragem 06h à 09h - Dia Útil,Partidas 09h à 12h - Dia Útil,Quilometragem 09h à 12h - Dia Útil,Partidas 12h à 15h - Dia Útil,Quilometragem 12h à 15h - Dia Útil,Partidas 15h à 18h - Dia Útil,Quilometragem 15h à 18h - Dia Útil,Partidas 18h à 21h - Dia Útil,Quilometragem 18h à 21h - Dia Útil,Partidas 21h à 22h - Dia Útil,Quilometragem 21h à 22h - Dia Útil,Partidas 22h à 23h - Dia Útil,Quilometragem 22h à 23h - Dia Útil,Partidas 23h à 24h - Dia Útil,Quilometragem 23h à 24h - Dia Útil,Partidas 00h à 01h - Sábado,Quilometragem 00h à 01h - Sábado,Partidas 01h à 02h - Sábado,Quilometragem 01h à 02h - Sábado,Partidas 02h à 03h - Sábado,Quilometragem 02h à 03h - Sábado,Partidas 03h à 04h - Sábado,Quilometragem 03h à 04h - Sábado,Partidas 04h à 05h - Sábado,Quilometragem 04h à 05h - Sábado,Partidas 05h à 06h - Sábado,Quilometragem 05h à 06h - Sábado,Partidas 06h à 09h - Sábado,Quilometragem 06h à 09h - Sábado,Partidas 09h à 12h - Sábado,Quilometragem 09h à 12h - Sábado,Partidas 12h à 15h - Sábado,Quilometragem 12h à 15h - Sábado,Partidas 15h à 18h - Sábado,Quilometragem 15h à 18h - Sábado,Partidas 18h à 21h - Sábado,Quilometragem 18h à 21h - Sábado,Partidas 21h à 22h - Sábado,Quilometragem 21h à 22h - Sábado,Partidas 22h à 23h - Sábado,Quilometragem 22h à 23h - Sábado,Partidas 23h à 24h - Sábado,Quilometragem 23h à 24h - Sábado,Partidas 00h à 01h - Domingo,Quilometragem 00h à 01h - Domingo,Partidas 01h à 02h - Domingo,Quilometragem 01h à 02h - Domingo,Partidas 02h à 03h - Domingo,Quilometragem 02h à 03h - Domingo,Partidas 03h à 04h - Domingo,Quilometragem 03h à 04h - Domingo,Partidas 04h à 05h - Domingo,Quilometragem 04h à 05h - Domingo,Partidas 05h à 06h - Domingo,Quilometragem 05h à 06h - Domingo,Partidas 06h à 09h - Domingo,Quilometragem 06h à 09h - Domingo,Partidas 09h à 12h - Domingo,Quilometragem 09h à 12h - Domingo,Partidas 12h à 15h - Domingo,Quilometragem 12h à 15h - Domingo,Partidas 15h à 18h - Domingo,Quilometragem 15h à 18h - Domingo,Partidas 18h à 21h - Domingo,Quilometragem 18h à 21h - Domingo,Partidas 21h à 22h - Domingo,Quilometragem 21h à 22h - Domingo,Partidas 22h à 23h - Domingo,Quilometragem 22h à 23h - Domingo,Partidas 23h à 24h - Domingo,Quilometragem 23h à 24h - Domingo,Partidas 00h à 01h - Ponto Facultativo,Quilometragem 00h à 01h - Ponto Facultativo,Partidas 01h à 02h - Ponto Facultativo,Quilometragem 01h à 02h - Ponto Facultativo,Partidas 02h à 03h - Ponto Facultativo,Quilometragem 02h à 03h - Ponto Facultativo,Partidas 03h à 04h - Ponto Facultativo,Quilometragem 03h à 04h - Ponto Facultativo,Partidas 04h à 05h - Ponto Facultativo,Quilometragem 04h à 05h - Ponto Facultativo,Partidas 05h à 06h - Ponto Facultativo,Quilometragem 05h à 06h - Ponto Facultativo,Partidas 06h à 09h - Ponto Facultativo,Quilometragem 06h à 09h - Ponto Facultativo,Partidas 09h à 12h - Ponto Facultativo,Quilometragem 09h à 12h - Ponto Facultativo,Partidas 12h à 15h - Ponto Facultativo,Quilometragem 12h à 15h - Ponto Facultativo,Partidas 15h à 18h - Ponto Facultativo,Quilometragem 15h à 18h - Ponto Facultativo,Partidas 18h à 21h - Ponto Facultativo,Quilometragem 18h à 21h - Ponto Facultativo,Partidas 21h à 22h - Ponto Facultativo,Quilometragem 21h à 22h - Ponto Facultativo,Partidas 22h à 23h - Ponto Facultativo,Quilometragem 22h à 23h - Ponto Facultativo,Partidas 23h à 24h - Ponto Facultativo,Quilometragem 23h à 24h - Ponto Facultativo
006,Silvestre - Castelo,Intersul,Ida,8.460,"0,000","0,000","0,000","0,000","0,000","0,000","0,000","0,000","0,000","0,000","1,000","8,460","6,000","50,760","6,000","50,760","6,000","50,760","6,000","50,760","5,000","42,300","0,000","0,000","0,000","0,000","0,000","0,000","0,000","0,000","0,000","0,000","0,000","0,000","0,000","0,000","0,000","0,000","0,000","0,000","5,000","42,300","4,000","33,840","5,000","42,300","0,000","0,000","0,000","0,000","0,000","0,000","0,000","0,000","0,000","0,000","0,000","0,000","0,000","0,000","0,000","0,000","0,000","0,000","0,000","0,000","0,000","0,000","0,000","0,000","0,000","0,000","0,000","0,000","0,000","0,000","0,000","0,000","0,000","0,000","0,000","0,000","0,000","0,000","0,000","0,000","0,000","0,000","0,000","0,000","0,000","0,000","0,000","0,000","1,000","8,460","4,000","33,840","4,000","33,840","4,000","33,840","4,000","33,840","3,000","25,380","0,000","0,000","0,000","0,000","0,000","0,000"
006,Silvestre - Castelo,Intersul,Volta,8.906,"0,000","0,000","0,000","0,000","0,000","0,000","0,000","0,000","0,000","0,000","0,000","0,000","6,000","53,436","6,000","53,436","6,000","53,436","6,000","53,436","6,000","53,436","0,000","0,000","0,000","0,000","0,000","0,000","0,000","0,000","0,000","0,000","0,000","0,000","0,000","0,000","0,000","0,000","0,000","0,000","4,000","35,624","4,000","35,624","5,000","44,530","1,000","8,906","0,000","0,000","0,000","0,000","0,000","0,000","0,000","0,000","0,000","0,000","0,000","0,000","0,000","0,000","0,000","0,000","0,000","0,000","0,000","0,000","0,000","0,000","0,000","0,000","0,000","0,000","0,000","0,000","0,000","0,000","0,000","0,000","0,000","0,000","0,000","0,000","0,000","0,000","0,000","0,000","0,000","0,000","0,000","0,000","0,000","0,000","0,000","0,000","4,000","35,624","4,000","35,624","4,000","35,624","4,000","35,624","4,000","35,624","0,000","0,000","0,000","0,000","0,000","0,000"
007,Silvestre - Central do Brasil,Intersul,Ida,8.603,"0,000","0,000","0,000","0,000","0,000","0,000","0,000","0,000","0,000","0,000","2,000","17,206","16,000","137,648","12,000","103,236","13,000","111,839","14,000","120,442","11,000","94,633","0,000","0,000","0,000","0,000","0,000","0,000","0,000","0,000","0,000","0,000","0,000","0,000","0,000","0,000","0,000","0,000","1,000","8,603","8,000","68,824","8,000","68,824","10,000","86,030","9,000","77,427","7,000","60,221","0,000","0,000","0,000","0,000","0,000","0,000","0,000","0,000","0,000","0,000","0,000","0,000","0,000","0,000","0,000","0,000","1,000","8,603","6,000","51,618","6,000","51,618","6,000","51,618","6,000","51,618","6,000","51,618","0,000","0,000","0,000","0,000","0,000","0,000","0,000","0,000","0,000","0,000","0,000","0,000","0,000","0,000","0,000","0,000","1,000","8,603","10,000","86,030","7,000","60,221","8,000","68,824","9,000","77,427","7,000","60,221","0,000","0,000","0,000","0,000","0,000","0,000"
007,Silvestre - Central do Brasil,Intersul,Volta,9.493,"0,000","0,000","0,000","0,000","0,000","0,000","0,000","0,000","0,000","0,000","4,000","37,972","19,000","180,367","14,000","132,902","13,000","123,409","17,000","161,381","13,000","123,409","3,000","28,479","0,000","0,000","0,000","0,000","0,000","0,000","0,000","0,000","0,000","0,000","0,000","0,000","0,000","0,000","3,000","28,479","10,000","94,930","9,000","85,437","12,000","113,916","10,000","94,930","9,000","85,437","1,000","9,493","0,000","0,000","0,000","0,000","0,000","0,000","0,000","0,000","0,000","0,000","0,000","0,000","0,000","0,000","2,000","18,986","6,000","56,958","6,000","56,958","6,000","56,958","6,000","56,958","7,000","66,451","1,000","9,493","0,000","0,000","0,000","0,000","0,000","0,000","0,000","0,000","0,000","0,000","0,000","0,000","0,000","0,000","2,000","18,986","12,000","113,916","9,000","85,437","8,000","75,944","11,000","104,423","8,000","75,944","2,000","18,986","0,000","0,000","0,000","0,000"
010,Bairro de Fátima - Central do Brasil,Intersul,Circular,12.723,"0,000","0,000","0,000","0,000","0,000","0,000","0,000","0,000","0,000","0,000","0,000","0,000","6,000","76,338","6,000","76,338","6,000","76,338","6,000","76,338","5,000","63,615","0,000","0,000","0,000","0,000","0,000","0,000","0,000","0,000","0,000","0,000","0,000","0,000","0,000","0,000","0,000","0,000","0,000","0,000","4,000","50,892","4,000","50,892","4,000","50,892","3,000","38,169","3,000","38,169","0,000","0,000","0,000","0,000","0,000","0,000","0,000","0,000","0,000","0,000","0,000","0,000","0,000","0,000","0,000","0,000","0,000","0,000","0,000","0,000","0,000","0,000","0,000","0,000","0,000","0,000","0,000","0,000","0,000","0,000","0,000","0,000","0,000","0,000","0,000","0,000","0,000","0,000","0,000","0,000","0,000","0,000","0,000","0,000","0,000","0,000","4,000","50,892","4,000","50,892","4,000","50,892","4,000","50,892","3,000","38,169","0,000","0,000","0,000","0,000","0,000","0,000"
014,Paula Matos - Central do Brasil,Intersul,Ida,7.838,"0,000","0,000","0,000","0,000","0,000","0,000","0,000","0,000","0,000","0,000","0,000","0,000","12,000","94,056","7,000","54,866","7,000","54,866","12,000","94,056","6,000","47,028","0,000","0,000","0,000","0,000","0,000","0,000","0,000","0,000","0,000","0,000","0,000","0,000","0,000","0,000","0,000","0,000","0,000","0,000","6,000","47,028","6,000","47,028","6,000","47,028","6,000","47,028","6,000","47,028","0,000","0,000","0,000","0,000","0,000","0,000","0,000","0,000","0,000","0,000","0,000","0,000","0,000","0,000","0,000","0,000","0,000","0,000","6,000","47,028","6,000","47,028","6,000","47,028","6,000","47,028","6,000","47,028","0,000","0,000","0,000","0,000","0,000","0,000","0,000","0,000","0,000","0,000","0,000","0,000","0,000","0,000","0,000","0,000","0,000","0,000","7,000","54,866","4,000","31,352","4,000","31,352","7,000","54,866","4,000","31,352","0,000","0,000","0,000","0,000","0,000","0,000"
014,Paula Matos - Central do Brasil,Intersul,Volta,6.475,"0,000","0,000","0,000","0,000","0,000","0,000","0,000","0,000","0,000","0,000","0,000","0,000","12,000","77,700","7,000","45,325","7,000","45,325","12,000","77,700","7,000","45,325","2,000","12,950","0,000","0,000","0,000","0,000","0,000","0,000","0,000","0,000","0,000","0,000","0,000","0,000","0,000","0,000","0,000","0,000","6,000","38,850","6,000","38,850","6,000","38,850","6,000","38,850","6,000","38,850","1,000","6,475","0,000","0,000","0,000","0,000","0,000","0,000","0,000","0,000","0,000","0,000","0,000","0,000","0,000","0,000","0,000","0,000","6,000","38,850","6,000","38,850","6,000","38,850","6,000","38,850","6,000","38,850","1,000","6,475","0,000","0,000","0,000","0,000","0,000","0,000","0,000","0,000","0,000","0,000","0,000","0,000","0,000","0,000","0,000","0,000","7,000","45,325","4,000","25,900","4,000","25,900","7,000","45,325","4,000","25,900","1,000","6,475","0,000","0,000","0,000","0,000"
100,General Osório - Central,Intersul,Ida,15.433,"0,000","0,000","0,000","0,000","0,000","0,000","0,000","0,000","1,000","15,433","6,000","92,598","26,000","401,258","16,000","246,928","20,000","308,660","25,000","385,825","12,000","185,196","2,000","30,866","1,000","15,433","0,000","0,000","0,000","0,000","0,000","0,000","0,000","0,000","0,000","0,000","1,000","15,433","5,000","77,165","15,000","231,495","9,000","138,897","11,000","169,763","12,000","185,196","9,000","138,897","1,000","15,433","1,000","15,433","0,000","0,000","0,000","0,000","0,000","0,000","0,000","0,000","0,000","0,000","1,000","15,433","5,000","77,165","13,000","200,629","8,000","123,464","8,000","123,464","8,000","123,464","6,000","92,598","2,000","30,866","0,000","0,000","0,000","0,000","0,000","0,000","0,000","0,000","0,000","0,000","0,000","0,000","1,000","15,433","4,000","61,732","16,000","246,928","10,000","154,330","12,000","185,196","16,000","246,928","7,000","108,031","1,000","15,433","1,000","15,433","0,000","0,000"
100,General Osório - Central,Intersul,Volta,14.737,"0,000","0,000","0,000","0,000","0,000","0,000","0,000","0,000","4,000","58,948","10,000","147,370","32,000","471,584","17,000","250,529","16,000","235,792","20,000","294,740","10,000","147,370","1,000","14,737","0,000","0,000","0,000","0,000","0,000","0,000","0,000","0,000","0,000","0,000","0,000","0,000","3,000","44,211","6,000","88,422","18,000","265,266","11,000","162,107","11,000","162,107","10,000","147,370","7,000","103,159","1,000","14,737","0,000","0,000","0,000","0,000","0,000","0,000","0,000","0,000","0,000","0,000","0,000","0,000","2,000","29,474","6,000","88,422","16,000","235,792","9,000","132,633","7,000","103,159","6,000","88,422","6,000","88,422","1,000","14,737","0,000","0,000","0,000","0,000","0,000","0,000","0,000","0,000","0,000","0,000","0,000","0,000","2,000","29,474","6,000","88,422","20,000","294,740","11,000","162,107","10,000","147,370","12,000","176,844","6,000","88,422","1,000","14,737","0,000","0,000","0,000","0,000"
104,São Conrado - Terminal Gentileza,Intersul,Ida,26.842,"0,000","0,000","0,000","0,000","0,000","0,000","0,000","0,000","0,000","0,000","1,000","26,842","14,000","375,788","10,000","268,420","13,000","348,946","17,000","456,314","9,000","241,578","2,000","53,684","1,000","26,842","0,000","0,000","0,000","0,000","0,000","0,000","0,000","0,000","0,000","0,000","0,000","0,000","1,000","26,842","6,000","161,052","7,000","187,894","8,000","214,736","8,000","214,736","5,000","134,210","1,000","26,842","2,000","53,684","0,000","0,000","0,000","0,000","0,000","0,000","0,000","0,000","0,000","0,000","0,000","0,000","1,000","26,842","6,000","161,052","6,000","161,052","6,000","161,052","6,000","161,052","6,000","161,052","1,000","26,842","2,000","53,684","0,000","0,000","0,000","0,000","0,000","0,000","0,000","0,000","0,000","0,000","0,000","0,000","1,000","26,842","9,000","241,578","6,000","161,052","8,000","214,736","11,000","295,262","6,000","161,052","1,000","26,842","1,000","26,842","0,000","0,000"
104,São Conrado - Terminal Gentileza,Intersul,Volta,26.286,"0,000","0,000","0,000","0,000","0,000","0,000","0,000","0,000","2,000","52,572","3,000","78,858","17,000","446,862","10,000","262,860","12,000","315,432","14,000","368,004","7,000","184,002","1,000","26,286","0,000","0,000","0,000","0,000","0,000","0,000","0,000","0,000","0,000","0,000","0,000","0,000","2,000","52,572","2,000","52,572","8,000","210,288","6,000","157,716","6,000","157,716","6,000","157,716","6,000","157,716","1,000","26,286","0,000","0,000","0,000","0,000","0,000","0,000","0,000","0,000","0,000","0,000","0,000","0,000","2,000","52,572","2,000","52,572","7,000","184,002","6,000","157,716","6,000","157,716","6,000","157,716","6,000","157,716","1,000","26,286","0,000","0,000","0,000","0,000","0,000","0,000","0,000","0,000","0,000","0,000","0,000","0,000","1,000","26,286","2,000","52,572","11,000","289,146","6,000","157,716","7,000","184,002","9,000","236,574","4,000","105,144","1,000","26,286","0,000","0,000","0,000","0,000"
107,Central - Urca,Intersul,Ida,12.536,"0,000","0,000","0,000","0,000","0,000","0,000","0,000","0,000","1,000","12,536","5,000","62,680","17,000","213,112","8,000","100,288","9,000","112,824","12,000","150,432","6,000","75,216","1,000","12,536","1,000","12,536","0,000","0,000","0,000","0,000","0,000","0,000","0,000","0,000","0,000","0,000","1,000","12,536","2,000","25,072","10,000","125,360","6,000","75,216","6,000","75,216","6,000","75,216","6,000","75,216","1,000","12,536","1,000","12,536","0,000","0,000","0,000","0,000","0,000","0,000","0,000","0,000","0,000","0,000","1,000","12,536","2,000","25,072","8,000","100,288","6,000","75,216","6,000","75,216","6,000","75,216","6,000","75,216","1,000","12,536","1,000","12,536","0,000","0,000","0,000","0,000","0,000","0,000","0,000","0,000","0,000","0,000","1,000","12,536","3,000","37,608","11,000","137,896","5,000","62,680","6,000","75,216","7,000","87,752","4,000","50,144","1,000","12,536","1,000","12,536","0,000","0,000"
107,Central - Urca,Intersul,Volta,12.173,"0,000","0,000","0,000","0,000","0,000","0,000","0,000","0,000","0,000","0,000","3,000","36,519","15,000","182,595","10,000","121,730","11,000","133,903","13,000","158,249","7,000","85,211","2,000","24,346","1,000","12,173","1,000","12,173","0,000","0,000","0,000","0,000","0,000","0,000","0,000","0,000","0,000","0,000","2,000","24,346","8,000","97,384","7,000","85,211","6,000","73,038","6,000","73,038","6,000","73,038","2,000","24,346","1,000","12,173","1,000","12,173","0,000","0,000","0,000","0,000","0,000","0,000","0,000","0,000","0,000","0,000","1,000","12,173","7,000","85,211","6,000","73,038","6,000","73,038","6,000","73,038","6,000","73,038","2,000","24,346","1,000","12,173","1,000","12,173","0,000","0,000","0,000","0,000","0,000","0,000","0,000","0,000","0,000","0,000","2,000","24,346","9,000","109,557","6,000","73,038","7,000","85,211","8,000","97,384","4,000","48,692","1,000","12,173","1,000","12,173","1,000","12,173"
109,São Conrado - Terminal Gentileza,Intersul,Ida,25.147,"0,000","0,000","0,000","0,000","0,000","0,000","0,000","0,000","1,000","25,147","2,000","50,294","17,000","427,499","9,000","226,323","13,000","326,911","19,000","477,793","9,000","226,323","2,000","50,294","2,000","50,294","1,000","25,147","0,000","0,000","0,000","0,000","0,000","0,000","0,000","0,000","0,000","0,000","1,000","25,147","7,000","176,029","6,000","150,882","6,000","150,882","6,000","150,882","6,000","150,882","2,000","50,294","2,000","50,294","1,000","25,147","0,000","0,000","0,000","0,000","0,000","0,000","0,000","0,000","0,000","0,000","1,000","25,147","6,000","150,882","6,000","150,882","6,000","150,882","6,000","150,882","6,000","150,882","1,000","25,147","1,000","25,147","1,000","25,147","0,000","0,000","0,000","0,000","0,000","0,000","0,000","0,000","1,000","25,147","1,000","25,147","11,000","276,617","6,000","150,882","8,000","201,176","12,000","301,764","6,000","150,882","1,000","25,147","1,000","25,147","1,000","25,147"
109,São Conrado - Terminal Gentileza,Intersul,Volta,21.976,"0,000","0,000","0,000","0,000","0,000","0,000","0,000","0,000","1,000","21,976","4,000","87,904","21,000","461,496","10,000","219,760","11,000","241,736","16,000","351,616","7,000","153,832","1,000","21,976","1,000","21,976","0,000","0,000","0,000","0,000","0,000","0,000","0,000","0,000","0,000","0,000","1,000","21,976","3,000","65,928","9,000","197,784","6,000","131,856","6,000","131,856","6,000","131,856","6,000","131,856","1,000","21,976","1,000","21,976","0,000","0,000","0,000","0,000","0,000","0,000","0,000","0,000","0,000","0,000","1,000","21,976","3,000","65,928","7,000","153,832","6,000","131,856","6,000","131,856","6,000","131,856","6,000","131,856","1,000","21,976","1,000","21,976","0,000","0,000","0,000","0,000","0,000","0,000","0,000","0,000","0,000","0,000","1,000","21,976","2,000","43,952","13,000","285,688","6,000","131,856","7,000","153,832","10,000","219,760","4,000","87,904","1,000","21,976","1,000","21,976","0,000","0,000"
117,Central - Cosme Velho,Intersul,Ida,6.373,"0,000","0,000","0,000","0,000","0,000","0,000","0,000","0,000","2,000","12,746","7,000","44,611","36,000","229,428","12,000","76,476","12,000","76,476","19,000","121,087","12,000","76,476","1,000","6,373","1,000","6,373","0,000","0,000","0,000","0,000","0,000","0,000","0,000","0,000","0,000","0,000","1,000","6,373","4,000","25,492","15,000","95,595","7,000","44,611","6,000","38,238","8,000","50,984","8,000","50,984","1,000","6,373","0,000","0,000","0,000","0,000","0,000","0,000","0,000","0,000","0,000","0,000","0,000","0,000","0,000","0,000","3,000","19,119","9,000","57,357","6,000","38,238","6,000","38,238","6,000","38,238","6,000","38,238","1,000","6,373","0,000","0,000","0,000","0,000","0,000","0,000","0,000","0,000","0,000","0,000","0,000","0,000","1,000","6,373","4,000","25,492","22,000","140,206","7,000","44,611","7,000","44,611","12,000","76,476","7,000","44,611","1,000","6,373","1,000","6,373","0,000","0,000"
117,Central - Cosme Velho,Intersul,Volta,6.994,"0,000","0,000","0,000","0,000","0,000","0,000","0,000","0,000","1,000","6,994","6,000","41,964","29,000","202,826","10,000","69,940","14,000","97,916","23,000","160,862","14,000","97,916","2,000","13,988","1,000","6,994","1,000","6,994","0,000","0,000","0,000","0,000","0,000","0,000","0,000","0,000","0,000","0,000","4,000","27,976","12,000","83,928","6,000","41,964","7,000","48,958","9,000","62,946","9,000","62,946","1,000","6,994","1,000","6,994","0,000","0,000","0,000","0,000","0,000","0,000","0,000","0,000","0,000","0,000","0,000","0,000","1,000","6,994","7,000","48,958","6,000","41,964","6,000","41,964","6,000","41,964","8,000","55,952","1,000","6,994","1,000","6,994","0,000","0,000","0,000","0,000","0,000","0,000","0,000","0,000","0,000","0,000","1,000","6,994","4,000","27,976","18,000","125,892","6,000","41,964","9,000","62,946","14,000","97,916","9,000","62,946","1,000","6,994","1,000","6,994","1,000","6,994"
133,Largo do Machado - Terminal Gentileza,Intersul,Ida,9.386,"0,000","0,000","0,000","0,000","0,000","0,000","0,000","0,000","0,000","0,000","5,000","46,930","24,000","225,264","14,000","131,404","16,000","150,176","29,000","272,194","17,000","159,562","4,000","37,544","3,000","28,158","0,000","0,000","0,000","0,000","0,000","0,000","0,000","0,000","0,000","0,000","0,000","0,000","1,000","9,386","11,000","103,246","9,000","84,474","11,000","103,246","13,000","122,018","9,000","84,474","2,000","18,772","3,000","28,158","0,000","0,000","0,000","0,000","0,000","0,000","0,000","0,000","0,000","0,000","0,000","0,000","1,000","9,386","6,000","56,316","7,000","65,702","8,000","75,088","8,000","75,088","8,000","75,088","2,000","18,772","2,000","18,772","0,000","0,000","0,000","0,000","0,000","0,000","0,000","0,000","0,000","0,000","0,000","0,000","3,000","28,158","15,000","140,790","9,000","84,474","10,000","93,860","18,000","168,948","11,000","103,246","2,000","18,772","2,000","18,772","0,000","0,000"
133,Largo do Machado - Terminal Gentileza,Intersul,Volta,11.665,"0,000","0,000","0,000","0,000","0,000","0,000","0,000","0,000","0,000","0,000","7,000","81,655","29,000","338,285","17,000","198,305","16,000","186,640","24,000","279,960","14,000","163,310","2,000","23,330","1,000","11,665","0,000","0,000","0,000","0,000","0,000","0,000","0,000","0,000","0,000","0,000","0,000","0,000","3,000","34,995","13,000","151,645","10,000","116,650","10,000","116,650","11,000","128,315","9,000","104,985","1,000","11,665","1,000","11,665","0,000","0,000","0,000","0,000","0,000","0,000","0,000","0,000","0,000","0,000","0,000","0,000","1,000","11,665","8,000","93,320","9,000","104,985","7,000","81,655","7,000","81,655","7,000","81,655","1,000","11,665","1,000","11,665","0,000","0,000","0,000","0,000","0,000","0,000","0,000","0,000","0,000","0,000","0,000","0,000","4,000","46,660","18,000","209,970","11,000","128,315","10,000","116,650","15,000","174,975","9,000","104,985","1,000","11,665","1,000","11,665","0,000","0,000"
157,Gávea - Rodoviária,Intersul,Ida,24.358,"0,000","0,000","0,000","0,000","0,000","0,000","0,000","0,000","0,000","0,000","0,000","0,000","12,000","292,296","6,000","146,148","6,000","146,148","12,000","292,296","7,000","170,506","1,000","24,358","1,000","24,358","1,000","24,358","0,000","0,000","0,000","0,000","0,000","0,000","0,000","0,000","0,000","0,000","0,000","0,000","6,000","146,148","6,000","146,148","6,000","146,148","6,000","146,148","6,000","146,148","1,000","24,358","1,000","24,358","0,000","0,000","0,000","0,000","0,000","0,000","0,000","0,000","0,000","0,000","0,000","0,000","0,000","0,000","6,000","146,148","6,000","146,148","6,000","146,148","6,000","146,148","6,000","146,148","1,000","24,358","1,000","24,358","0,000","0,000","0,000","0,000","0,000","0,000","0,000","0,000","0,000","0,000","0,000","0,000","0,000","0,000","7,000","170,506","4,000","97,432","4,000","97,432","7,000","170,506","4,000","97,432","1,000","24,358","1,000","24,358","1,000","24,358"
157,Gávea - Rodoviária,Intersul,Volta,22.395,"0,000","0,000","0,000","0,000","0,000","0,000","0,000","0,000","0,000","0,000","2,000","44,790","12,000","268,740","6,000","134,370","6,000","134,370","12,000","268,740","6,000","134,370","1,000","22,395","1,000","22,395","0,000","0,000","0,000","0,000","0,000","0,000","0,000","0,000","0,000","0,000","0,000","0,000","0,000","0,000","6,000","134,370","6,000","134,370","6,000","134,370","6,000","134,370","6,000","134,370","1,000","22,395","0,000","0,000","0,000","0,000","0,000","0,000","0,000","0,000","0,000","0,000","0,000","0,000","0,000","0,000","0,000","0,000","6,000","134,370","6,000","134,370","6,000","134,370","6,000","134,370","6,000","134,370","1,000","22,395","0,000","0,000","0,000","0,000","0,000","0,000","0,000","0,000","0,000","0,000","0,000","0,000","0,000","0,000","1,000","22,395","7,000","156,765","4,000","89,580","4,000","89,580","7,000","156,765","4,000","89,580","1,000","22,395","1,000","22,395","0,000","0,000"
160,Terminal Gentileza - Leblon,Intersul,Circular,24.049,"0,000","0,000","0,000","0,000","0,000","0,000","0,000","0,000","5,000","120,245","11,000","264,539","29,000","697,421","10,000","240,490","13,000","312,637","20,000","480,980","10,000","240,490","2,000","48,098","1,000","24,049","0,000","0,000","0,000","0,000","0,000","0,000","0,000","0,000","0,000","0,000","3,000","72,147","5,000","120,245","18,000","432,882","8,000","192,392","9,000","216,441","11,000","264,539","8,000","192,392","1,000","24,049","1,000","24,049","0,000","0,000","0,000","0,000","0,000","0,000","0,000","0,000","0,000","0,000","1,000","24,049","6,000","144,294","13,000","312,637","6,000","144,294","6,000","144,294","8,000","192,392","7,000","168,343","1,000","24,049","1,000","24,049","0,000","0,000","0,000","0,000","0,000","0,000","0,000","0,000","0,000","0,000","3,000","72,147","7,000","168,343","18,000","432,882","6,000","144,294","8,000","192,392","12,000","288,588","6,000","144,294","1,000","24,049","1,000","24,049","0,000","0,000"
161,Terminal Gentileza - Ipanema,Intersul,Circular,26.583,"0,000","0,000","0,000","0,000","0,000","0,000","0,000","0,000","2,000","53,166","9,000","239,247","29,000","770,907","10,000","265,830","11,000","292,413","17,000","451,911","10,000","265,830","2,000","53,166","1,000","26,583","0,000","0,000","0,000","0,000","0,000","0,000","0,000","0,000","0,000","0,000","1,000","26,583","6,000","159,498","17,000","451,911","10,000","265,830","9,000","239,247","9,000","239,247","8,000","212,664","1,000","26,583","1,000","26,583","0,000","0,000","0,000","0,000","0,000","0,000","0,000","0,000","0,000","0,000","0,000","0,000","5,000","132,915","13,000","345,579","6,000","159,498","6,000","159,498","6,000","159,498","7,000","186,081","1,000","26,583","1,000","26,583","0,000","0,000","0,000","0,000","0,000","0,000","0,000","0,000","0,000","0,000","1,000","26,583","6,000","159,498","18,000","478,494","6,000","159,498","7,000","186,081","11,000","292,413","6,000","159,498","1,000","26,583","1,000","26,583","0,000","0,000"
162,Terminal Gentileza - Alto Gávea,Intersul,Ida,12.388,"0,000","0,000","0,000","0,000","0,000","0,000","0,000","0,000","3,000","37,164","10,000","123,880","30,000","371,640","12,000","148,656","12,000","148,656","19,000","235,372","12,000","148,656","1,000","12,388","1,000","12,388","0,000","0,000","0,000","0,000","0,000","0,000","0,000","0,000","0,000","0,000","1,000","12,388","4,000","49,552","12,000","148,656","6,000","74,328","6,000","74,328","6,000","74,328","6,000","74,328","1,000","12,388","1,000","12,388","0,000","0,000","0,000","0,000","0,000","0,000","0,000","0,000","0,000","0,000","1,000","12,388","3,000","37,164","7,000","86,716","6,000","74,328","6,000","74,328","6,000","74,328","6,000","74,328","1,000","12,388","1,000","12,388","0,000","0,000","0,000","0,000","0,000","0,000","0,000","0,000","0,000","0,000","2,000","24,776","6,000","74,328","19,000","235,372","7,000","86,716","7,000","86,716","12,000","148,656","7,000","86,716","1,000","12,388","1,000","12,388","0,000","0,000"
162,Terminal Gentileza - Alto Gávea,Intersul,Volta,14.570,"0,000","0,000","0,000","0,000","0,000","0,000","0,000","0,000","0,000","0,000","6,000","87,420","30,000","437,100","12,000","174,840","12,000","174,840","19,000","276,830","12,000","174,840","2,000","29,140","2,000","29,140","1,000","14,570","0,000","0,000","0,000","0,000","0,000","0,000","0,000","0,000","0,000","0,000","4,000","58,280","12,000","174,840","6,000","87,420","6,000","87,420","6,000","87,420","7,000","101,990","1,000","14,570","1,000","14,570","1,000","14,570","0,000","0,000","0,000","0,000","0,000","0,000","0,000","0,000","0,000","0,000","3,000","43,710","6,000","87,420","6,000","87,420","6,000","87,420","6,000","87,420","6,000","87,420","1,000","14,570","1,000","14,570","1,000","14,570","0,000","0,000","0,000","0,000","0,000","0,000","0,000","0,000","0,000","0,000","4,000","58,280","19,000","276,830","7,000","101,990","7,000","101,990","12,000","174,840","7,000","101,990","1,000","14,570","1,000","14,570","1,000","14,570"
165,Terminal Gentileza - Cosme Velho,Intersul,Ida,8.060,"0,000","0,000","0,000","0,000","0,000","0,000","0,000","0,000","2,000","16,120","4,000","32,240","22,000","177,320","7,000","56,420","8,000","64,480","16,000","128,960","12,000","96,720","1,000","8,060","0,000","0,000","0,000","0,000","0,000","0,000","0,000","0,000","0,000","0,000","0,000","0,000","1,000","8,060","2,000","16,120","10,000","80,600","6,000","48,360","6,000","48,360","6,000","48,360","6,000","48,360","1,000","8,060","0,000","0,000","0,000","0,000","0,000","0,000","0,000","0,000","0,000","0,000","0,000","0,000","0,000","0,000","1,000","8,060","6,000","48,360","6,000","48,360","6,000","48,360","6,000","48,360","6,000","48,360","1,000","8,060","0,000","0,000","0,000","0,000","0,000","0,000","0,000","0,000","0,000","0,000","0,000","0,000","1,000","8,060","2,000","16,120","14,000","112,840","4,000","32,240","5,000","40,300","10,000","80,600","7,000","56,420","1,000","8,060","0,000","0,000","0,000","0,000"
165,Terminal Gentileza - Cosme Velho,Intersul,Volta,8.657,"0,000","0,000","0,000","0,000","0,000","0,000","0,000","0,000","0,000","0,000","4,000","34,628","18,000","155,826","6,000","51,942","9,000","77,913","19,000","164,483","14,000","121,198","2,000","17,314","2,000","17,314","0,000","0,000","0,000","0,000","0,000","0,000","0,000","0,000","0,000","0,000","0,000","0,000","1,000","8,657","8,000","69,256","6,000","51,942","6,000","51,942","6,000","51,942","8,000","69,256","1,000","8,657","1,000","8,657","0,000","0,000","0,000","0,000","0,000","0,000","0,000","0,000","0,000","0,000","0,000","0,000","1,000","8,657","6,000","51,942","6,000","51,942","6,000","51,942","6,000","51,942","6,000","51,942","1,000","8,657","1,000","8,657","0,000","0,000","0,000","0,000","0,000","0,000","0,000","0,000","0,000","0,000","0,000","0,000","2,000","17,314","11,000","95,227","4,000","34,628","6,000","51,942","12,000","103,884","9,000","77,913","1,000","8,657","1,000","8,657","0,000","0,000"
167,Terminal Gentileza - Urca,Intersul,Ida,15.468,"0,000","0,000","0,000","0,000","0,000","0,000","0,000","0,000","1,000","15,468","6,000","92,808","37,000","572,316","16,000","247,488","10,000","154,680","12,000","185,616","6,000","92,808","1,000","15,468","1,000","15,468","0,000","0,000","0,000","0,000","0,000","0,000","0,000","0,000","0,000","0,000","1,000","15,468","1,000","15,468","11,000","170,148","7,000","108,276","6,000","92,808","6,000","92,808","6,000","92,808","1,000","15,468","1,000","15,468","0,000","0,000","0,000","0,000","0,000","0,000","0,000","0,000","0,000","0,000","0,000","0,000","1,000","15,468","8,000","123,744","6,000","92,808","6,000","92,808","6,000","92,808","6,000","92,808","1,000","15,468","0,000","0,000","0,000","0,000","0,000","0,000","0,000","0,000","0,000","0,000","0,000","0,000","1,000","15,468","4,000","61,872","23,000","355,764","10,000","154,680","6,000","92,808","7,000","108,276","4,000","61,872","1,000","15,468","1,000","15,468","0,000","0,000"
167,Terminal Gentileza - Urca,Intersul,Volta,16.566,"0,000","0,000","0,000","0,000","0,000","0,000","0,000","0,000","0,000","0,000","4,000","66,264","30,000","496,980","20,000","331,320","11,000","182,226","15,000","248,490","7,000","115,962","1,000","16,566","1,000","16,566","1,000","16,566","0,000","0,000","0,000","0,000","0,000","0,000","0,000","0,000","0,000","0,000","2,000","33,132","9,000","149,094","8,000","132,528","6,000","99,396","6,000","99,396","6,000","99,396","2,000","33,132","1,000","16,566","1,000","16,566","0,000","0,000","0,000","0,000","0,000","0,000","0,000","0,000","0,000","0,000","0,000","0,000","6,000","99,396","6,000","99,396","6,000","99,396","6,000","99,396","6,000","99,396","2,000","33,132","1,000","16,566","0,000","0,000","0,000","0,000","0,000","0,000","0,000","0,000","0,000","0,000","0,000","0,000","2,000","33,132","19,000","314,754","12,000","198,792","7,000","115,962","9,000","149,094","4,000","66,264","1,000","16,566","1,000","16,566","1,000","16,566"
169,Terminal Gentileza - General Osório,Intersul,Ida,17.814,"0,000","0,000","0,000","0,000","0,000","0,000","0,000","0,000","2,000","35,628","8,000","142,512","36,000","641,304","16,000","285,024","14,000","249,396","13,000","231,582","8,000","142,512","1,000","17,814","1,000","17,814","0,000","0,000","0,000","0,000","0,000","0,000","0,000","0,000","0,000","0,000","1,000","17,814","4,000","71,256","16,000","285,024","10,000","178,140","10,000","178,140","7,000","124,698","7,000","124,698","1,000","17,814","1,000","17,814","0,000","0,000","0,000","0,000","0,000","0,000","0,000","0,000","0,000","0,000","0,000","0,000","3,000","53,442","11,000","195,954","6,000","106,884","7,000","124,698","6,000","106,884","6,000","106,884","1,000","17,814","1,000","17,814","0,000","0,000","0,000","0,000","0,000","0,000","0,000","0,000","0,000","0,000","1,000","17,814","5,000","89,070","22,000","391,908","10,000","178,140","9,000","160,326","8,000","142,512","5,000","89,070","1,000","17,814","1,000","17,814","0,000","0,000"
169,Terminal Gentileza - General Osório,Intersul,Volta,19.291,"0,000","0,000","0,000","0,000","0,000","0,000","0,000","0,000","0,000","0,000","5,000","96,455","29,000","559,439","13,000","250,783","12,000","231,492","15,000","289,365","10,000","192,910","2,000","38,582","2,000","38,582","1,000","19,291","0,000","0,000","0,000","0,000","0,000","0,000","0,000","0,000","0,000","0,000","3,000","57,873","13,000","250,783","8,000","154,328","8,000","154,328","7,000","135,037","6,000","115,746","2,000","38,582","2,000","38,582","1,000","19,291","0,000","0,000","0,000","0,000","0,000","0,000","0,000","0,000","0,000","0,000","1,000","19,291","9,000","173,619","6,000","115,746","6,000","115,746","6,000","115,746","6,000","115,746","1,000","19,291","1,000","19,291","0,000","0,000","0,000","0,000","0,000","0,000","0,000","0,000","0,000","0,000","0,000","0,000","3,000","57,873","18,000","347,238","8,000","154,328","7,000","135,037","9,000","173,619","6,000","115,746","1,000","19,291","1,000","19,291","1,000","19,291"
201,Santa Alexandrina - Castelo,Intersul,Ida,6.705,"0,000","0,000","0,000","0,000","0,000","0,000","0,000","0,000","0,000","0,000","1,000","6,705","12,000","80,460","6,000","40,230","7,000","46,935","12,000","80,460","6,000","40,230","1,000","6,705","1,000","6,705","0,000","0,000","0,000","0,000","0,000","0,000","0,000","0,000","0,000","0,000","0,000","0,000","0,000","0,000","6,000","40,230","6,000","40,230","6,000","40,230","6,000","40,230","6,000","40,230","1,000","6,705","0,000","0,000","0,000","0,000","0,000","0,000","0,000","0,000","0,000","0,000","0,000","0,000","0,000","0,000","0,000","0,000","6,000","40,230","6,000","40,230","6,000","40,230","6,000","40,230","5,000","33,525","1,000","6,705","0,000","0,000","0,000","0,000","0,000","0,000","0,000","0,000","0,000","0,000","0,000","0,000","0,000","0,000","1,000","6,705","7,000","46,935","4,000","26,820","4,000","26,820","7,000","46,935","4,000","26,820","1,000","6,705","1,000","6,705","0,000","0,000"
201,Santa Alexandrina - Castelo,Intersul,Volta,8.732,"0,000","0,000","0,000","0,000","0,000","0,000","0,000","0,000","0,000","0,000","1,000","8,732","12,000","104,784","6,000","52,392","6,000","52,392","12,000","104,784","7,000","61,124","1,000","8,732","1,000","8,732","0,000","0,000","0,000","0,000","0,000","0,000","0,000","0,000","0,000","0,000","0,000","0,000","0,000","0,000","6,000","52,392","6,000","52,392","6,000","52,392","6,000","52,392","5,000","43,660","1,000","8,732","0,000","0,000","0,000","0,000","0,000","0,000","0,000","0,000","0,000","0,000","0,000","0,000","0,000","0,000","0,000","0,000","4,000","34,928","6,000","52,392","6,000","52,392","6,000","52,392","5,000","43,660","0,000","0,000","0,000","0,000","0,000","0,000","0,000","0,000","0,000","0,000","0,000","0,000","0,000","0,000","0,000","0,000","1,000","8,732","7,000","61,124","4,000","34,928","4,000","34,928","7,000","61,124","4,000","34,928","1,000","8,732","1,000","8,732","0,000","0,000"
202,Rio Comprido - Castelo,Intersul,Ida,8.863,"0,000","0,000","0,000","0,000","0,000","0,000","0,000","0,000","4,000","35,452","8,000","70,904","39,000","345,657","24,000","212,712","23,000","203,849","27,000","239,301","16,000","141,808","2,000","17,726","1,000","8,863","0,000","0,000","0,000","0,000","0,000","0,000","0,000","0,000","0,000","0,000","2,000","17,726","3,000","26,589","20,000","177,260","22,000","194,986","13,000","115,219","11,000","97,493","9,000","79,767","1,000","8,863","0,000","0,000","0,000","0,000","0,000","0,000","0,000","0,000","0,000","0,000","0,000","0,000","0,000","0,000","3,000","26,589","10,000","88,630","10,000","88,630","8,000","70,904","6,000","53,178","8,000","70,904","1,000","8,863","0,000","0,000","0,000","0,000","0,000","0,000","0,000","0,000","0,000","0,000","0,000","0,000","2,000","17,726","5,000","44,315","24,000","212,712","15,000","132,945","14,000","124,082","17,000","150,671","10,000","88,630","1,000","8,863","1,000","8,863","0,000","0,000"
202,Rio Comprido - Castelo,Intersul,Volta,10.405,"0,000","0,000","0,000","0,000","0,000","0,000","0,000","0,000","1,000","10,405","7,000","72,835","31,000","322,555","20,000","208,100","22,000","228,910","32,000","332,960","20,000","208,100","3,000","31,215","2,000","20,810","1,000","10,405","0,000","0,000","0,000","0,000","0,000","0,000","0,000","0,000","1,000","10,405","2,000","20,810","16,000","166,480","18,000","187,290","13,000","135,265","10,000","104,050","8,000","83,240","2,000","20,810","1,000","10,405","0,000","0,000","0,000","0,000","0,000","0,000","0,000","0,000","0,000","0,000","0,000","0,000","1,000","10,405","8,000","83,240","8,000","83,240","6,000","62,430","6,000","62,430","7,000","72,835","1,000","10,405","1,000","10,405","0,000","0,000","0,000","0,000","0,000","0,000","0,000","0,000","0,000","0,000","1,000","10,405","4,000","41,620","19,000","197,695","12,000","124,860","14,000","145,670","20,000","208,100","12,000","124,860","2,000","20,810","1,000","10,405","1,000","10,405"
209,Candelária - Caju,Intersul,Ida,19.071,"0,000","0,000","0,000","0,000","0,000","0,000","0,000","0,000","0,000","0,000","2,000","38,142","12,000","228,852","6,000","114,426","7,000","133,497","12,000","228,852","7,000","133,497","1,000","19,071","0,000","0,000","0,000","0,000","0,000","0,000","0,000","0,000","0,000","0,000","0,000","0,000","0,000","0,000","1,000","19,071","6,000","114,426","6,000","114,426","6,000","114,426","6,000","114,426","6,000","114,426","1,000","19,071","0,000","0,000","0,000","0,000","0,000","0,000","0,000","0,000","0,000","0,000","0,000","0,000","0,000","0,000","1,000","19,071","6,000","114,426","6,000","114,426","6,000","114,426","6,000","114,426","6,000","114,426","1,000","19,071","0,000","0,000","0,000","0,000","0,000","0,000","0,000","0,000","0,000","0,000","0,000","0,000","0,000","0,000","1,000","19,071","7,000","133,497","4,000","76,284","4,000","76,284","7,000","133,497","4,000","76,284","1,000","19,071","0,000","0,000","0,000","0,000"
209,Candelária - Caju,Intersul,Volta,14.186,"0,000","0,000","0,000","0,000","0,000","0,000","0,000","0,000","1,000","14,186","2,000","28,372","13,000","184,418","7,000","99,302","7,000","99,302","12,000","170,232","6,000","85,116","0,000","0,000","0,000","0,000","0,000","0,000","0,000","0,000","0,000","0,000","0,000","0,000","0,000","0,000","1,000","14,186","1,000","14,186","6,000","85,116","6,000","85,116","6,000","85,116","6,000","85,116","6,000","85,116","0,000","0,000","0,000","0,000","0,000","0,000","0,000","0,000","0,000","0,000","0,000","0,000","0,000","0,000","1,000","14,186","1,000","14,186","6,000","85,116","6,000","85,116","6,000","85,116","6,000","85,116","6,000","85,116","0,000","0,000","0,000","0,000","0,000","0,000","0,000","0,000","0,000","0,000","0,000","0,000","0,000","0,000","1,000","14,186","1,000","14,186","8,000","113,488","4,000","56,744","4,000","56,744","7,000","99,302","4,000","56,744","0,000","0,000","0,000","0,000","0,000","0,000"
210,Caju - Candelária,Intersul,Ida,11.447,"0,000","0,000","0,000","0,000","0,000","0,000","0,000","0,000","2,000","22,894","2,000","22,894","7,000","80,129","4,000","45,788","4,000","45,788","4,000","45,788","3,000","34,341","1,000","11,447","1,000","11,447","0,000","0,000","0,000","0,000","0,000","0,000","0,000","0,000","0,000","0,000","0,000","0,000","2,000","22,894","4,000","45,788","4,000","45,788","1,000","11,447","0,000","0,000","0,000","0,000","0,000","0,000","0,000","0,000","0,000","0,000","0,000","0,000","0,000","0,000","0,000","0,000","0,000","0,000","0,000","0,000","0,000","0,000","0,000","0,000","0,000","0,000","0,000","0,000","0,000","0,000","0,000","0,000","0,000","0,000","0,000","0,000","0,000","0,000","0,000","0,000","0,000","0,000","0,000","0,000","0,000","0,000","1,000","11,447","1,000","11,447","4,000","45,788","2,000","22,894","2,000","22,894","2,000","22,894","2,000","22,894","1,000","11,447","1,000","11,447","0,000","0,000"
210,Caju - Candelária,Intersul,Volta,10.755,"0,000","0,000","0,000","0,000","0,000","0,000","0,000","0,000","1,000","10,755","1,000","10,755","4,000","43,020","3,000","32,265","3,000","32,265","4,000","43,020","4,000","43,020","1,000","10,755","1,000","10,755","1,000","10,755","0,000","0,000","0,000","0,000","0,000","0,000","0,000","0,000","0,000","0,000","1,000","10,755","4,000","43,020","4,000","43,020","2,000","21,510","0,000","0,000","0,000","0,000","0,000","0,000","0,000","0,000","0,000","0,000","0,000","0,000","0,000","0,000","0,000","0,000","0,000","0,000","0,000","0,000","0,000","0,000","0,000","0,000","0,000","0,000","0,000","0,000","0,000","0,000","0,000","0,000","0,000","0,000","0,000","0,000","0,000","0,000","0,000","0,000","0,000","0,000","0,000","0,000","0,000","0,000","1,000","10,755","1,000","10,755","2,000","21,510","2,000","21,510","2,000","21,510","2,000","21,510","2,000","21,510","1,000","10,755","1,000","10,755","1,000","10,755"
217,Andaraí - Carioca,Intersul,Ida,11.277,"0,000","0,000","0,000","0,000","0,000","0,000","0,000","0,000","1,000","11,277","2,000","22,554","14,000","157,878","6,000","67,662","7,000","78,939","12,000","135,324","6,000","67,662","1,000","11,277","0,000","0,000","0,000","0,000","0,000","0,000","0,000","0,000","0,000","0,000","0,000","0,000","0,000","0,000","1,000","11,277","6,000","67,662","6,000","67,662","6,000","67,662","6,000","67,662","4,000","45,108","0,000","0,000","0,000","0,000","0,000","0,000","0,000","0,000","0,000","0,000","0,000","0,000","0,000","0,000","0,000","0,000","1,000","11,277","6,000","67,662","6,000","67,662","6,000","67,662","6,000","67,662","4,000","45,108","0,000","0,000","0,000","0,000","0,000","0,000","0,000","0,000","0,000","0,000","0,000","0,000","0,000","0,000","1,000","11,277","1,000","11,277","9,000","101,493","4,000","45,108","4,000","45,108","7,000","78,939","4,000","45,108","1,000","11,277","0,000","0,000","0,000","0,000"
217,Andaraí - Carioca,Intersul,Volta,11.445,"0,000","0,000","0,000","0,000","0,000","0,000","0,000","0,000","0,000","0,000","1,000","11,445","12,000","137,340","6,000","68,670","6,000","68,670","12,000","137,340","7,000","80,115","1,000","11,445","1,000","11,445","0,000","0,000","0,000","0,000","0,000","0,000","0,000","0,000","0,000","0,000","0,000","0,000","1,000","11,445","6,000","68,670","6,000","68,670","6,000","68,670","6,000","68,670","6,000","68,670","0,000","0,000","0,000","0,000","0,000","0,000","0,000","0,000","0,000","0,000","0,000","0,000","0,000","0,000","0,000","0,000","1,000","11,445","6,000","68,670","6,000","68,670","6,000","68,670","6,000","68,670","6,000","68,670","0,000","0,000","0,000","0,000","0,000","0,000","0,000","0,000","0,000","0,000","0,000","0,000","0,000","0,000","0,000","0,000","1,000","11,445","7,000","80,115","4,000","45,780","4,000","45,780","7,000","80,115","4,000","45,780","1,000","11,445","1,000","11,445","0,000","0,000"
220,Usina - Candelária,Intersul,Ida,10.778,"0,000","0,000","0,000","0,000","0,000","0,000","0,000","0,000","1,000","10,778","3,000","32,334","28,000","301,784","16,000","172,448","13,000","140,114","19,000","204,782","9,000","97,002","0,000","0,000","0,000","0,000","0,000","0,000","0,000","0,000","0,000","0,000","0,000","0,000","0,000","0,000","0,000","0,000","1,000","10,778","7,000","75,446","10,000","107,780","7,000","75,446","6,000","64,668","4,000","43,112","0,000","0,000","0,000","0,000","0,000","0,000","0,000","0,000","0,000","0,000","0,000","0,000","0,000","0,000","0,000","0,000","0,000","0,000","0,000","0,000","0,000","0,000","0,000","0,000","0,000","0,000","0,000","0,000","0,000","0,000","0,000","0,000","0,000","0,000","0,000","0,000","0,000","0,000","0,000","0,000","0,000","0,000","1,000","10,778","2,000","21,556","17,000","183,226","10,000","107,780","8,000","86,224","12,000","129,336","6,000","64,668","0,000","0,000","0,000","0,000","0,000","0,000"
220,Usina - Candelária,Intersul,Volta,10.554,"0,000","0,000","0,000","0,000","0,000","0,000","0,000","0,000","0,000","0,000","2,000","21,108","23,000","242,742","13,000","137,202","13,000","137,202","24,000","253,296","11,000","116,094","0,000","0,000","0,000","0,000","0,000","0,000","0,000","0,000","0,000","0,000","0,000","0,000","0,000","0,000","0,000","0,000","1,000","10,554","6,000","63,324","8,000","84,432","8,000","84,432","6,000","63,324","6,000","63,324","0,000","0,000","0,000","0,000","0,000","0,000","0,000","0,000","0,000","0,000","0,000","0,000","0,000","0,000","0,000","0,000","0,000","0,000","0,000","0,000","0,000","0,000","0,000","0,000","0,000","0,000","0,000","0,000","0,000","0,000","0,000","0,000","0,000","0,000","0,000","0,000","0,000","0,000","0,000","0,000","0,000","0,000","0,000","0,000","1,000","10,554","14,000","147,756","8,000","84,432","8,000","84,432","15,000","158,310","7,000","73,878","0,000","0,000","0,000","0,000","0,000","0,000"
229,Usina - Castelo,Intersul,Ida,10.923,"0,000","0,000","0,000","0,000","0,000","0,000","0,000","0,000","0,000","0,000","2,000","21,846","6,000","65,538","6,000","65,538","6,000","65,538","6,000","65,538","5,000","54,615","0,000","0,000","0,000","0,000","0,000","0,000","0,000","0,000","0,000","0,000","0,000","0,000","0,000","0,000","0,000","0,000","0,000","0,000","3,000","32,769","3,000","32,769","3,000","32,769","3,000","32,769","0,000","0,000","0,000","0,000","0,000","0,000","0,000","0,000","0,000","0,000","0,000","0,000","0,000","0,000","0,000","0,000","0,000","0,000","0,000","0,000","3,000","32,769","3,000","32,769","3,000","32,769","3,000","32,769","1,000","10,923","0,000","0,000","0,000","0,000","0,000","0,000","0,000","0,000","0,000","0,000","0,000","0,000","0,000","0,000","0,000","0,000","1,000","10,923","4,000","43,692","4,000","43,692","4,000","43,692","4,000","43,692","3,000","32,769","0,000","0,000","0,000","0,000","0,000","0,000"
229,Usina - Castelo,Intersul,Volta,10.233,"0,000","0,000","0,000","0,000","0,000","0,000","0,000","0,000","0,000","0,000","1,000","10,233","6,000","61,398","6,000","61,398","6,000","61,398","6,000","61,398","6,000","61,398","0,000","0,000","0,000","0,000","0,000","0,000","0,000","0,000","0,000","0,000","0,000","0,000","0,000","0,000","0,000","0,000","0,000","0,000","2,000","20,466","3,000","30,699","3,000","30,699","3,000","30,699","1,000","10,233","0,000","0,000","0,000","0,000","0,000","0,000","0,000","0,000","0,000","0,000","0,000","0,000","0,000","0,000","0,000","0,000","0,000","0,000","3,000","30,699","3,000","30,699","3,000","30,699","3,000","30,699","2,000","20,466","0,000","0,000","0,000","0,000","0,000","0,000","0,000","0,000","0,000","0,000","0,000","0,000","0,000","0,000","0,000","0,000","1,000","10,233","4,000","40,932","4,000","40,932","4,000","40,932","4,000","40,932","4,000","40,932","0,000","0,000","0,000","0,000","0,000","0,000"
232,Lins de Vasconcelos - Castelo,Internorte,Ida,17.515,"0,000","0,000","0,000","0,000","0,000","0,000","0,000","0,000","4,000","70,060","9,000","157,635","58,000","1.015,870","26,000","455,390","21,000","367,815","32,000","560,480","20,000","350,300","1,000","17,515","0,000","0,000","0,000","0,000","0,000","0,000","0,000","0,000","0,000","0,000","0,000","0,000","2,000","35,030","4,000","70,060","17,000","297,755","15,000","262,725","12,000","210,180","12,000","210,180","8,000","140,120","1,000","17,515","0,000","0,000","0,000","0,000","0,000","0,000","0,000","0,000","0,000","0,000","0,000","0,000","2,000","35,030","3,000","52,545","10,000","175,150","8,000","140,120","7,000","122,605","6,000","105,090","6,000","105,090","1,000","17,515","0,000","0,000","0,000","0,000","0,000","0,000","0,000","0,000","0,000","0,000","0,000","0,000","2,000","35,030","6,000","105,090","36,000","630,540","16,000","280,240","13,000","227,695","20,000","350,300","12,000","210,180","1,000","17,515","0,000","0,000","0,000","0,000"
232,Lins de Vasconcelos - Castelo,Internorte,Volta,16.218,"0,000","0,000","0,000","0,000","0,000","0,000","0,000","0,000","0,000","0,000","5,000","81,090","41,000","664,938","21,000","340,578","24,000","389,232","39,000","632,502","24,000","389,232","3,000","48,654","2,000","32,436","0,000","0,000","0,000","0,000","0,000","0,000","0,000","0,000","0,000","0,000","0,000","0,000","2,000","32,436","14,000","227,052","12,000","194,616","15,000","243,270","15,000","243,270","10,000","162,180","2,000","32,436","1,000","16,218","0,000","0,000","0,000","0,000","0,000","0,000","0,000","0,000","0,000","0,000","0,000","0,000","2,000","32,436","8,000","129,744","7,000","113,526","6,000","97,308","8,000","129,744","7,000","113,526","2,000","32,436","1,000","16,218","0,000","0,000","0,000","0,000","0,000","0,000","0,000","0,000","0,000","0,000","0,000","0,000","3,000","48,654","25,000","405,450","13,000","210,834","15,000","243,270","24,000","389,232","15,000","243,270","2,000","32,436","1,000","16,218","0,000","0,000"
238,Água Santa - Castelo,Internorte,Ida,22.345,"0,000","0,000","0,000","0,000","0,000","0,000","0,000","0,000","0,000","0,000","1,000","22,345","12,000","268,140","6,000","134,070","6,000","134,070","12,000","268,140","6,000","134,070","1,000","22,345","0,000","0,000","0,000","0,000","0,000","0,000","0,000","0,000","0,000","0,000","0,000","0,000","0,000","0,000","1,000","22,345","6,000","134,070","6,000","134,070","6,000","134,070","6,000","134,070","6,000","134,070","1,000","22,345","0,000","0,000","0,000","0,000","0,000","0,000","0,000","0,000","0,000","0,000","0,000","0,000","0,000","0,000","1,000","22,345","6,000","134,070","6,000","134,070","6,000","134,070","6,000","134,070","6,000","134,070","1,000","22,345","0,000","0,000","0,000","0,000","0,000","0,000","0,000","0,000","0,000","0,000","0,000","0,000","0,000","0,000","1,000","22,345","7,000","156,415","4,000","89,380","4,000","89,380","7,000","156,415","4,000","89,380","1,000","22,345","0,000","0,000","0,000","0,000"
238,Água Santa - Castelo,Internorte,Volta,21.583,"0,000","0,000","0,000","0,000","0,000","0,000","0,000","0,000","0,000","0,000","1,000","21,583","12,000","258,996","6,000","129,498","6,000","129,498","12,000","258,996","6,000","129,498","1,000","21,583","0,000","0,000","0,000","0,000","0,000","0,000","0,000","0,000","0,000","0,000","0,000","0,000","0,000","0,000","1,000","21,583","6,000","129,498","6,000","129,498","6,000","129,498","6,000","129,498","6,000","129,498","1,000","21,583","0,000","0,000","0,000","0,000","0,000","0,000","0,000","0,000","0,000","0,000","0,000","0,000","0,000","0,000","1,000","21,583","6,000","129,498","6,000","129,498","6,000","129,498","6,000","129,498","6,000","129,498","1,000","21,583","0,000","0,000","0,000","0,000","0,000","0,000","0,000","0,000","0,000","0,000","0,000","0,000","0,000","0,000","1,000","21,583","7,000","151,081","4,000","86,332","4,000","86,332","7,000","151,081","4,000","86,332","1,000","21,583","0,000","0,000","0,000","0,000"
239,Água Santa - Passeio,Internorte,Ida,21.165,"0,000","0,000","0,000","0,000","0,000","0,000","0,000","0,000","1,000","21,165","1,000","21,165","12,000","253,980","6,000","126,990","6,000","126,990","12,000","253,980","6,000","126,990","1,000","21,165","1,000","21,165","0,000","0,000","0,000","0,000","0,000","0,000","0,000","0,000","0,000","0,000","0,000","0,000","1,000","21,165","6,000","126,990","6,000","126,990","6,000","126,990","6,000","126,990","6,000","126,990","1,000","21,165","1,000","21,165","0,000","0,000","0,000","0,000","0,000","0,000","0,000","0,000","0,000","0,000","0,000","0,000","0,000","0,000","0,000","0,000","0,000","0,000","0,000","0,000","0,000","0,000","0,000","0,000","0,000","0,000","0,000","0,000","0,000","0,000","0,000","0,000","0,000","0,000","0,000","0,000","0,000","0,000","1,000","21,165","1,000","21,165","7,000","148,155","4,000","84,660","4,000","84,660","7,000","148,155","4,000","84,660","1,000","21,165","1,000","21,165","0,000","0,000"
239,Água Santa - Passeio,Internorte,Volta,19.726,"0,000","0,000","0,000","0,000","0,000","0,000","0,000","0,000","0,000","0,000","1,000","19,726","12,000","236,712","6,000","118,356","6,000","118,356","12,000","236,712","6,000","118,356","1,000","19,726","1,000","19,726","1,000","19,726","0,000","0,000","0,000","0,000","0,000","0,000","0,000","0,000","0,000","0,000","0,000","0,000","6,000","118,356","6,000","118,356","6,000","118,356","6,000","118,356","6,000","118,356","1,000","19,726","1,000","19,726","1,000","19,726","0,000","0,000","0,000","0,000","0,000","0,000","0,000","0,000","0,000","0,000","0,000","0,000","0,000","0,000","0,000","0,000","0,000","0,000","0,000","0,000","0,000","0,000","0,000","0,000","0,000","0,000","0,000","0,000","0,000","0,000","0,000","0,000","0,000","0,000","0,000","0,000","0,000","0,000","1,000","19,726","7,000","138,082","4,000","78,904","4,000","78,904","7,000","138,082","4,000","78,904","1,000","19,726","1,000","19,726","1,000","19,726"
247,Camarista Méier - Passeio,Internorte,Ida,17.403,"0,000","0,000","0,000","0,000","0,000","0,000","0,000","0,000","1,000","17,403","4,000","69,612","25,000","435,075","14,000","243,642","11,000","191,433","16,000","278,448","12,000","208,836","1,000","17,403","1,000","17,403","1,000","17,403","0,000","0,000","0,000","0,000","0,000","0,000","0,000","0,000","1,000","17,403","2,000","34,806","9,000","156,627","9,000","156,627","7,000","121,821","6,000","104,418","6,000","104,418","1,000","17,403","1,000","17,403","1,000","17,403","0,000","0,000","0,000","0,000","0,000","0,000","0,000","0,000","1,000","17,403","1,000","17,403","6,000","104,418","6,000","104,418","6,000","104,418","6,000","104,418","6,000","104,418","1,000","17,403","1,000","17,403","1,000","17,403","0,000","0,000","0,000","0,000","0,000","0,000","0,000","0,000","1,000","17,403","2,000","34,806","16,000","278,448","9,000","156,627","7,000","121,821","10,000","174,030","7,000","121,821","1,000","17,403","1,000","17,403","1,000","17,403"
247,Camarista Méier - Passeio,Internorte,Volta,16.335,"1,000","16,335","0,000","0,000","0,000","0,000","0,000","0,000","0,000","0,000","2,000","32,670","19,000","310,365","12,000","196,020","13,000","212,355","19,000","310,365","14,000","228,690","2,000","32,670","1,000","16,335","1,000","16,335","1,000","16,335","0,000","0,000","0,000","0,000","0,000","0,000","0,000","0,000","1,000","16,335","8,000","130,680","8,000","130,680","8,000","130,680","8,000","130,680","7,000","114,345","1,000","16,335","2,000","32,670","1,000","16,335","1,000","16,335","0,000","0,000","0,000","0,000","0,000","0,000","0,000","0,000","1,000","16,335","6,000","98,010","6,000","98,010","6,000","98,010","6,000","98,010","6,000","98,010","1,000","16,335","1,000","16,335","1,000","16,335","1,000","16,335","0,000","0,000","0,000","0,000","0,000","0,000","0,000","0,000","1,000","16,335","12,000","196,020","7,000","114,345","8,000","130,680","12,000","196,020","9,000","147,015","1,000","16,335","1,000","16,335","1,000","16,335"
249,Água Santa - Carioca,Internorte,Ida,18.225,"0,000","0,000","0,000","0,000","0,000","0,000","1,000","18,225","3,000","54,675","7,000","127,575","37,000","674,325","25,000","455,625","20,000","364,500","27,000","492,075","18,000","328,050","1,000","18,225","1,000","18,225","1,000","18,225","0,000","0,000","0,000","0,000","0,000","0,000","0,000","0,000","1,000","18,225","3,000","54,675","16,000","291,600","16,000","291,600","13,000","236,925","10,000","182,250","7,000","127,575","1,000","18,225","1,000","18,225","1,000","18,225","0,000","0,000","0,000","0,000","0,000","0,000","0,000","0,000","1,000","18,225","2,000","36,450","8,000","145,800","7,000","127,575","6,000","109,350","6,000","109,350","6,000","109,350","1,000","18,225","1,000","18,225","1,000","18,225","0,000","0,000","0,000","0,000","0,000","0,000","1,000","18,225","2,000","36,450","4,000","72,900","23,000","419,175","16,000","291,600","12,000","218,700","17,000","309,825","11,000","200,475","1,000","18,225","1,000","18,225","1,000","18,225"
249,Água Santa - Carioca,Internorte,Volta,17.141,"1,000","17,141","0,000","0,000","0,000","0,000","0,000","0,000","1,000","17,141","4,000","68,564","28,000","479,948","20,000","342,820","21,000","359,961","33,000","565,653","22,000","377,102","3,000","51,423","2,000","34,282","1,000","17,141","1,000","17,141","0,000","0,000","0,000","0,000","0,000","0,000","0,000","0,000","1,000","17,141","13,000","222,833","13,000","222,833","12,000","205,692","12,000","205,692","8,000","137,128","1,000","17,141","1,000","17,141","1,000","17,141","1,000","17,141","0,000","0,000","0,000","0,000","0,000","0,000","0,000","0,000","1,000","17,141","6,000","102,846","6,000","102,846","6,000","102,846","6,000","102,846","6,000","102,846","1,000","17,141","1,000","17,141","1,000","17,141","1,000","17,141","0,000","0,000","0,000","0,000","0,000","0,000","1,000","17,141","2,000","34,282","17,000","291,397","12,000","205,692","13,000","222,833","20,000","342,820","14,000","239,974","2,000","34,282","1,000","17,141","1,000","17,141"
254,Madureira - Candelária,Internorte,Ida,21.588,"0,000","0,000","0,000","0,000","0,000","0,000","0,000","0,000","0,000","0,000","2,000","43,176","6,000","129,528","4,000","86,352","5,000","107,940","6,000","129,528","4,000","86,352","1,000","21,588","0,000","0,000","0,000","0,000","0,000","0,000","0,000","0,000","0,000","0,000","0,000","0,000","0,000","0,000","2,000","43,176","6,000","129,528","4,000","86,352","5,000","107,940","6,000","129,528","4,000","86,352","1,000","21,588","0,000","0,000","0,000","0,000","0,000","0,000","0,000","0,000","0,000","0,000","0,000","0,000","0,000","0,000","1,000","21,588","3,000","64,764","3,000","64,764","3,000","64,764","3,000","64,764","3,000","64,764","0,000","0,000","0,000","0,000","0,000","0,000","0,000","0,000","0,000","0,000","0,000","0,000","0,000","0,000","0,000","0,000","1,000","21,588","4,000","86,352","2,000","43,176","3,000","64,764","4,000","86,352","2,000","43,176","1,000","21,588","0,000","0,000","0,000","0,000"
254,Madureira - Candelária,Internorte,Volta,24.175,"0,000","0,000","0,000","0,000","0,000","0,000","0,000","0,000","0,000","0,000","0,000","0,000","6,000","145,050","5,000","120,875","4,000","96,700","5,000","120,875","5,000","120,875","1,000","24,175","1,000","24,175","0,000","0,000","0,000","0,000","0,000","0,000","0,000","0,000","0,000","0,000","0,000","0,000","0,000","0,000","6,000","145,050","5,000","120,875","4,000","96,700","5,000","120,875","5,000","120,875","1,000","24,175","1,000","24,175","0,000","0,000","0,000","0,000","0,000","0,000","0,000","0,000","0,000","0,000","0,000","0,000","0,000","0,000","3,000","72,525","3,000","72,525","3,000","72,525","3,000","72,525","3,000","72,525","1,000","24,175","0,000","0,000","0,000","0,000","0,000","0,000","0,000","0,000","0,000","0,000","0,000","0,000","0,000","0,000","0,000","0,000","4,000","96,700","3,000","72,525","2,000","48,350","3,000","72,525","3,000","72,525","1,000","24,175","1,000","24,175","0,000","0,000"
265,Marechal Hermes - Castelo,Internorte,Ida,28.998,"0,000","0,000","0,000","0,000","0,000","0,000","0,000","0,000","2,000","57,996","3,000","86,994","13,000","376,974","8,000","231,984","8,000","231,984","12,000","347,976","6,000","173,988","1,000","28,998","0,000","0,000","0,000","0,000","0,000","0,000","0,000","0,000","0,000","0,000","0,000","0,000","1,000","28,998","1,000","28,998","6,000","173,988","7,000","202,986","7,000","202,986","7,000","202,986","6,000","173,988","1,000","28,998","0,000","0,000","0,000","0,000","0,000","0,000","0,000","0,000","0,000","0,000","0,000","0,000","0,000","0,000","0,000","0,000","0,000","0,000","0,000","0,000","0,000","0,000","0,000","0,000","0,000","0,000","0,000","0,000","0,000","0,000","0,000","0,000","0,000","0,000","0,000","0,000","0,000","0,000","0,000","0,000","1,000","28,998","2,000","57,996","8,000","231,984","5,000","144,990","5,000","144,990","7,000","202,986","4,000","115,992","1,000","28,998","0,000","0,000","0,000","0,000"
265,Marechal Hermes - Castelo,Internorte,Volta,31.743,"0,000","0,000","0,000","0,000","0,000","0,000","0,000","0,000","0,000","0,000","1,000","31,743","12,000","380,916","6,000","190,458","7,000","222,201","12,000","380,916","6,000","190,458","1,000","31,743","1,000","31,743","0,000","0,000","0,000","0,000","0,000","0,000","0,000","0,000","0,000","0,000","0,000","0,000","1,000","31,743","6,000","190,458","6,000","190,458","6,000","190,458","6,000","190,458","6,000","190,458","1,000","31,743","1,000","31,743","0,000","0,000","0,000","0,000","0,000","0,000","0,000","0,000","0,000","0,000","0,000","0,000","0,000","0,000","0,000","0,000","0,000","0,000","0,000","0,000","0,000","0,000","0,000","0,000","0,000","0,000","0,000","0,000","0,000","0,000","0,000","0,000","0,000","0,000","0,000","0,000","0,000","0,000","0,000","0,000","1,000","31,743","7,000","222,201","4,000","126,972","4,000","126,972","7,000","222,201","4,000","126,972","1,000","31,743","1,000","31,743","0,000","0,000"
275,Méier - Candelária,Intersul,Ida,17.901,"0,000","0,000","0,000","0,000","0,000","0,000","0,000","0,000","0,000","0,000","2,000","35,802","6,000","107,406","4,000","71,604","5,000","89,505","6,000","107,406","4,000","71,604","1,000","17,901","0,000","0,000","0,000","0,000","0,000","0,000","0,000","0,000","0,000","0,000","0,000","0,000","0,000","0,000","0,000","0,000","0,000","0,000","0,000","0,000","0,000","0,000","0,000","0,000","0,000","0,000","0,000","0,000","0,000","0,000","0,000","0,000","0,000","0,000","0,000","0,000","0,000","0,000","0,000","0,000","0,000","0,000","0,000","0,000","0,000","0,000","0,000","0,000","0,000","0,000","0,000","0,000","0,000","0,000","0,000","0,000","0,000","0,000","0,000","0,000","0,000","0,000","0,000","0,000","0,000","0,000","0,000","0,000","0,000","0,000","1,000","17,901","4,000","71,604","2,000","35,802","3,000","53,703","4,000","71,604","2,000","35,802","1,000","17,901","0,000","0,000","0,000","0,000"
275,Méier - Candelária,Intersul,Volta,19.620,"0,000","0,000","0,000","0,000","0,000","0,000","0,000","0,000","0,000","0,000","0,000","0,000","6,000","117,720","5,000","98,100","4,000","78,480","5,000","98,100","5,000","98,100","1,000","19,620","1,000","19,620","0,000","0,000","0,000","0,000","0,000","0,000","0,000","0,000","0,000","0,000","0,000","0,000","0,000","0,000","0,000","0,000","0,000","0,000","0,000","0,000","0,000","0,000","0,000","0,000","0,000","0,000","0,000","0,000","0,000","0,000","0,000","0,000","0,000","0,000","0,000","0,000","0,000","0,000","0,000","0,000","0,000","0,000","0,000","0,000","0,000","0,000","0,000","0,000","0,000","0,000","0,000","0,000","0,000","0,000","0,000","0,000","0,000","0,000","0,000","0,000","0,000","0,000","0,000","0,000","0,000","0,000","0,000","0,000","0,000","0,000","4,000","78,480","3,000","58,860","2,000","39,240","3,000","58,860","3,000","58,860","1,000","19,620","1,000","19,620","0,000","0,000"
277,Rocha Miranda - Candelária,Internorte,Ida,24.307,"0,000","0,000","0,000","0,000","0,000","0,000","0,000","0,000","0,000","0,000","2,000","48,614","2,000","48,614","0,000","0,000","0,000","0,000","0,000","0,000","0,000","0,000","0,000","0,000","0,000","0,000","0,000","0,000","0,000","0,000","0,000","0,000","0,000","0,000","0,000","0,000","0,000","0,000","0,000","0,000","0,000","0,000","0,000","0,000","0,000","0,000","0,000","0,000","0,000","0,000","0,000","0,000","0,000","0,000","0,000","0,000","0,000","0,000","0,000","0,000","0,000","0,000","0,000","0,000","0,000","0,000","0,000","0,000","0,000","0,000","0,000","0,000","0,000","0,000","0,000","0,000","0,000","0,000","0,000","0,000","0,000","0,000","0,000","0,000","0,000","0,000","0,000","0,000","0,000","0,000","0,000","0,000","0,000","0,000","1,000","24,307","1,000","24,307","0,000","0,000","0,000","0,000","0,000","0,000","0,000","0,000","0,000","0,000","0,000","0,000","0,000","0,000"
277,Rocha Miranda - Candelária,Internorte,Volta,30.073,"0,000","0,000","0,000","0,000","0,000","0,000","0,000","0,000","0,000","0,000","0,000","0,000","0,000","0,000","0,000","0,000","0,000","0,000","2,000","60,146","1,000","30,073","0,000","0,000","0,000","0,000","0,000","0,000","0,000","0,000","0,000","0,000","0,000","0,000","0,000","0,000","0,000","0,000","0,000","0,000","0,000","0,000","0,000","0,000","0,000","0,000","0,000","0,000","0,000","0,000","0,000","0,000","0,000","0,000","0,000","0,000","0,000","0,000","0,000","0,000","0,000","0,000","0,000","0,000","0,000","0,000","0,000","0,000","0,000","0,000","0,000","0,000","0,000","0,000","0,000","0,000","0,000","0,000","0,000","0,000","0,000","0,000","0,000","0,000","0,000","0,000","0,000","0,000","0,000","0,000","0,000","0,000","0,000","0,000","0,000","0,000","0,000","0,000","0,000","0,000","0,000","0,000","1,000","30,073","1,000","30,073","0,000","0,000","0,000","0,000","0,000","0,000"
292,Engenho da Rainha - Castelo,Internorte,Ida,20.806,"0,000","0,000","0,000","0,000","0,000","0,000","0,000","0,000","7,000","145,642","9,000","187,254","17,000","353,702","10,000","208,060","9,000","187,254","12,000","249,672","8,000","166,448","1,000","20,806","0,000","0,000","0,000","0,000","0,000","0,000","0,000","0,000","0,000","0,000","0,000","0,000","3,000","62,418","4,000","83,224","10,000","208,060","7,000","145,642","6,000","124,836","6,000","124,836","6,000","124,836","1,000","20,806","0,000","0,000","0,000","0,000","0,000","0,000","0,000","0,000","0,000","0,000","0,000","0,000","3,000","62,418","4,000","83,224","7,000","145,642","6,000","124,836","6,000","124,836","6,000","124,836","6,000","124,836","1,000","20,806","0,000","0,000","0,000","0,000","0,000","0,000","0,000","0,000","0,000","0,000","0,000","0,000","4,000","83,224","6,000","124,836","11,000","228,866","6,000","124,836","6,000","124,836","7,000","145,642","5,000","104,030","1,000","20,806","0,000","0,000","0,000","0,000"
292,Engenho da Rainha - Castelo,Internorte,Volta,20.413,"0,000","0,000","0,000","0,000","0,000","0,000","0,000","0,000","0,000","0,000","7,000","142,891","14,000","285,782","8,000","163,304","9,000","183,717","13,000","265,369","10,000","204,130","2,000","40,826","2,000","40,826","0,000","0,000","0,000","0,000","0,000","0,000","0,000","0,000","0,000","0,000","0,000","0,000","4,000","81,652","8,000","163,304","6,000","122,478","6,000","122,478","7,000","142,891","6,000","122,478","1,000","20,413","2,000","40,826","0,000","0,000","0,000","0,000","0,000","0,000","0,000","0,000","0,000","0,000","0,000","0,000","4,000","81,652","6,000","122,478","6,000","122,478","6,000","122,478","6,000","122,478","6,000","122,478","1,000","20,413","2,000","40,826","0,000","0,000","0,000","0,000","0,000","0,000","0,000","0,000","0,000","0,000","0,000","0,000","4,000","81,652","9,000","183,717","5,000","102,065","6,000","122,478","8,000","163,304","6,000","122,478","1,000","20,413","1,000","20,413","0,000","0,000"
296,Irajá - Castelo,Internorte,Ida,29.811,"0,000","0,000","0,000","0,000","0,000","0,000","1,000","29,811","1,000","29,811","3,000","89,433","12,000","357,732","6,000","178,866","6,000","178,866","12,000","357,732","6,000","178,866","1,000","29,811","1,000","29,811","0,000","0,000","0,000","0,000","0,000","0,000","0,000","0,000","1,000","29,811","1,000","29,811","1,000","29,811","6,000","178,866","6,000","178,866","6,000","178,866","6,000","178,866","6,000","178,866","1,000","29,811","1,000","29,811","0,000","0,000","0,000","0,000","0,000","0,000","0,000","0,000","0,000","0,000","0,000","0,000","1,000","29,811","6,000","178,866","6,000","178,866","6,000","178,866","6,000","178,866","6,000","178,866","1,000","29,811","1,000","29,811","0,000","0,000","0,000","0,000","0,000","0,000","0,000","0,000","1,000","29,811","1,000","29,811","2,000","59,622","7,000","208,677","4,000","119,244","4,000","119,244","7,000","208,677","4,000","119,244","1,000","29,811","1,000","29,811","0,000","0,000"
296,Irajá - Castelo,Internorte,Volta,33.651,"0,000","0,000","0,000","0,000","0,000","0,000","0,000","0,000","1,000","33,651","1,000","33,651","12,000","403,812","6,000","201,906","6,000","201,906","12,000","403,812","6,000","201,906","1,000","33,651","1,000","33,651","1,000","33,651","0,000","0,000","0,000","0,000","0,000","0,000","0,000","0,000","1,000","33,651","1,000","33,651","6,000","201,906","6,000","201,906","6,000","201,906","6,000","201,906","6,000","201,906","1,000","33,651","1,000","33,651","1,000","33,651","0,000","0,000","0,000","0,000","0,000","0,000","0,000","0,000","0,000","0,000","0,000","0,000","6,000","201,906","6,000","201,906","6,000","201,906","6,000","201,906","6,000","201,906","1,000","33,651","1,000","33,651","1,000","33,651","0,000","0,000","0,000","0,000","0,000","0,000","0,000","0,000","1,000","33,651","1,000","33,651","7,000","235,557","4,000","134,604","4,000","134,604","7,000","235,557","4,000","134,604","1,000","33,651","1,000","33,651","1,000","33,651"
298,Acari - Castelo,Internorte,Ida,33.657,"0,000","0,000","0,000","0,000","0,000","0,000","0,000","0,000","4,000","134,628","11,000","370,227","23,000","774,111","16,000","538,512","14,000","471,198","15,000","504,855","8,000","269,256","2,000","67,314","1,000","33,657","0,000","0,000","0,000","0,000","0,000","0,000","0,000","0,000","0,000","0,000","2,000","67,314","4,000","134,628","15,000","504,855","14,000","471,198","13,000","437,541","9,000","302,913","6,000","201,942","2,000","67,314","2,000","67,314","0,000","0,000","0,000","0,000","0,000","0,000","0,000","0,000","0,000","0,000","1,000","33,657","3,000","100,971","7,000","235,599","8,000","269,256","7,000","235,599","6,000","201,942","6,000","201,942","1,000","33,657","1,000","33,657","0,000","0,000","0,000","0,000","0,000","0,000","0,000","0,000","0,000","0,000","2,000","67,314","7,000","235,599","14,000","471,198","10,000","336,570","9,000","302,913","9,000","302,913","5,000","168,285","1,000","33,657","1,000","33,657","0,000","0,000"
298,Acari - Castelo,Internorte,Volta,32.607,"0,000","0,000","0,000","0,000","0,000","0,000","0,000","0,000","0,000","0,000","2,000","65,214","17,000","554,319","15,000","489,105","15,000","489,105","18,000","586,926","10,000","326,070","3,000","97,821","2,000","65,214","0,000","0,000","0,000","0,000","0,000","0,000","0,000","0,000","0,000","0,000","0,000","0,000","2,000","65,214","12,000","391,284","14,000","456,498","13,000","423,891","11,000","358,677","8,000","260,856","2,000","65,214","2,000","65,214","0,000","0,000","0,000","0,000","0,000","0,000","0,000","0,000","0,000","0,000","0,000","0,000","1,000","32,607","7,000","228,249","7,000","228,249","6,000","195,642","6,000","195,642","6,000","195,642","2,000","65,214","1,000","32,607","0,000","0,000","0,000","0,000","0,000","0,000","0,000","0,000","0,000","0,000","0,000","0,000","1,000","32,607","11,000","358,677","9,000","293,463","9,000","293,463","11,000","358,677","6,000","195,642","2,000","65,214","1,000","32,607","0,000","0,000"
300,Terminal Sulacap - Candelária,Santa Cruz,Ida,39.346,"0,000","0,000","0,000","0,000","0,000","0,000","0,000","0,000","0,000","0,000","1,000","39,346","3,000","118,038","3,000","118,038","3,000","118,038","3,000","118,038","0,000","0,000","0,000","0,000","0,000","0,000","0,000","0,000","0,000","0,000","0,000","0,000","0,000","0,000","0,000","0,000","0,000","0,000","1,000","39,346","3,000","118,038","3,000","118,038","0,000","0,000","0,000","0,000","0,000","0,000","0,000","0,000","0,000","0,000","0,000","0,000","0,000","0,000","0,000","0,000","0,000","0,000","0,000","0,000","1,000","39,346","1,000","39,346","2,000","78,692","3,000","118,038","2,000","78,692","3,000","118,038","0,000","0,000","0,000","0,000","0,000","0,000","0,000","0,000","0,000","0,000","0,000","0,000","0,000","0,000","0,000","0,000","0,000","0,000","1,000","39,346","2,000","78,692","2,000","78,692","2,000","78,692","2,000","78,692","0,000","0,000","0,000","0,000","0,000","0,000","0,000","0,000"
300,Terminal Sulacap - Candelária,Santa Cruz,Volta,38.303,"0,000","0,000","0,000","0,000","0,000","0,000","0,000","0,000","0,000","0,000","0,000","0,000","3,000","114,909","3,000","114,909","3,000","114,909","3,000","114,909","3,000","114,909","0,000","0,000","0,000","0,000","0,000","0,000","0,000","0,000","0,000","0,000","0,000","0,000","0,000","0,000","0,000","0,000","0,000","0,000","3,000","114,909","3,000","114,909","3,000","114,909","0,000","0,000","0,000","0,000","0,000","0,000","0,000","0,000","0,000","0,000","0,000","0,000","0,000","0,000","0,000","0,000","0,000","0,000","0,000","0,000","1,000","38,303","2,000","76,606","3,000","114,909","2,000","76,606","3,000","114,909","1,000","38,303","0,000","0,000","0,000","0,000","0,000","0,000","0,000","0,000","0,000","0,000","0,000","0,000","0,000","0,000","0,000","0,000","0,000","0,000","2,000","76,606","2,000","76,606","2,000","76,606","2,000","76,606","2,000","76,606","0,000","0,000","0,000","0,000","0,000","0,000"
301,Terminal Gentileza - Terminal Alvorada,Transcarioca,Ida,28.630,"1,000","28,630","0,000","0,000","0,000","0,000","0,000","0,000","2,000","57,260","3,000","85,890","20,000","572,600","9,000","257,670","11,000","314,930","16,000","458,080","9,000","257,670","2,000","57,260","1,000","28,630","1,000","28,630","1,000","28,630","0,000","0,000","0,000","0,000","0,000","0,000","1,000","28,630","4,000","114,520","13,000","372,190","10,000","286,300","9,000","257,670","9,000","257,670","6,000","171,780","1,000","28,630","1,000","28,630","1,000","28,630","1,000","28,630","0,000","0,000","0,000","0,000","0,000","0,000","1,000","28,630","2,000","57,260","8,000","229,040","6,000","171,780","6,000","171,780","6,000","171,780","6,000","171,780","1,000","28,630","1,000","28,630","1,000","28,630","1,000","28,630","0,000","0,000","0,000","0,000","0,000","0,000","1,000","28,630","2,000","57,260","12,000","343,560","6,000","171,780","7,000","200,410","10,000","286,300","6,000","171,780","1,000","28,630","1,000","28,630","1,000","28,630"
301,Terminal Gentileza - Terminal Alvorada,Transcarioca,Volta,30.694,"1,000","30,694","0,000","0,000","0,000","0,000","0,000","0,000","1,000","30,694","4,000","122,776","16,000","491,104","8,000","245,552","11,000","337,634","20,000","613,880","9,000","276,246","2,000","61,388","1,000","30,694","1,000","30,694","1,000","30,694","0,000","0,000","0,000","0,000","0,000","0,000","1,000","30,694","2,000","61,388","11,000","337,634","8,000","245,552","10,000","306,940","11,000","337,634","8,000","245,552","1,000","30,694","1,000","30,694","1,000","30,694","1,000","30,694","0,000","0,000","0,000","0,000","0,000","0,000","1,000","30,694","1,000","30,694","6,000","184,164","6,000","184,164","6,000","184,164","6,000","184,164","6,000","184,164","1,000","30,694","1,000","30,694","1,000","30,694","1,000","30,694","0,000","0,000","0,000","0,000","0,000","0,000","1,000","30,694","2,000","61,388","10,000","306,940","5,000","153,470","7,000","214,858","12,000","368,328","6,000","184,164","1,000","30,694","1,000","30,694","1,000","30,694"
302,Terminal Gentileza - Terminal Alvorada,Transcarioca,Ida,35.316,"1,000","35,316","0,000","0,000","0,000","0,000","0,000","0,000","2,000","70,632","7,000","247,212","20,000","706,320","11,000","388,476","15,000","529,740","22,000","776,952","10,000","353,160","2,000","70,632","2,000","70,632","1,000","35,316","1,000","35,316","0,000","0,000","0,000","0,000","0,000","0,000","1,000","35,316","2,000","70,632","12,000","423,792","9,000","317,844","11,000","388,476","12,000","423,792","7,000","247,212","2,000","70,632","2,000","70,632","1,000","35,316","1,000","35,316","0,000","0,000","0,000","0,000","0,000","0,000","1,000","35,316","3,000","105,948","8,000","282,528","7,000","247,212","7,000","247,212","8,000","282,528","7,000","247,212","1,000","35,316","1,000","35,316","1,000","35,316","1,000","35,316","0,000","0,000","0,000","0,000","0,000","0,000","1,000","35,316","4,000","141,264","12,000","423,792","7,000","247,212","9,000","317,844","14,000","494,424","6,000","211,896","1,000","35,316","1,000","35,316","1,000","35,316"
302,Terminal Gentileza - Terminal Alvorada,Transcarioca,Volta,36.013,"1,000","36,013","0,000","0,000","0,000","0,000","0,000","0,000","2,000","72,026","5,000","180,065","25,000","900,325","13,000","468,169","12,000","432,156","18,000","648,234","10,000","360,130","2,000","72,026","2,000","72,026","1,000","36,013","1,000","36,013","0,000","0,000","0,000","0,000","0,000","0,000","1,000","36,013","2,000","72,026","12,000","432,156","9,000","324,117","10,000","360,130","11,000","396,143","8,000","288,104","2,000","72,026","2,000","72,026","1,000","36,013","1,000","36,013","0,000","0,000","0,000","0,000","0,000","0,000","1,000","36,013","1,000","36,013","6,000","216,078","6,000","216,078","8,000","288,104","7,000","252,091","6,000","216,078","2,000","72,026","2,000","72,026","1,000","36,013","1,000","36,013","0,000","0,000","0,000","0,000","0,000","0,000","1,000","36,013","3,000","108,039","16,000","576,208","8,000","288,104","7,000","252,091","11,000","396,143","6,000","216,078","1,000","36,013","1,000","36,013","1,000","36,013"
306,Praça Seca - Castelo,Transcarioca,Ida,31.581,"0,000","0,000","0,000","0,000","0,000","0,000","1,000","31,581","2,000","63,162","4,000","126,324","16,000","505,296","9,000","284,229","7,000","221,067","12,000","378,972","6,000","189,486","1,000","31,581","1,000","31,581","0,000","0,000","0,000","0,000","0,000","0,000","0,000","0,000","0,000","0,000","1,000","31,581","2,000","63,162","6,000","189,486","6,000","189,486","6,000","189,486","6,000","189,486","6,000","189,486","1,000","31,581","1,000","31,581","0,000","0,000","0,000","0,000","0,000","0,000","0,000","0,000","0,000","0,000","1,000","31,581","1,000","31,581","6,000","189,486","6,000","189,486","6,000","189,486","6,000","189,486","6,000","189,486","1,000","31,581","1,000","31,581","0,000","0,000","0,000","0,000","0,000","0,000","0,000","0,000","1,000","31,581","1,000","31,581","2,000","63,162","10,000","315,810","6,000","189,486","4,000","126,324","7,000","221,067","4,000","126,324","1,000","31,581","1,000","31,581","0,000","0,000"
306,Praça Seca - Castelo,Transcarioca,Volta,29.082,"0,000","0,000","0,000","0,000","0,000","0,000","0,000","0,000","1,000","29,082","2,000","58,164","13,000","378,066","8,000","232,656","8,000","232,656","14,000","407,148","7,000","203,574","1,000","29,082","1,000","29,082","1,000","29,082","0,000","0,000","0,000","0,000","0,000","0,000","0,000","0,000","0,000","0,000","1,000","29,082","6,000","174,492","6,000","174,492","6,000","174,492","6,000","174,492","6,000","174,492","1,000","29,082","1,000","29,082","1,000","29,082","0,000","0,000","0,000","0,000","0,000","0,000","0,000","0,000","0,000","0,000","1,000","29,082","6,000","174,492","6,000","174,492","6,000","174,492","6,000","174,492","6,000","174,492","1,000","29,082","1,000","29,082","1,000","29,082","0,000","0,000","0,000","0,000","0,000","0,000","0,000","0,000","1,000","29,082","1,000","29,082","8,000","232,656","5,000","145,410","5,000","145,410","9,000","261,738","4,000","116,328","1,000","29,082","1,000","29,082","1,000","29,082"
311,Engenheiro Leal - Candelária,Internorte,Ida,22.012,"0,000","0,000","0,000","0,000","0,000","0,000","0,000","0,000","1,000","22,012","2,000","44,024","2,000","44,024","0,000","0,000","0,000","0,000","0,000","0,000","0,000","0,000","0,000","0,000","0,000","0,000","0,000","0,000","0,000","0,000","0,000","0,000","0,000","0,000","0,000","0,000","0,000","0,000","0,000","0,000","0,000","0,000","0,000","0,000","0,000","0,000","0,000","0,000","0,000","0,000","0,000","0,000","0,000","0,000","0,000","0,000","0,000","0,000","0,000","0,000","0,000","0,000","0,000","0,000","0,000","0,000","0,000","0,000","0,000","0,000","0,000","0,000","0,000","0,000","0,000","0,000","0,000","0,000","0,000","0,000","0,000","0,000","0,000","0,000","0,000","0,000","0,000","0,000","0,000","0,000","0,000","0,000","1,000","22,012","1,000","22,012","1,000","22,012","0,000","0,000","0,000","0,000","0,000","0,000","0,000","0,000","0,000","0,000","0,000","0,000","0,000","0,000"
311,Engenheiro Leal - Candelária,Internorte,Volta,22.505,"0,000","0,000","0,000","0,000","0,000","0,000","0,000","0,000","0,000","0,000","0,000","0,000","0,000","0,000","0,000","0,000","0,000","0,000","2,000","45,010","1,000","22,505","0,000","0,000","0,000","0,000","0,000","0,000","0,000","0,000","0,000","0,000","0,000","0,000","0,000","0,000","0,000","0,000","0,000","0,000","0,000","0,000","0,000","0,000","0,000","0,000","0,000","0,000","0,000","0,000","0,000","0,000","0,000","0,000","0,000","0,000","0,000","0,000","0,000","0,000","0,000","0,000","0,000","0,000","0,000","0,000","0,000","0,000","0,000","0,000","0,000","0,000","0,000","0,000","0,000","0,000","0,000","0,000","0,000","0,000","0,000","0,000","0,000","0,000","0,000","0,000","0,000","0,000","0,000","0,000","0,000","0,000","0,000","0,000","0,000","0,000","0,000","0,000","0,000","0,000","0,000","0,000","1,000","22,505","1,000","22,505","0,000","0,000","0,000","0,000","0,000","0,000"
312,Olaria - Candelária,Internorte,Ida,19.075,"0,000","0,000","0,000","0,000","0,000","0,000","0,000","0,000","3,000","57,225","8,000","152,600","26,000","495,950","13,000","247,975","10,000","190,750","14,000","267,050","10,000","190,750","1,000","19,075","0,000","0,000","0,000","0,000","0,000","0,000","0,000","0,000","0,000","0,000","0,000","0,000","2,000","38,150","3,000","57,225","11,000","209,825","9,000","171,675","8,000","152,600","6,000","114,450","6,000","114,450","1,000","19,075","0,000","0,000","0,000","0,000","0,000","0,000","0,000","0,000","0,000","0,000","0,000","0,000","2,000","38,150","2,000","38,150","6,000","114,450","6,000","114,450","6,000","114,450","6,000","114,450","6,000","114,450","1,000","19,075","0,000","0,000","0,000","0,000","0,000","0,000","0,000","0,000","0,000","0,000","0,000","0,000","2,000","38,150","5,000","95,375","16,000","305,200","8,000","152,600","6,000","114,450","9,000","171,675","6,000","114,450","1,000","19,075","0,000","0,000","0,000","0,000"
312,Olaria - Candelária,Internorte,Volta,19.189,"0,000","0,000","0,000","0,000","0,000","0,000","0,000","0,000","0,000","0,000","4,000","76,756","21,000","402,969","11,000","211,079","12,000","230,268","17,000","326,213","12,000","230,268","2,000","38,378","2,000","38,378","0,000","0,000","0,000","0,000","0,000","0,000","0,000","0,000","0,000","0,000","0,000","0,000","1,000","19,189","9,000","172,701","8,000","153,512","10,000","191,890","7,000","134,323","7,000","134,323","1,000","19,189","1,000","19,189","0,000","0,000","0,000","0,000","0,000","0,000","0,000","0,000","0,000","0,000","0,000","0,000","1,000","19,189","6,000","115,134","6,000","115,134","6,000","115,134","6,000","115,134","6,000","115,134","1,000","19,189","1,000","19,189","0,000","0,000","0,000","0,000","0,000","0,000","0,000","0,000","0,000","0,000","0,000","0,000","2,000","38,378","13,000","249,457","7,000","134,323","7,000","134,323","11,000","211,079","7,000","134,323","1,000","19,189","1,000","19,189","0,000","0,000"
313,Penha (Grotão) - Praça Tiradentes,Internorte,Ida,19.732,"0,000","0,000","0,000","0,000","0,000","0,000","0,000","0,000","2,000","39,464","4,000","78,928","14,000","276,248","9,000","177,588","7,000","138,124","12,000","236,784","6,000","118,392","1,000","19,732","0,000","0,000","0,000","0,000","0,000","0,000","0,000","0,000","0,000","0,000","0,000","0,000","1,000","19,732","2,000","39,464","6,000","118,392","6,000","118,392","6,000","118,392","6,000","118,392","6,000","118,392","1,000","19,732","0,000","0,000","0,000","0,000","0,000","0,000","0,000","0,000","0,000","0,000","0,000","0,000","0,000","0,000","2,000","39,464","6,000","118,392","6,000","118,392","6,000","118,392","6,000","118,392","6,000","118,392","1,000","19,732","0,000","0,000","0,000","0,000","0,000","0,000","0,000","0,000","0,000","0,000","0,000","0,000","1,000","19,732","2,000","39,464","9,000","177,588","6,000","118,392","4,000","78,928","7,000","138,124","4,000","78,928","1,000","19,732","0,000","0,000","0,000","0,000"
313,Penha (Grotão) - Praça Tiradentes,Internorte,Volta,20.811,"0,000","0,000","0,000","0,000","0,000","0,000","0,000","0,000","0,000","0,000","2,000","41,622","12,000","249,732","7,000","145,677","9,000","187,299","12,000","249,732","7,000","145,677","1,000","20,811","1,000","20,811","0,000","0,000","0,000","0,000","0,000","0,000","0,000","0,000","0,000","0,000","0,000","0,000","1,000","20,811","6,000","124,866","6,000","124,866","6,000","124,866","6,000","124,866","6,000","124,866","1,000","20,811","1,000","20,811","0,000","0,000","0,000","0,000","0,000","0,000","0,000","0,000","0,000","0,000","0,000","0,000","1,000","20,811","6,000","124,866","6,000","124,866","6,000","124,866","6,000","124,866","6,000","124,866","1,000","20,811","1,000","20,811","0,000","0,000","0,000","0,000","0,000","0,000","0,000","0,000","0,000","0,000","0,000","0,000","1,000","20,811","7,000","145,677","4,000","83,244","6,000","124,866","7,000","145,677","4,000","83,244","1,000","20,811","1,000","20,811","0,000","0,000"
315,Central - Recreio dos Bandeirantes,Transcarioca,Ida,46.074,"0,000","0,000","0,000","0,000","0,000","0,000","0,000","0,000","3,000","138,222","5,000","230,370","13,000","598,962","6,000","276,444","6,000","276,444","12,000","552,888","6,000","276,444","1,000","46,074","0,000","0,000","0,000","0,000","0,000","0,000","0,000","0,000","0,000","0,000","0,000","0,000","2,000","92,148","3,000","138,222","7,000","322,518","6,000","276,444","6,000","276,444","6,000","276,444","6,000","276,444","1,000","46,074","0,000","0,000","0,000","0,000","0,000","0,000","0,000","0,000","0,000","0,000","0,000","0,000","1,000","46,074","2,000","92,148","6,000","276,444","6,000","276,444","6,000","276,444","6,000","276,444","6,000","276,444","1,000","46,074","0,000","0,000","0,000","0,000","0,000","0,000","0,000","0,000","0,000","0,000","0,000","0,000","2,000","92,148","3,000","138,222","8,000","368,592","4,000","184,296","4,000","184,296","7,000","322,518","4,000","184,296","1,000","46,074","0,000","0,000","0,000","0,000"
315,Central - Recreio dos Bandeirantes,Transcarioca,Volta,48.424,"0,000","0,000","0,000","0,000","0,000","0,000","0,000","0,000","0,000","0,000","2,000","96,848","12,000","581,088","6,000","290,544","6,000","290,544","12,000","581,088","6,000","290,544","1,000","48,424","1,000","48,424","0,000","0,000","0,000","0,000","0,000","0,000","0,000","0,000","0,000","0,000","0,000","0,000","1,000","48,424","6,000","290,544","6,000","290,544","6,000","290,544","6,000","290,544","6,000","290,544","2,000","96,848","2,000","96,848","0,000","0,000","0,000","0,000","0,000","0,000","0,000","0,000","0,000","0,000","0,000","0,000","1,000","48,424","6,000","290,544","6,000","290,544","6,000","290,544","6,000","290,544","6,000","290,544","2,000","96,848","1,000","48,424","0,000","0,000","0,000","0,000","0,000","0,000","0,000","0,000","0,000","0,000","0,000","0,000","1,000","48,424","7,000","338,968","4,000","193,696","4,000","193,696","7,000","338,968","4,000","193,696","1,000","48,424","1,000","48,424","0,000","0,000"
319,Terminal Alvorada - Central do Brasil,Transcarioca,Ida,29.552,"0,000","0,000","0,000","0,000","0,000","0,000","0,000","0,000","3,000","88,656","7,000","206,864","25,000","738,800","13,000","384,176","18,000","531,936","22,000","650,144","13,000","384,176","4,000","118,208","0,000","0,000","0,000","0,000","0,000","0,000","0,000","0,000","0,000","0,000","0,000","0,000","2,000","59,104","5,000","147,760","17,000","502,384","13,000","384,176","15,000","443,280","17,000","502,384","11,000","325,072","2,000","59,104","0,000","0,000","0,000","0,000","0,000","0,000","0,000","0,000","0,000","0,000","0,000","0,000","2,000","59,104","4,000","118,208","12,000","354,624","9,000","265,968","9,000","265,968","11,000","325,072","10,000","295,520","3,000","88,656","0,000","0,000","0,000","0,000","0,000","0,000","0,000","0,000","0,000","0,000","0,000","0,000","2,000","59,104","4,000","118,208","16,000","472,832","8,000","236,416","11,000","325,072","14,000","413,728","8,000","236,416","2,000","59,104","0,000","0,000","0,000","0,000"
319,Terminal Alvorada - Central do Brasil,Transcarioca,Volta,30.066,"0,000","0,000","0,000","0,000","0,000","0,000","0,000","0,000","3,000","90,198","6,000","180,396","25,000","751,650","12,000","360,792","18,000","541,188","22,000","661,452","13,000","390,858","3,000","90,198","0,000","0,000","0,000","0,000","0,000","0,000","0,000","0,000","0,000","0,000","0,000","0,000","2,000","60,132","3,000","90,198","17,000","511,122","13,000","390,858","15,000","450,990","17,000","511,122","10,000","300,660","2,000","60,132","0,000","0,000","0,000","0,000","0,000","0,000","0,000","0,000","0,000","0,000","0,000","0,000","1,000","30,066","3,000","90,198","12,000","360,792","9,000","270,594","9,000","270,594","11,000","330,726","10,000","300,660","3,000","90,198","0,000","0,000","0,000","0,000","0,000","0,000","0,000","0,000","0,000","0,000","0,000","0,000","2,000","60,132","4,000","120,264","16,000","481,056","7,000","210,462","11,000","330,726","14,000","420,924","8,000","240,528","2,000","60,132","0,000","0,000","0,000","0,000"
321,Bancários - Castelo,Internorte,Ida,27.881,"0,000","0,000","0,000","0,000","0,000","0,000","0,000","0,000","2,000","55,762","6,000","167,286","17,000","473,977","10,000","278,810","9,000","250,929","12,000","334,572","8,000","223,048","1,000","27,881","1,000","27,881","0,000","0,000","0,000","0,000","0,000","0,000","0,000","0,000","0,000","0,000","0,000","0,000","3,000","83,643","9,000","250,929","7,000","195,167","6,000","167,286","6,000","167,286","6,000","167,286","1,000","27,881","1,000","27,881","0,000","0,000","0,000","0,000","0,000","0,000","0,000","0,000","0,000","0,000","0,000","0,000","0,000","0,000","0,000","0,000","0,000","0,000","0,000","0,000","0,000","0,000","0,000","0,000","0,000","0,000","0,000","0,000","0,000","0,000","0,000","0,000","0,000","0,000","0,000","0,000","0,000","0,000","1,000","27,881","4,000","111,524","11,000","306,691","6,000","167,286","6,000","167,286","7,000","195,167","5,000","139,405","1,000","27,881","1,000","27,881","0,000","0,000"
321,Bancários - Castelo,Internorte,Volta,26.090,"0,000","0,000","0,000","0,000","0,000","0,000","0,000","0,000","0,000","0,000","2,000","52,180","14,000","365,260","8,000","208,720","9,000","234,810","12,000","313,080","10,000","260,900","2,000","52,180","1,000","26,090","1,000","26,090","0,000","0,000","0,000","0,000","0,000","0,000","0,000","0,000","0,000","0,000","0,000","0,000","8,000","208,720","6,000","156,540","8,000","208,720","8,000","208,720","6,000","156,540","1,000","26,090","2,000","52,180","1,000","26,090","0,000","0,000","0,000","0,000","0,000","0,000","0,000","0,000","0,000","0,000","0,000","0,000","0,000","0,000","0,000","0,000","0,000","0,000","0,000","0,000","0,000","0,000","0,000","0,000","0,000","0,000","0,000","0,000","0,000","0,000","0,000","0,000","0,000","0,000","0,000","0,000","0,000","0,000","1,000","26,090","9,000","234,810","5,000","130,450","6,000","156,540","7,000","182,630","6,000","156,540","1,000","26,090","1,000","26,090","1,000","26,090"
323,Bananal - Castelo,Internorte,Ida,29.110,"0,000","0,000","0,000","0,000","0,000","0,000","1,000","29,110","2,000","58,220","4,000","116,440","14,000","407,540","10,000","291,100","9,000","261,990","12,000","349,320","6,000","174,660","1,000","29,110","1,000","29,110","0,000","0,000","0,000","0,000","0,000","0,000","0,000","0,000","0,000","0,000","0,000","0,000","0,000","0,000","6,000","174,660","6,000","174,660","6,000","174,660","6,000","174,660","0,000","0,000","0,000","0,000","0,000","0,000","0,000","0,000","0,000","0,000","0,000","0,000","0,000","0,000","0,000","0,000","0,000","0,000","0,000","0,000","0,000","0,000","0,000","0,000","0,000","0,000","0,000","0,000","0,000","0,000","0,000","0,000","0,000","0,000","0,000","0,000","0,000","0,000","0,000","0,000","0,000","0,000","1,000","29,110","1,000","29,110","2,000","58,220","9,000","261,990","6,000","174,660","6,000","174,660","7,000","203,770","4,000","116,440","1,000","29,110","1,000","29,110","0,000","0,000"
323,Bananal - Castelo,Internorte,Volta,28.247,"0,000","0,000","0,000","0,000","0,000","0,000","0,000","0,000","1,000","28,247","2,000","56,494","12,000","338,964","9,000","254,223","9,000","254,223","13,000","367,211","7,000","197,729","2,000","56,494","1,000","28,247","1,000","28,247","0,000","0,000","0,000","0,000","0,000","0,000","0,000","0,000","0,000","0,000","0,000","0,000","4,000","112,988","6,000","169,482","6,000","169,482","6,000","169,482","2,000","56,494","0,000","0,000","0,000","0,000","0,000","0,000","0,000","0,000","0,000","0,000","0,000","0,000","0,000","0,000","0,000","0,000","0,000","0,000","0,000","0,000","0,000","0,000","0,000","0,000","0,000","0,000","0,000","0,000","0,000","0,000","0,000","0,000","0,000","0,000","0,000","0,000","0,000","0,000","0,000","0,000","0,000","0,000","1,000","28,247","1,000","28,247","7,000","197,729","6,000","169,482","6,000","169,482","8,000","225,976","4,000","112,988","1,000","28,247","1,000","28,247","1,000","28,247"
324,Ribeira - Candelária,Internorte,Ida,27.330,"0,000","0,000","0,000","0,000","0,000","0,000","0,000","0,000","3,000","81,990","6,000","163,980","15,000","409,950","9,000","245,970","9,000","245,970","10,000","273,300","9,000","245,970","0,000","0,000","0,000","0,000","0,000","0,000","0,000","0,000","0,000","0,000","0,000","0,000","0,000","0,000","2,000","54,660","3,000","81,990","13,000","355,290","10,000","273,300","10,000","273,300","8,000","218,640","6,000","163,980","0,000","0,000","0,000","0,000","0,000","0,000","0,000","0,000","0,000","0,000","0,000","0,000","0,000","0,000","1,000","27,330","2,000","54,660","6,000","163,980","6,000","163,980","6,000","163,980","6,000","163,980","6,000","163,980","0,000","0,000","0,000","0,000","0,000","0,000","0,000","0,000","0,000","0,000","0,000","0,000","0,000","0,000","2,000","54,660","4,000","109,320","9,000","245,970","6,000","163,980","6,000","163,980","6,000","163,980","6,000","163,980","0,000","0,000","0,000","0,000","0,000","0,000"
324,Ribeira - Candelária,Internorte,Volta,27.199,"0,000","0,000","0,000","0,000","0,000","0,000","0,000","0,000","0,000","0,000","4,000","108,796","12,000","326,388","7,000","190,393","7,000","190,393","12,000","326,388","11,000","299,189","2,000","54,398","2,000","54,398","0,000","0,000","0,000","0,000","0,000","0,000","0,000","0,000","0,000","0,000","0,000","0,000","2,000","54,398","11,000","299,189","8,000","217,592","10,000","271,990","10,000","271,990","7,000","190,393","1,000","27,199","1,000","27,199","0,000","0,000","0,000","0,000","0,000","0,000","0,000","0,000","0,000","0,000","0,000","0,000","1,000","27,199","6,000","163,194","6,000","163,194","6,000","163,194","6,000","163,194","6,000","163,194","1,000","27,199","1,000","27,199","0,000","0,000","0,000","0,000","0,000","0,000","0,000","0,000","0,000","0,000","0,000","0,000","2,000","54,398","7,000","190,393","4,000","108,796","4,000","108,796","7,000","190,393","7,000","190,393","1,000","27,199","1,000","27,199","0,000","0,000"
325,Ribeira - Castelo,Internorte,Ida,28.588,"0,000","0,000","0,000","0,000","0,000","0,000","0,000","0,000","1,000","28,588","3,000","85,764","12,000","343,056","7,000","200,116","6,000","171,528","9,000","257,292","5,000","142,940","1,000","28,588","0,000","0,000","0,000","0,000","0,000","0,000","0,000","0,000","0,000","0,000","0,000","0,000","0,000","0,000","0,000","0,000","0,000","0,000","0,000","0,000","0,000","0,000","0,000","0,000","0,000","0,000","0,000","0,000","0,000","0,000","0,000","0,000","0,000","0,000","0,000","0,000","0,000","0,000","0,000","0,000","0,000","0,000","0,000","0,000","0,000","0,000","0,000","0,000","0,000","0,000","0,000","0,000","0,000","0,000","0,000","0,000","0,000","0,000","0,000","0,000","0,000","0,000","0,000","0,000","0,000","0,000","0,000","0,000","1,000","28,588","2,000","57,176","7,000","200,116","4,000","114,352","4,000","114,352","6,000","171,528","3,000","85,764","1,000","28,588","0,000","0,000","0,000","0,000"
325,Ribeira - Castelo,Internorte,Volta,26.884,"0,000","0,000","0,000","0,000","0,000","0,000","0,000","0,000","0,000","0,000","1,000","26,884","10,000","268,840","6,000","161,304","6,000","161,304","11,000","295,724","6,000","161,304","1,000","26,884","1,000","26,884","0,000","0,000","0,000","0,000","0,000","0,000","0,000","0,000","0,000","0,000","0,000","0,000","0,000","0,000","0,000","0,000","0,000","0,000","0,000","0,000","0,000","0,000","0,000","0,000","0,000","0,000","0,000","0,000","0,000","0,000","0,000","0,000","0,000","0,000","0,000","0,000","0,000","0,000","0,000","0,000","0,000","0,000","0,000","0,000","0,000","0,000","0,000","0,000","0,000","0,000","0,000","0,000","0,000","0,000","0,000","0,000","0,000","0,000","0,000","0,000","0,000","0,000","0,000","0,000","0,000","0,000","0,000","0,000","1,000","26,884","6,000","161,304","4,000","107,536","4,000","107,536","7,000","188,188","4,000","107,536","1,000","26,884","1,000","26,884","0,000","0,000"
326,Bancários - Candelária,Internorte,Ida,26.578,"1,000","26,578","0,000","0,000","0,000","0,000","1,000","26,578","2,000","53,156","5,000","132,890","13,000","345,514","8,000","212,624","9,000","239,202","10,000","265,780","8,000","212,624","1,000","26,578","1,000","26,578","1,000","26,578","0,000","0,000","0,000","0,000","0,000","0,000","1,000","26,578","2,000","53,156","3,000","79,734","9,000","239,202","8,000","212,624","7,000","186,046","6,000","159,468","6,000","159,468","1,000","26,578","1,000","26,578","1,000","26,578","0,000","0,000","0,000","0,000","0,000","0,000","1,000","26,578","2,000","53,156","2,000","53,156","6,000","159,468","6,000","159,468","6,000","159,468","6,000","159,468","6,000","159,468","1,000","26,578","1,000","26,578","0,000","0,000","1,000","26,578","0,000","0,000","0,000","0,000","1,000","26,578","1,000","26,578","3,000","79,734","8,000","212,624","5,000","132,890","6,000","159,468","6,000","159,468","5,000","132,890","1,000","26,578","1,000","26,578","1,000","26,578"
326,Bancários - Candelária,Internorte,Volta,26.452,"1,000","26,452","1,000","26,452","0,000","0,000","0,000","0,000","1,000","26,452","3,000","79,356","11,000","290,972","7,000","185,164","8,000","211,616","12,000","317,424","9,000","238,068","2,000","52,904","1,000","26,452","1,000","26,452","1,000","26,452","0,000","0,000","0,000","0,000","0,000","0,000","1,000","26,452","1,000","26,452","8,000","211,616","6,000","158,712","8,000","211,616","8,000","211,616","6,000","158,712","1,000","26,452","1,000","26,452","1,000","26,452","0,000","0,000","0,000","0,000","0,000","0,000","0,000","0,000","1,000","26,452","1,000","26,452","6,000","158,712","6,000","158,712","6,000","158,712","6,000","158,712","6,000","158,712","1,000","26,452","1,000","26,452","1,000","26,452","1,000","26,452","1,000","26,452","0,000","0,000","0,000","0,000","1,000","26,452","2,000","52,904","7,000","185,164","4,000","105,808","5,000","132,260","7,000","185,164","6,000","158,712","1,000","26,452","1,000","26,452","1,000","26,452"
327,Ribeira - Castelo,Internorte,Ida,28.031,"0,000","0,000","0,000","0,000","0,000","0,000","1,000","28,031","1,000","28,031","2,000","56,062","6,000","168,186","5,000","140,155","4,000","112,124","5,000","140,155","3,000","84,093","1,000","28,031","1,000","28,031","0,000","0,000","0,000","0,000","0,000","0,000","0,000","0,000","0,000","0,000","0,000","0,000","0,000","0,000","0,000","0,000","0,000","0,000","0,000","0,000","0,000","0,000","0,000","0,000","0,000","0,000","0,000","0,000","0,000","0,000","0,000","0,000","0,000","0,000","0,000","0,000","0,000","0,000","0,000","0,000","0,000","0,000","0,000","0,000","0,000","0,000","0,000","0,000","0,000","0,000","0,000","0,000","0,000","0,000","0,000","0,000","0,000","0,000","0,000","0,000","0,000","0,000","0,000","0,000","1,000","28,031","1,000","28,031","1,000","28,031","4,000","112,124","3,000","84,093","2,000","56,062","3,000","84,093","2,000","56,062","1,000","28,031","1,000","28,031","0,000","0,000"
327,Ribeira - Castelo,Internorte,Volta,27.098,"0,000","0,000","0,000","0,000","0,000","0,000","0,000","0,000","1,000","27,098","1,000","27,098","4,000","108,392","3,000","81,294","3,000","81,294","5,000","135,490","5,000","135,490","1,000","27,098","1,000","27,098","1,000","27,098","0,000","0,000","0,000","0,000","0,000","0,000","0,000","0,000","0,000","0,000","0,000","0,000","0,000","0,000","0,000","0,000","0,000","0,000","0,000","0,000","0,000","0,000","0,000","0,000","0,000","0,000","0,000","0,000","0,000","0,000","0,000","0,000","0,000","0,000","0,000","0,000","0,000","0,000","0,000","0,000","0,000","0,000","0,000","0,000","0,000","0,000","0,000","0,000","0,000","0,000","0,000","0,000","0,000","0,000","0,000","0,000","0,000","0,000","0,000","0,000","0,000","0,000","0,000","0,000","1,000","27,098","1,000","27,098","2,000","54,196","2,000","54,196","2,000","54,196","3,000","81,294","3,000","81,294","1,000","27,098","1,000","27,098","1,000","27,098"
328,Bananal - Candelária,Internorte,Ida,28.029,"0,000","0,000","0,000","0,000","0,000","0,000","0,000","0,000","6,000","168,174","7,000","196,203","14,000","392,406","9,000","252,261","10,000","280,290","12,000","336,348","9,000","252,261","2,000","56,058","0,000","0,000","0,000","0,000","0,000","0,000","0,000","0,000","0,000","0,000","0,000","0,000","4,000","112,116","4,000","112,116","14,000","392,406","14,000","392,406","10,000","280,290","9,000","252,261","8,000","224,232","1,000","28,029","0,000","0,000","0,000","0,000","0,000","0,000","0,000","0,000","0,000","0,000","0,000","0,000","2,000","56,058","2,000","56,058","11,000","308,319","10,000","280,290","7,000","196,203","7,000","196,203","6,000","168,174","1,000","28,029","0,000","0,000","0,000","0,000","0,000","0,000","0,000","0,000","0,000","0,000","0,000","0,000","4,000","112,116","4,000","112,116","9,000","252,261","6,000","168,174","6,000","168,174","7,000","196,203","6,000","168,174","1,000","28,029","0,000","0,000","0,000","0,000"
328,Bananal - Candelária,Internorte,Volta,28.646,"0,000","0,000","0,000","0,000","0,000","0,000","0,000","0,000","0,000","0,000","6,000","171,876","14,000","401,044","10,000","286,460","11,000","315,106","15,000","429,690","11,000","315,106","2,000","57,292","2,000","57,292","0,000","0,000","0,000","0,000","0,000","0,000","0,000","0,000","0,000","0,000","0,000","0,000","2,000","57,292","12,000","343,752","12,000","343,752","8,000","229,168","11,000","315,106","9,000","257,814","2,000","57,292","2,000","57,292","0,000","0,000","0,000","0,000","0,000","0,000","0,000","0,000","0,000","0,000","0,000","0,000","2,000","57,292","9,000","257,814","8,000","229,168","8,000","229,168","8,000","229,168","7,000","200,522","2,000","57,292","1,000","28,646","0,000","0,000","0,000","0,000","0,000","0,000","0,000","0,000","0,000","0,000","0,000","0,000","4,000","114,584","9,000","257,814","6,000","171,876","7,000","200,522","9,000","257,814","7,000","200,522","1,000","28,646","1,000","28,646","0,000","0,000"
329,Bancários - Candelária,Internorte,Ida,26.735,"0,000","0,000","0,000","0,000","0,000","0,000","1,000","26,735","2,000","53,470","6,000","160,410","13,000","347,555","7,000","187,145","8,000","213,880","13,000","347,555","9,000","240,615","1,000","26,735","1,000","26,735","1,000","26,735","0,000","0,000","0,000","0,000","0,000","0,000","0,000","0,000","2,000","53,470","3,000","80,205","7,000","187,145","6,000","160,410","6,000","160,410","6,000","160,410","6,000","160,410","1,000","26,735","1,000","26,735","1,000","26,735","0,000","0,000","0,000","0,000","0,000","0,000","0,000","0,000","1,000","26,735","2,000","53,470","6,000","160,410","6,000","160,410","6,000","160,410","6,000","160,410","6,000","160,410","1,000","26,735","1,000","26,735","1,000","26,735","0,000","0,000","0,000","0,000","0,000","0,000","1,000","26,735","1,000","26,735","4,000","106,940","8,000","213,880","4,000","106,940","5,000","133,675","8,000","213,880","6,000","160,410","1,000","26,735","1,000","26,735","1,000","26,735"
329,Bancários - Candelária,Internorte,Volta,27.340,"1,000","27,340","0,000","0,000","0,000","0,000","0,000","0,000","1,000","27,340","3,000","82,020","11,000","300,740","6,000","164,040","9,000","246,060","16,000","437,440","11,000","300,740","2,000","54,680","1,000","27,340","1,000","27,340","1,000","27,340","0,000","0,000","0,000","0,000","0,000","0,000","0,000","0,000","1,000","27,340","6,000","164,040","6,000","164,040","8,000","218,720","8,000","218,720","6,000","164,040","1,000","27,340","2,000","54,680","1,000","27,340","1,000","27,340","0,000","0,000","0,000","0,000","0,000","0,000","0,000","0,000","1,000","27,340","6,000","164,040","6,000","164,040","6,000","164,040","6,000","164,040","6,000","164,040","2,000","54,680","1,000","27,340","1,000","27,340","1,000","27,340","0,000","0,000","0,000","0,000","0,000","0,000","1,000","27,340","2,000","54,680","7,000","191,380","4,000","109,360","6,000","164,040","10,000","273,400","7,000","191,380","1,000","27,340","1,000","27,340","1,000","27,340"
335,Cordovil - Tiradentes,Internorte,Ida,22.227,"0,000","0,000","0,000","0,000","0,000","0,000","0,000","0,000","3,000","66,681","5,000","111,135","14,000","311,178","6,000","133,362","4,000","88,908","6,000","133,362","3,000","66,681","1,000","22,227","0,000","0,000","0,000","0,000","0,000","0,000","0,000","0,000","0,000","0,000","0,000","0,000","1,000","22,227","2,000","44,454","6,000","133,362","3,000","66,681","3,000","66,681","3,000","66,681","1,000","22,227","0,000","0,000","0,000","0,000","0,000","0,000","0,000","0,000","0,000","0,000","0,000","0,000","0,000","0,000","0,000","0,000","0,000","0,000","3,000","66,681","3,000","66,681","3,000","66,681","3,000","66,681","0,000","0,000","0,000","0,000","0,000","0,000","0,000","0,000","0,000","0,000","0,000","0,000","0,000","0,000","0,000","0,000","2,000","44,454","3,000","66,681","9,000","200,043","4,000","88,908","2,000","44,454","4,000","88,908","2,000","44,454","1,000","22,227","0,000","0,000","0,000","0,000"
335,Cordovil - Tiradentes,Internorte,Volta,21.406,"0,000","0,000","0,000","0,000","0,000","0,000","0,000","0,000","0,000","0,000","4,000","85,624","12,000","256,872","5,000","107,030","5,000","107,030","7,000","149,842","5,000","107,030","1,000","21,406","1,000","21,406","0,000","0,000","0,000","0,000","0,000","0,000","0,000","0,000","0,000","0,000","0,000","0,000","1,000","21,406","5,000","107,030","3,000","64,218","3,000","64,218","3,000","64,218","2,000","42,812","0,000","0,000","0,000","0,000","0,000","0,000","0,000","0,000","0,000","0,000","0,000","0,000","0,000","0,000","0,000","0,000","0,000","0,000","2,000","42,812","3,000","64,218","3,000","64,218","3,000","64,218","0,000","0,000","0,000","0,000","0,000","0,000","0,000","0,000","0,000","0,000","0,000","0,000","0,000","0,000","0,000","0,000","0,000","0,000","2,000","42,812","7,000","149,842","3,000","64,218","3,000","64,218","4,000","85,624","3,000","64,218","1,000","21,406","1,000","21,406","0,000","0,000"
338,Taquara - Candelária,Transcarioca,Ida,30.659,"0,000","0,000","0,000","0,000","0,000","0,000","0,000","0,000","1,000","30,659","1,000","30,659","2,000","61,318","0,000","0,000","0,000","0,000","0,000","0,000","0,000","0,000","0,000","0,000","0,000","0,000","0,000","0,000","0,000","0,000","0,000","0,000","0,000","0,000","0,000","0,000","0,000","0,000","0,000","0,000","0,000","0,000","0,000","0,000","0,000","0,000","0,000","0,000","0,000","0,000","0,000","0,000","0,000","0,000","0,000","0,000","0,000","0,000","0,000","0,000","0,000","0,000","0,000","0,000","0,000","0,000","0,000","0,000","0,000","0,000","0,000","0,000","0,000","0,000","0,000","0,000","0,000","0,000","0,000","0,000","0,000","0,000","0,000","0,000","0,000","0,000","0,000","0,000","0,000","0,000","0,000","0,000","1,000","30,659","1,000","30,659","1,000","30,659","0,000","0,000","0,000","0,000","0,000","0,000","0,000","0,000","0,000","0,000","0,000","0,000","0,000","0,000"
338,Taquara - Candelária,Transcarioca,Volta,33.364,"0,000","0,000","0,000","0,000","0,000","0,000","0,000","0,000","0,000","0,000","0,000","0,000","0,000","0,000","0,000","0,000","0,000","0,000","2,000","66,728","1,000","33,364","0,000","0,000","0,000","0,000","0,000","0,000","0,000","0,000","0,000","0,000","0,000","0,000","0,000","0,000","0,000","0,000","0,000","0,000","0,000","0,000","0,000","0,000","0,000","0,000","0,000","0,000","0,000","0,000","0,000","0,000","0,000","0,000","0,000","0,000","0,000","0,000","0,000","0,000","0,000","0,000","0,000","0,000","0,000","0,000","0,000","0,000","0,000","0,000","0,000","0,000","0,000","0,000","0,000","0,000","0,000","0,000","0,000","0,000","0,000","0,000","0,000","0,000","0,000","0,000","0,000","0,000","0,000","0,000","0,000","0,000","0,000","0,000","0,000","0,000","0,000","0,000","0,000","0,000","0,000","0,000","1,000","33,364","1,000","33,364","0,000","0,000","0,000","0,000","0,000","0,000"
341,Taquara - Candelária,Transcarioca,Ida,27.872,"0,000","0,000","0,000","0,000","0,000","0,000","1,000","27,872","1,000","27,872","3,000","83,616","13,000","362,336","8,000","222,976","6,000","167,232","12,000","334,464","6,000","167,232","1,000","27,872","1,000","27,872","0,000","0,000","0,000","0,000","0,000","0,000","0,000","0,000","0,000","0,000","1,000","27,872","1,000","27,872","6,000","167,232","6,000","167,232","6,000","167,232","6,000","167,232","6,000","167,232","1,000","27,872","1,000","27,872","0,000","0,000","0,000","0,000","0,000","0,000","0,000","0,000","0,000","0,000","1,000","27,872","1,000","27,872","6,000","167,232","6,000","167,232","6,000","167,232","6,000","167,232","6,000","167,232","1,000","27,872","0,000","0,000","0,000","0,000","0,000","0,000","0,000","0,000","0,000","0,000","1,000","27,872","1,000","27,872","2,000","55,744","8,000","222,976","5,000","139,360","4,000","111,488","7,000","195,104","4,000","111,488","1,000","27,872","1,000","27,872","0,000","0,000"
341,Taquara - Candelária,Transcarioca,Volta,29.708,"0,000","0,000","0,000","0,000","0,000","0,000","0,000","0,000","1,000","29,708","1,000","29,708","12,000","356,496","6,000","178,248","6,000","178,248","12,000","356,496","6,000","178,248","1,000","29,708","1,000","29,708","1,000","29,708","0,000","0,000","0,000","0,000","0,000","0,000","0,000","0,000","0,000","0,000","1,000","29,708","6,000","178,248","6,000","178,248","6,000","178,248","6,000","178,248","6,000","178,248","1,000","29,708","1,000","29,708","1,000","29,708","0,000","0,000","0,000","0,000","0,000","0,000","0,000","0,000","0,000","0,000","1,000","29,708","6,000","178,248","6,000","178,248","6,000","178,248","6,000","178,248","6,000","178,248","1,000","29,708","1,000","29,708","0,000","0,000","0,000","0,000","0,000","0,000","0,000","0,000","0,000","0,000","1,000","29,708","1,000","29,708","7,000","207,956","4,000","118,832","4,000","118,832","7,000","207,956","4,000","118,832","1,000","29,708","1,000","29,708","1,000","29,708"
342,Jardim América - Castelo,Internorte,Ida,32.402,"0,000","0,000","0,000","0,000","0,000","0,000","1,000","32,402","4,000","129,608","5,000","162,010","8,000","259,216","7,000","226,814","7,000","226,814","8,000","259,216","6,000","194,412","1,000","32,402","1,000","32,402","0,000","0,000","0,000","0,000","0,000","0,000","0,000","0,000","1,000","32,402","2,000","64,804","3,000","97,206","5,000","162,010","4,000","129,608","3,000","97,206","3,000","97,206","3,000","97,206","1,000","32,402","1,000","32,402","0,000","0,000","0,000","0,000","0,000","0,000","0,000","0,000","0,000","0,000","1,000","32,402","2,000","64,804","4,000","129,608","3,000","97,206","3,000","97,206","3,000","97,206","3,000","97,206","1,000","32,402","1,000","32,402","0,000","0,000","0,000","0,000","0,000","0,000","0,000","0,000","1,000","32,402","2,000","64,804","3,000","97,206","5,000","162,010","4,000","129,608","4,000","129,608","5,000","162,010","4,000","129,608","1,000","32,402","1,000","32,402","0,000","0,000"
342,Jardim América - Castelo,Internorte,Volta,28.669,"1,000","28,669","0,000","0,000","0,000","0,000","0,000","0,000","0,000","0,000","3,000","86,007","6,000","172,014","5,000","143,345","6,000","172,014","9,000","258,021","7,000","200,683","1,000","28,669","1,000","28,669","1,000","28,669","0,000","0,000","0,000","0,000","0,000","0,000","0,000","0,000","0,000","0,000","1,000","28,669","3,000","86,007","3,000","86,007","4,000","114,676","4,000","114,676","4,000","114,676","1,000","28,669","2,000","57,338","1,000","28,669","0,000","0,000","0,000","0,000","0,000","0,000","0,000","0,000","0,000","0,000","1,000","28,669","3,000","86,007","3,000","86,007","3,000","86,007","3,000","86,007","3,000","86,007","1,000","28,669","1,000","28,669","1,000","28,669","1,000","28,669","0,000","0,000","0,000","0,000","0,000","0,000","0,000","0,000","2,000","57,338","4,000","114,676","3,000","86,007","4,000","114,676","6,000","172,014","4,000","114,676","1,000","28,669","1,000","28,669","1,000","28,669"
343,Jardim Oceânico - Candelária,Transcarioca,Ida,42.006,"0,000","0,000","0,000","0,000","0,000","0,000","1,000","42,006","1,000","42,006","3,000","126,018","16,000","672,096","9,000","378,054","10,000","420,060","18,000","756,108","9,000","378,054","2,000","84,012","1,000","42,006","1,000","42,006","0,000","0,000","0,000","0,000","0,000","0,000","1,000","42,006","1,000","42,006","1,000","42,006","9,000","378,054","8,000","336,048","8,000","336,048","10,000","420,060","7,000","294,042","1,000","42,006","1,000","42,006","0,000","0,000","0,000","0,000","0,000","0,000","0,000","0,000","0,000","0,000","1,000","42,006","1,000","42,006","5,000","210,030","6,000","252,036","6,000","252,036","7,000","294,042","6,000","252,036","1,000","42,006","1,000","42,006","1,000","42,006","0,000","0,000","0,000","0,000","0,000","0,000","1,000","42,006","1,000","42,006","2,000","84,012","10,000","420,060","6,000","252,036","6,000","252,036","11,000","462,066","6,000","252,036","1,000","42,006","1,000","42,006","1,000","42,006"
343,Jardim Oceânico - Candelária,Transcarioca,Volta,40.032,"1,000","40,032","0,000","0,000","0,000","0,000","0,000","0,000","1,000","40,032","4,000","160,128","19,000","760,608","10,000","400,320","9,000","360,288","15,000","600,480","9,000","360,288","2,000","80,064","1,000","40,032","1,000","40,032","1,000","40,032","0,000","0,000","0,000","0,000","0,000","0,000","1,000","40,032","2,000","80,064","11,000","440,352","8,000","320,256","9,000","360,288","10,000","400,320","7,000","280,224","2,000","80,064","1,000","40,032","1,000","40,032","1,000","40,032","0,000","0,000","0,000","0,000","0,000","0,000","0,000","0,000","1,000","40,032","6,000","240,192","7,000","280,224","6,000","240,192","6,000","240,192","6,000","240,192","1,000","40,032","1,000","40,032","1,000","40,032","1,000","40,032","0,000","0,000","0,000","0,000","0,000","0,000","1,000","40,032","2,000","80,064","12,000","480,384","6,000","240,192","6,000","240,192","9,000","360,288","6,000","240,192","1,000","40,032","1,000","40,032","1,000","40,032"
348,Riocentro - Candelária,Transcarioca,Ida,37.512,"0,000","0,000","0,000","0,000","0,000","0,000","0,000","0,000","4,000","150,048","5,000","187,560","12,000","450,144","6,000","225,072","6,000","225,072","12,000","450,144","6,000","225,072","1,000","37,512","1,000","37,512","0,000","0,000","0,000","0,000","0,000","0,000","0,000","0,000","0,000","0,000","1,000","37,512","2,000","75,024","6,000","225,072","6,000","225,072","6,000","225,072","6,000","225,072","6,000","225,072","1,000","37,512","1,000","37,512","0,000","0,000","0,000","0,000","0,000","0,000","0,000","0,000","0,000","0,000","0,000","0,000","1,000","37,512","6,000","225,072","6,000","225,072","6,000","225,072","6,000","225,072","6,000","225,072","1,000","37,512","1,000","37,512","0,000","0,000","0,000","0,000","0,000","0,000","0,000","0,000","0,000","0,000","2,000","75,024","3,000","112,536","7,000","262,584","4,000","150,048","4,000","150,048","7,000","262,584","4,000","150,048","1,000","37,512","1,000","37,512","0,000","0,000"
348,Riocentro - Candelária,Transcarioca,Volta,39.599,"0,000","0,000","0,000","0,000","0,000","0,000","0,000","0,000","0,000","0,000","3,000","118,797","12,000","475,188","6,000","237,594","6,000","237,594","12,000","475,188","6,000","237,594","1,000","39,599","1,000","39,599","0,000","0,000","0,000","0,000","0,000","0,000","0,000","0,000","0,000","0,000","0,000","0,000","1,000","39,599","6,000","237,594","6,000","237,594","6,000","237,594","6,000","237,594","6,000","237,594","1,000","39,599","1,000","39,599","0,000","0,000","0,000","0,000","0,000","0,000","0,000","0,000","0,000","0,000","0,000","0,000","0,000","0,000","6,000","237,594","6,000","237,594","6,000","237,594","6,000","237,594","6,000","237,594","1,000","39,599","1,000","39,599","0,000","0,000","0,000","0,000","0,000","0,000","0,000","0,000","0,000","0,000","0,000","0,000","2,000","79,198","7,000","277,193","4,000","158,396","4,000","158,396","7,000","277,193","4,000","158,396","1,000","39,599","1,000","39,599","0,000","0,000"
349,Rocha Miranda - Castelo,Internorte,Ida,31.493,"0,000","0,000","0,000","0,000","0,000","0,000","0,000","0,000","0,000","0,000","1,000","31,493","1,000","31,493","0,000","0,000","0,000","0,000","0,000","0,000","0,000","0,000","0,000","0,000","0,000","0,000","0,000","0,000","0,000","0,000","0,000","0,000","0,000","0,000","0,000","0,000","0,000","0,000","0,000","0,000","0,000","0,000","0,000","0,000","0,000","0,000","0,000","0,000","0,000","0,000","0,000","0,000","0,000","0,000","0,000","0,000","0,000","0,000","0,000","0,000","0,000","0,000","0,000","0,000","0,000","0,000","0,000","0,000","0,000","0,000","0,000","0,000","0,000","0,000","0,000","0,000","0,000","0,000","0,000","0,000","0,000","0,000","0,000","0,000","0,000","0,000","0,000","0,000","0,000","0,000","0,000","0,000","0,000","0,000","1,000","31,493","1,000","31,493","0,000","0,000","0,000","0,000","0,000","0,000","0,000","0,000","0,000","0,000","0,000","0,000","0,000","0,000"
350,Irajá - Castelo,Internorte,Ida,25.410,"0,000","0,000","0,000","0,000","0,000","0,000","0,000","0,000","1,000","25,410","2,000","50,820","12,000","304,920","6,000","152,460","6,000","152,460","12,000","304,920","6,000","152,460","1,000","25,410","1,000","25,410","0,000","0,000","0,000","0,000","0,000","0,000","0,000","0,000","0,000","0,000","1,000","25,410","1,000","25,410","6,000","152,460","6,000","152,460","6,000","152,460","6,000","152,460","6,000","152,460","1,000","25,410","1,000","25,410","0,000","0,000","0,000","0,000","0,000","0,000","0,000","0,000","0,000","0,000","0,000","0,000","1,000","25,410","6,000","152,460","6,000","152,460","6,000","152,460","6,000","152,460","6,000","152,460","1,000","25,410","1,000","25,410","0,000","0,000","0,000","0,000","0,000","0,000","0,000","0,000","0,000","0,000","1,000","25,410","1,000","25,410","7,000","177,870","4,000","101,640","4,000","101,640","7,000","177,870","4,000","101,640","1,000","25,410","1,000","25,410","0,000","0,000"
350,Irajá - Castelo,Internorte,Volta,27.675,"0,000","0,000","0,000","0,000","0,000","0,000","0,000","0,000","0,000","0,000","1,000","27,675","12,000","332,100","6,000","166,050","6,000","166,050","12,000","332,100","6,000","166,050","1,000","27,675","1,000","27,675","1,000","27,675","0,000","0,000","0,000","0,000","0,000","0,000","0,000","0,000","0,000","0,000","1,000","27,675","6,000","166,050","6,000","166,050","6,000","166,050","6,000","166,050","6,000","166,050","1,000","27,675","1,000","27,675","1,000","27,675","0,000","0,000","0,000","0,000","0,000","0,000","0,000","0,000","0,000","0,000","0,000","0,000","6,000","166,050","6,000","166,050","6,000","166,050","6,000","166,050","6,000","166,050","1,000","27,675","1,000","27,675","1,000","27,675","0,000","0,000","0,000","0,000","0,000","0,000","0,000","0,000","0,000","0,000","1,000","27,675","7,000","193,725","4,000","110,700","4,000","110,700","7,000","193,725","4,000","110,700","1,000","27,675","1,000","27,675","1,000","27,675"
352,Riocentro - Candelária,Transcarioca,Ida,36.371,"0,000","0,000","0,000","0,000","0,000","0,000","0,000","0,000","0,000","0,000","0,000","0,000","0,000","0,000","0,000","0,000","0,000","0,000","4,000","145,484","1,000","36,371","0,000","0,000","0,000","0,000","0,000","0,000","0,000","0,000","0,000","0,000","0,000","0,000","0,000","0,000","0,000","0,000","0,000","0,000","0,000","0,000","0,000","0,000","0,000","0,000","0,000","0,000","0,000","0,000","0,000","0,000","0,000","0,000","0,000","0,000","0,000","0,000","0,000","0,000","0,000","0,000","0,000","0,000","0,000","0,000","0,000","0,000","0,000","0,000","0,000","0,000","0,000","0,000","0,000","0,000","0,000","0,000","0,000","0,000","0,000","0,000","0,000","0,000","0,000","0,000","0,000","0,000","0,000","0,000","0,000","0,000","0,000","0,000","0,000","0,000","0,000","0,000","0,000","0,000","0,000","0,000","2,000","72,742","1,000","36,371","0,000","0,000","0,000","0,000","0,000","0,000"
352,Riocentro - Candelária,Transcarioca,Volta,37.351,"0,000","0,000","0,000","0,000","0,000","0,000","0,000","0,000","0,000","0,000","1,000","37,351","2,000","74,702","0,000","0,000","0,000","0,000","0,000","0,000","0,000","0,000","0,000","0,000","0,000","0,000","0,000","0,000","0,000","0,000","0,000","0,000","0,000","0,000","0,000","0,000","0,000","0,000","0,000","0,000","0,000","0,000","0,000","0,000","0,000","0,000","0,000","0,000","0,000","0,000","0,000","0,000","0,000","0,000","0,000","0,000","0,000","0,000","0,000","0,000","0,000","0,000","0,000","0,000","0,000","0,000","0,000","0,000","0,000","0,000","0,000","0,000","0,000","0,000","0,000","0,000","0,000","0,000","0,000","0,000","0,000","0,000","0,000","0,000","0,000","0,000","0,000","0,000","0,000","0,000","0,000","0,000","0,000","0,000","1,000","37,351","1,000","37,351","0,000","0,000","0,000","0,000","0,000","0,000","0,000","0,000","0,000","0,000","0,000","0,000","0,000","0,000"
353,Gardênia Azul - Terminal Gentileza,Transcarioca,Ida,32.027,"0,000","0,000","0,000","0,000","0,000","0,000","0,000","0,000","1,000","32,027","4,000","128,108","13,000","416,351","6,000","192,162","6,000","192,162","12,000","384,324","6,000","192,162","1,000","32,027","0,000","0,000","0,000","0,000","0,000","0,000","0,000","0,000","0,000","0,000","0,000","0,000","1,000","32,027","1,000","32,027","6,000","192,162","6,000","192,162","6,000","192,162","6,000","192,162","6,000","192,162","1,000","32,027","0,000","0,000","0,000","0,000","0,000","0,000","0,000","0,000","0,000","0,000","0,000","0,000","1,000","32,027","1,000","32,027","6,000","192,162","6,000","192,162","6,000","192,162","6,000","192,162","6,000","192,162","1,000","32,027","0,000","0,000","0,000","0,000","0,000","0,000","0,000","0,000","0,000","0,000","0,000","0,000","1,000","32,027","2,000","64,054","8,000","256,216","4,000","128,108","4,000","128,108","7,000","224,189","4,000","128,108","1,000","32,027","0,000","0,000","0,000","0,000"
353,Gardênia Azul - Terminal Gentileza,Transcarioca,Volta,32.231,"0,000","0,000","0,000","0,000","0,000","0,000","0,000","0,000","0,000","0,000","2,000","64,462","12,000","386,772","6,000","193,386","6,000","193,386","12,000","386,772","6,000","193,386","1,000","32,231","0,000","0,000","0,000","0,000","0,000","0,000","0,000","0,000","0,000","0,000","0,000","0,000","0,000","0,000","1,000","32,231","6,000","193,386","6,000","193,386","6,000","193,386","6,000","193,386","6,000","193,386","1,000","32,231","0,000","0,000","0,000","0,000","0,000","0,000","0,000","0,000","0,000","0,000","0,000","0,000","0,000","0,000","1,000","32,231","6,000","193,386","6,000","193,386","6,000","193,386","6,000","193,386","6,000","193,386","1,000","32,231","0,000","0,000","0,000","0,000","0,000","0,000","0,000","0,000","0,000","0,000","0,000","0,000","0,000","0,000","1,000","32,231","7,000","225,617","4,000","128,924","4,000","128,924","7,000","225,617","4,000","128,924","1,000","32,231","0,000","0,000","0,000","0,000"
355,Madureira - Praça Tiradentes,Internorte,Ida,28.537,"0,000","0,000","0,000","0,000","0,000","0,000","0,000","0,000","2,000","57,074","4,000","114,148","8,000","228,296","7,000","199,759","8,000","228,296","9,000","256,833","6,000","171,222","2,000","57,074","0,000","0,000","0,000","0,000","0,000","0,000","0,000","0,000","0,000","0,000","0,000","0,000","1,000","28,537","3,000","85,611","8,000","228,296","9,000","256,833","10,000","285,370","9,000","256,833","6,000","171,222","2,000","57,074","0,000","0,000","0,000","0,000","0,000","0,000","0,000","0,000","0,000","0,000","0,000","0,000","1,000","28,537","2,000","57,074","6,000","171,222","6,000","171,222","4,000","114,148","6,000","171,222","5,000","142,685","2,000","57,074","0,000","0,000","0,000","0,000","0,000","0,000","0,000","0,000","0,000","0,000","0,000","0,000","1,000","28,537","2,000","57,074","5,000","142,685","4,000","114,148","5,000","142,685","6,000","171,222","4,000","114,148","1,000","28,537","0,000","0,000","0,000","0,000"
355,Madureira - Praça Tiradentes,Internorte,Volta,29.108,"0,000","0,000","0,000","0,000","0,000","0,000","0,000","0,000","0,000","0,000","2,000","58,216","8,000","232,864","6,000","174,648","7,000","203,756","8,000","232,864","5,000","145,540","2,000","58,216","1,000","29,108","0,000","0,000","0,000","0,000","0,000","0,000","0,000","0,000","0,000","0,000","0,000","0,000","1,000","29,108","8,000","232,864","9,000","261,972","8,000","232,864","8,000","232,864","5,000","145,540","2,000","58,216","1,000","29,108","0,000","0,000","0,000","0,000","0,000","0,000","0,000","0,000","0,000","0,000","0,000","0,000","1,000","29,108","4,000","116,432","5,000","145,540","5,000","145,540","5,000","145,540","3,000","87,324","1,000","29,108","1,000","29,108","0,000","0,000","0,000","0,000","0,000","0,000","0,000","0,000","0,000","0,000","0,000","0,000","1,000","29,108","5,000","145,540","4,000","116,432","4,000","116,432","5,000","145,540","3,000","87,324","1,000","29,108","1,000","29,108","0,000","0,000"
361,Recreio dos Bandeirantes - Castelo,Transcarioca,Ida,49.492,"0,000","0,000","0,000","0,000","0,000","0,000","1,000","49,492","4,000","197,968","6,000","296,952","15,000","742,380","8,000","395,936","11,000","544,412","17,000","841,364","8,000","395,936","2,000","98,984","1,000","49,492","0,000","0,000","0,000","0,000","0,000","0,000","0,000","0,000","1,000","49,492","2,000","98,984","3,000","148,476","8,000","395,936","7,000","346,444","7,000","346,444","8,000","395,936","6,000","296,952","1,000","49,492","1,000","49,492","0,000","0,000","0,000","0,000","0,000","0,000","0,000","0,000","1,000","49,492","1,000","49,492","2,000","98,984","6,000","296,952","6,000","296,952","6,000","296,952","6,000","296,952","6,000","296,952","1,000","49,492","0,000","0,000","0,000","0,000","0,000","0,000","0,000","0,000","0,000","0,000","1,000","49,492","2,000","98,984","4,000","197,968","9,000","445,428","5,000","247,460","7,000","346,444","11,000","544,412","5,000","247,460","1,000","49,492","1,000","49,492","0,000","0,000"
361,Recreio dos Bandeirantes - Castelo,Transcarioca,Volta,48.434,"0,000","0,000","0,000","0,000","0,000","0,000","0,000","0,000","2,000","96,868","6,000","290,604","18,000","871,812","9,000","435,906","9,000","435,906","14,000","678,076","9,000","435,906","2,000","96,868","1,000","48,434","1,000","48,434","0,000","0,000","0,000","0,000","0,000","0,000","0,000","0,000","1,000","48,434","4,000","193,736","10,000","484,340","7,000","339,038","6,000","290,604","6,000","290,604","6,000","290,604","1,000","48,434","1,000","48,434","1,000","48,434","0,000","0,000","0,000","0,000","0,000","0,000","0,000","0,000","1,000","48,434","3,000","145,302","7,000","339,038","6,000","290,604","6,000","290,604","6,000","290,604","6,000","290,604","1,000","48,434","1,000","48,434","0,000","0,000","0,000","0,000","0,000","0,000","0,000","0,000","0,000","0,000","1,000","48,434","4,000","193,736","11,000","532,774","6,000","290,604","6,000","290,604","9,000","435,906","6,000","290,604","1,000","48,434","1,000","48,434","1,000","48,434"
362,Honório Gurgel - Castelo,Internorte,Ida,34.984,"0,000","0,000","0,000","0,000","0,000","0,000","1,000","34,984","3,000","104,952","4,000","139,936","7,000","244,888","6,000","209,904","6,000","209,904","5,000","174,920","3,000","104,952","1,000","34,984","1,000","34,984","0,000","0,000","0,000","0,000","0,000","0,000","0,000","0,000","1,000","34,984","2,000","69,968","2,000","69,968","5,000","174,920","5,000","174,920","3,000","104,952","3,000","104,952","3,000","104,952","1,000","34,984","1,000","34,984","0,000","0,000","0,000","0,000","0,000","0,000","0,000","0,000","0,000","0,000","2,000","69,968","2,000","69,968","3,000","104,952","3,000","104,952","3,000","104,952","3,000","104,952","3,000","104,952","1,000","34,984","1,000","34,984","0,000","0,000","0,000","0,000","0,000","0,000","0,000","0,000","1,000","34,984","2,000","69,968","2,000","69,968","4,000","139,936","4,000","139,936","4,000","139,936","3,000","104,952","2,000","69,968","1,000","34,984","1,000","34,984","0,000","0,000"
362,Honório Gurgel - Castelo,Internorte,Volta,34.146,"0,000","0,000","0,000","0,000","0,000","0,000","0,000","0,000","1,000","34,146","2,000","68,292","7,000","239,022","5,000","170,730","6,000","204,876","7,000","239,022","5,000","170,730","1,000","34,146","1,000","34,146","1,000","34,146","0,000","0,000","0,000","0,000","0,000","0,000","0,000","0,000","1,000","34,146","1,000","34,146","3,000","102,438","3,000","102,438","4,000","136,584","3,000","102,438","3,000","102,438","1,000","34,146","1,000","34,146","1,000","34,146","0,000","0,000","0,000","0,000","0,000","0,000","0,000","0,000","0,000","0,000","1,000","34,146","3,000","102,438","3,000","102,438","3,000","102,438","3,000","102,438","3,000","102,438","1,000","34,146","1,000","34,146","1,000","34,146","0,000","0,000","0,000","0,000","0,000","0,000","0,000","0,000","1,000","34,146","1,000","34,146","4,000","136,584","3,000","102,438","4,000","136,584","4,000","136,584","3,000","102,438","1,000","34,146","1,000","34,146","1,000","34,146"
363,Vila Valqueire - Candelária,Transcarioca,Ida,26.453,"0,000","0,000","0,000","0,000","0,000","0,000","0,000","0,000","3,000","79,359","5,000","132,265","26,000","687,778","15,000","396,795","14,000","370,342","16,000","423,248","9,000","238,077","1,000","26,453","1,000","26,453","0,000","0,000","0,000","0,000","0,000","0,000","0,000","0,000","0,000","0,000","1,000","26,453","2,000","52,906","11,000","290,983","10,000","264,530","8,000","211,624","7,000","185,171","6,000","158,718","1,000","26,453","1,000","26,453","0,000","0,000","0,000","0,000","0,000","0,000","0,000","0,000","0,000","0,000","1,000","26,453","2,000","52,906","6,000","158,718","6,000","158,718","6,000","158,718","6,000","158,718","6,000","158,718","1,000","26,453","1,000","26,453","0,000","0,000","0,000","0,000","0,000","0,000","0,000","0,000","0,000","0,000","2,000","52,906","3,000","79,359","16,000","423,248","9,000","238,077","9,000","238,077","10,000","264,530","6,000","158,718","1,000","26,453","1,000","26,453","0,000","0,000"
363,Vila Valqueire - Candelária,Transcarioca,Volta,29.292,"0,000","0,000","0,000","0,000","0,000","0,000","0,000","0,000","0,000","0,000","4,000","117,168","20,000","585,840","14,000","410,088","13,000","380,796","20,000","585,840","11,000","322,212","3,000","87,876","2,000","58,584","0,000","0,000","0,000","0,000","0,000","0,000","0,000","0,000","0,000","0,000","0,000","0,000","1,000","29,292","9,000","263,628","9,000","263,628","10,000","292,920","9,000","263,628","7,000","205,044","2,000","58,584","2,000","58,584","0,000","0,000","0,000","0,000","0,000","0,000","0,000","0,000","0,000","0,000","0,000","0,000","1,000","29,292","6,000","175,752","6,000","175,752","6,000","175,752","6,000","175,752","6,000","175,752","1,000","29,292","1,000","29,292","0,000","0,000","0,000","0,000","0,000","0,000","0,000","0,000","0,000","0,000","0,000","0,000","2,000","58,584","12,000","351,504","9,000","263,628","8,000","234,336","12,000","351,504","7,000","205,044","2,000","58,584","1,000","29,292","0,000","0,000"
368,Riocentro - Candelária,Transcarioca,Ida,37.659,"0,000","0,000","0,000","0,000","0,000","0,000","0,000","0,000","2,000","75,318","5,000","188,295","16,000","602,544","6,000","225,954","8,000","301,272","12,000","451,908","6,000","225,954","1,000","37,659","1,000","37,659","0,000","0,000","0,000","0,000","0,000","0,000","0,000","0,000","0,000","0,000","1,000","37,659","2,000","75,318","7,000","263,613","6,000","225,954","6,000","225,954","6,000","225,954","6,000","225,954","1,000","37,659","2,000","75,318","0,000","0,000","0,000","0,000","0,000","0,000","0,000","0,000","0,000","0,000","1,000","37,659","1,000","37,659","6,000","225,954","6,000","225,954","6,000","225,954","6,000","225,954","6,000","225,954","1,000","37,659","1,000","37,659","0,000","0,000","0,000","0,000","0,000","0,000","0,000","0,000","0,000","0,000","1,000","37,659","3,000","112,977","10,000","376,590","4,000","150,636","5,000","188,295","7,000","263,613","4,000","150,636","1,000","37,659","1,000","37,659","0,000","0,000"
368,Riocentro - Candelária,Transcarioca,Volta,36.909,"0,000","0,000","0,000","0,000","0,000","0,000","0,000","0,000","0,000","0,000","3,000","110,727","13,000","479,817","7,000","258,363","7,000","258,363","12,000","442,908","8,000","295,272","2,000","73,818","2,000","73,818","0,000","0,000","0,000","0,000","0,000","0,000","0,000","0,000","0,000","0,000","0,000","0,000","1,000","36,909","6,000","221,454","6,000","221,454","6,000","221,454","6,000","221,454","6,000","221,454","1,000","36,909","2,000","73,818","0,000","0,000","0,000","0,000","0,000","0,000","0,000","0,000","0,000","0,000","0,000","0,000","1,000","36,909","6,000","221,454","6,000","221,454","6,000","221,454","6,000","221,454","6,000","221,454","1,000","36,909","1,000","36,909","0,000","0,000","0,000","0,000","0,000","0,000","0,000","0,000","0,000","0,000","0,000","0,000","2,000","73,818","8,000","295,272","4,000","147,636","4,000","147,636","7,000","258,363","5,000","184,545","1,000","36,909","1,000","36,909","0,000","0,000"
369,Bangu - Candelária,Santa Cruz,Ida,40.450,"0,000","0,000","0,000","0,000","0,000","0,000","0,000","0,000","3,000","121,350","3,000","121,350","7,000","283,150","6,000","242,700","6,000","242,700","6,000","242,700","5,000","202,250","0,000","0,000","0,000","0,000","0,000","0,000","0,000","0,000","0,000","0,000","0,000","0,000","0,000","0,000","2,000","80,900","3,000","121,350","6,000","242,700","3,000","121,350","5,000","202,250","5,000","202,250","4,000","161,800","0,000","0,000","0,000","0,000","0,000","0,000","0,000","0,000","0,000","0,000","0,000","0,000","0,000","0,000","1,000","40,450","2,000","80,900","3,000","121,350","3,000","121,350","3,000","121,350","3,000","121,350","0,000","0,000","0,000","0,000","0,000","0,000","0,000","0,000","0,000","0,000","0,000","0,000","0,000","0,000","0,000","0,000","2,000","80,900","2,000","80,900","4,000","161,800","4,000","161,800","4,000","161,800","4,000","161,800","3,000","121,350","0,000","0,000","0,000","0,000","0,000","0,000"
369,Bangu - Candelária,Santa Cruz,Volta,39.839,"0,000","0,000","0,000","0,000","0,000","0,000","0,000","0,000","0,000","0,000","2,000","79,678","6,000","239,034","6,000","239,034","6,000","239,034","6,000","239,034","6,000","239,034","1,000","39,839","1,000","39,839","1,000","39,839","0,000","0,000","0,000","0,000","0,000","0,000","0,000","0,000","0,000","0,000","0,000","0,000","5,000","199,195","3,000","119,517","6,000","239,034","6,000","239,034","5,000","199,195","1,000","39,839","1,000","39,839","0,000","0,000","0,000","0,000","0,000","0,000","0,000","0,000","0,000","0,000","0,000","0,000","0,000","0,000","3,000","119,517","3,000","119,517","3,000","119,517","3,000","119,517","4,000","159,356","0,000","0,000","0,000","0,000","0,000","0,000","0,000","0,000","0,000","0,000","0,000","0,000","0,000","0,000","0,000","0,000","1,000","39,839","4,000","159,356","4,000","159,356","4,000","159,356","4,000","159,356","4,000","159,356","1,000","39,839","1,000","39,839","1,000","39,839"
371,Praça Seca - Praça Tiradentes,Transcarioca,Ida,25.707,"0,000","0,000","0,000","0,000","1,000","25,707","2,000","51,414","8,000","205,656","25,000","642,675","45,000","1.156,815","35,000","899,745","30,000","771,210","40,000","1.028,280","25,000","642,675","3,000","77,121","2,000","51,414","1,000","25,707","0,000","0,000","1,000","25,707","1,000","25,707","1,000","25,707","5,000","128,535","8,000","205,656","24,000","616,968","23,000","591,261","21,000","539,847","20,000","514,140","14,000","359,898","2,000","51,414","2,000","51,414","1,000","25,707","0,000","0,000","1,000","25,707","1,000","25,707","1,000","25,707","3,000","77,121","5,000","128,535","15,000","385,605","15,000","385,605","14,000","359,898","13,000","334,191","10,000","257,070","1,000","25,707","1,000","25,707","1,000","25,707","0,000","0,000","0,000","0,000","1,000","25,707","1,000","25,707","5,000","128,535","16,000","411,312","28,000","719,796","22,000","565,554","19,000","488,433","25,000","642,675","16,000","411,312","2,000","51,414","1,000","25,707","1,000","25,707"
371,Praça Seca - Praça Tiradentes,Transcarioca,Volta,28.238,"1,000","28,238","0,000","0,000","1,000","28,238","1,000","28,238","3,000","84,714","10,000","282,380","41,000","1.157,758","31,000","875,378","34,000","960,092","47,000","1.327,186","32,000","903,616","9,000","254,142","4,000","112,952","1,000","28,238","1,000","28,238","1,000","28,238","1,000","28,238","1,000","28,238","1,000","28,238","4,000","112,952","20,000","564,760","20,000","564,760","26,000","734,188","25,000","705,950","17,000","480,046","4,000","112,952","3,000","84,714","1,000","28,238","1,000","28,238","1,000","28,238","1,000","28,238","1,000","28,238","1,000","28,238","3,000","84,714","13,000","367,094","13,000","367,094","14,000","395,332","15,000","423,570","12,000","338,856","2,000","56,476","1,000","28,238","1,000","28,238","1,000","28,238","0,000","0,000","1,000","28,238","1,000","28,238","2,000","56,476","6,000","169,428","25,000","705,950","19,000","536,522","21,000","592,998","29,000","818,902","20,000","564,760","6,000","169,428","2,000","56,476","1,000","28,238"
378,Marechal Hermes - Castelo,Internorte,Ida,35.972,"0,000","0,000","0,000","0,000","0,000","0,000","1,000","35,972","2,000","71,944","4,000","143,888","5,000","179,860","5,000","179,860","6,000","215,832","5,000","179,860","5,000","179,860","1,000","35,972","1,000","35,972","0,000","0,000","0,000","0,000","0,000","0,000","0,000","0,000","1,000","35,972","1,000","35,972","2,000","71,944","4,000","143,888","3,000","107,916","3,000","107,916","3,000","107,916","3,000","107,916","1,000","35,972","1,000","35,972","0,000","0,000","0,000","0,000","0,000","0,000","0,000","0,000","1,000","35,972","1,000","35,972","1,000","35,972","3,000","107,916","3,000","107,916","3,000","107,916","3,000","107,916","3,000","107,916","0,000","0,000","0,000","0,000","0,000","0,000","0,000","0,000","0,000","0,000","0,000","0,000","1,000","35,972","1,000","35,972","2,000","71,944","3,000","107,916","3,000","107,916","4,000","143,888","3,000","107,916","3,000","107,916","1,000","35,972","1,000","35,972","0,000","0,000"
378,Marechal Hermes - Castelo,Internorte,Volta,36.520,"0,000","0,000","0,000","0,000","0,000","0,000","0,000","0,000","1,000","36,520","4,000","146,080","6,000","219,120","4,000","146,080","6,000","219,120","7,000","255,640","6,000","219,120","1,000","36,520","1,000","36,520","1,000","36,520","0,000","0,000","0,000","0,000","0,000","0,000","0,000","0,000","1,000","36,520","1,000","36,520","4,000","146,080","3,000","109,560","4,000","146,080","4,000","146,080","3,000","109,560","1,000","36,520","1,000","36,520","1,000","36,520","0,000","0,000","0,000","0,000","0,000","0,000","0,000","0,000","1,000","36,520","1,000","36,520","3,000","109,560","3,000","109,560","3,000","109,560","3,000","109,560","3,000","109,560","1,000","36,520","0,000","0,000","0,000","0,000","0,000","0,000","0,000","0,000","0,000","0,000","0,000","0,000","1,000","36,520","2,000","73,040","4,000","146,080","2,000","73,040","4,000","146,080","4,000","146,080","4,000","146,080","1,000","36,520","1,000","36,520","1,000","36,520"
380,Curicica - Candelária,Transcarioca,Ida,32.757,"0,000","0,000","0,000","0,000","0,000","0,000","0,000","0,000","0,000","0,000","1,000","32,757","1,000","32,757","0,000","0,000","0,000","0,000","0,000","0,000","0,000","0,000","0,000","0,000","0,000","0,000","0,000","0,000","0,000","0,000","0,000","0,000","0,000","0,000","0,000","0,000","0,000","0,000","0,000","0,000","0,000","0,000","0,000","0,000","0,000","0,000","0,000","0,000","0,000","0,000","0,000","0,000","0,000","0,000","0,000","0,000","0,000","0,000","0,000","0,000","0,000","0,000","0,000","0,000","0,000","0,000","0,000","0,000","0,000","0,000","0,000","0,000","0,000","0,000","0,000","0,000","0,000","0,000","0,000","0,000","0,000","0,000","0,000","0,000","0,000","0,000","0,000","0,000","0,000","0,000","0,000","0,000","0,000","0,000","1,000","32,757","1,000","32,757","0,000","0,000","0,000","0,000","0,000","0,000","0,000","0,000","0,000","0,000","0,000","0,000","0,000","0,000"
380,Curicica - Candelária,Transcarioca,Volta,33.052,"0,000","0,000","0,000","0,000","0,000","0,000","0,000","0,000","0,000","0,000","0,000","0,000","0,000","0,000","0,000","0,000","0,000","0,000","1,000","33,052","0,000","0,000","0,000","0,000","0,000","0,000","0,000","0,000","0,000","0,000","0,000","0,000","0,000","0,000","0,000","0,000","0,000","0,000","0,000","0,000","0,000","0,000","0,000","0,000","0,000","0,000","0,000","0,000","0,000","0,000","0,000","0,000","0,000","0,000","0,000","0,000","0,000","0,000","0,000","0,000","0,000","0,000","0,000","0,000","0,000","0,000","0,000","0,000","0,000","0,000","0,000","0,000","0,000","0,000","0,000","0,000","0,000","0,000","0,000","0,000","0,000","0,000","0,000","0,000","0,000","0,000","0,000","0,000","0,000","0,000","0,000","0,000","0,000","0,000","0,000","0,000","0,000","0,000","0,000","0,000","0,000","0,000","1,000","33,052","0,000","0,000","0,000","0,000","0,000","0,000","0,000","0,000"
383,Realengo - Praça da República,Santa Cruz,Ida,33.307,"0,000","0,000","0,000","0,000","0,000","0,000","0,000","0,000","3,000","99,921","4,000","133,228","15,000","499,605","9,000","299,763","9,000","299,763","12,000","399,684","8,000","266,456","1,000","33,307","1,000","33,307","0,000","0,000","0,000","0,000","0,000","0,000","0,000","0,000","0,000","0,000","2,000","66,614","3,000","99,921","13,000","432,991","10,000","333,070","10,000","333,070","9,000","299,763","6,000","199,842","1,000","33,307","1,000","33,307","0,000","0,000","0,000","0,000","0,000","0,000","0,000","0,000","0,000","0,000","2,000","66,614","3,000","99,921","6,000","199,842","6,000","199,842","7,000","233,149","6,000","199,842","6,000","199,842","1,000","33,307","1,000","33,307","0,000","0,000","0,000","0,000","0,000","0,000","0,000","0,000","0,000","0,000","2,000","66,614","2,000","66,614","9,000","299,763","6,000","199,842","6,000","199,842","7,000","233,149","5,000","166,535","1,000","33,307","1,000","33,307","0,000","0,000"
383,Realengo - Praça da República,Santa Cruz,Volta,33.623,"0,000","0,000","0,000","0,000","0,000","0,000","0,000","0,000","0,000","0,000","2,000","67,246","12,000","403,476","9,000","302,607","9,000","302,607","15,000","504,345","9,000","302,607","3,000","100,869","2,000","67,246","0,000","0,000","0,000","0,000","0,000","0,000","0,000","0,000","0,000","0,000","0,000","0,000","1,000","33,623","11,000","369,853","11,000","369,853","11,000","369,853","9,000","302,607","7,000","235,361","2,000","67,246","2,000","67,246","0,000","0,000","0,000","0,000","0,000","0,000","0,000","0,000","0,000","0,000","0,000","0,000","1,000","33,623","6,000","201,738","6,000","201,738","6,000","201,738","6,000","201,738","7,000","235,361","2,000","67,246","1,000","33,623","0,000","0,000","0,000","0,000","0,000","0,000","0,000","0,000","0,000","0,000","0,000","0,000","1,000","33,623","7,000","235,361","6,000","201,738","6,000","201,738","9,000","302,607","6,000","201,738","2,000","67,246","1,000","33,623","0,000","0,000"
384,Pavuna - Passeio,Internorte,Ida,41.409,"0,000","0,000","0,000","0,000","0,000","0,000","0,000","0,000","2,000","82,818","2,000","82,818","6,000","248,454","6,000","248,454","5,000","207,045","5,000","207,045","3,000","124,227","1,000","41,409","1,000","41,409","0,000","0,000","0,000","0,000","0,000","0,000","0,000","0,000","1,000","41,409","2,000","82,818","1,000","41,409","5,000","207,045","4,000","165,636","6,000","248,454","4,000","165,636","3,000","124,227","1,000","41,409","1,000","41,409","1,000","41,409","0,000","0,000","0,000","0,000","0,000","0,000","0,000","0,000","2,000","82,818","1,000","41,409","3,000","124,227","4,000","165,636","3,000","124,227","4,000","165,636","3,000","124,227","1,000","41,409","1,000","41,409","1,000","41,409","0,000","0,000","0,000","0,000","0,000","0,000","0,000","0,000","1,000","41,409","1,000","41,409","4,000","165,636","4,000","165,636","3,000","124,227","3,000","124,227","2,000","82,818","1,000","41,409","1,000","41,409","0,000","0,000"
384,Pavuna - Passeio,Internorte,Volta,39.241,"1,000","39,241","0,000","0,000","0,000","0,000","0,000","0,000","0,000","0,000","1,000","39,241","5,000","196,205","5,000","196,205","3,000","117,723","5,000","196,205","3,000","117,723","1,000","39,241","1,000","39,241","1,000","39,241","1,000","39,241","0,000","0,000","0,000","0,000","0,000","0,000","1,000","39,241","1,000","39,241","4,000","156,964","5,000","196,205","5,000","196,205","5,000","196,205","5,000","196,205","1,000","39,241","1,000","39,241","1,000","39,241","1,000","39,241","0,000","0,000","0,000","0,000","0,000","0,000","0,000","0,000","1,000","39,241","4,000","156,964","3,000","117,723","4,000","156,964","3,000","117,723","4,000","156,964","1,000","39,241","1,000","39,241","1,000","39,241","1,000","39,241","0,000","0,000","0,000","0,000","0,000","0,000","0,000","0,000","1,000","39,241","3,000","117,723","3,000","117,723","2,000","78,482","3,000","117,723","2,000","78,482","1,000","39,241","1,000","39,241","1,000","39,241"
385,Village Pavuna - Passeio,Internorte,Ida,39.931,"0,000","0,000","0,000","0,000","0,000","0,000","0,000","0,000","1,000","39,931","1,000","39,931","0,000","0,000","0,000","0,000","0,000","0,000","0,000","0,000","0,000","0,000","0,000","0,000","0,000","0,000","0,000","0,000","0,000","0,000","0,000","0,000","0,000","0,000","0,000","0,000","0,000","0,000","0,000","0,000","0,000","0,000","0,000","0,000","0,000","0,000","0,000","0,000","0,000","0,000","0,000","0,000","0,000","0,000","0,000","0,000","0,000","0,000","0,000","0,000","0,000","0,000","0,000","0,000","0,000","0,000","0,000","0,000","0,000","0,000","0,000","0,000","0,000","0,000","0,000","0,000","0,000","0,000","0,000","0,000","0,000","0,000","0,000","0,000","0,000","0,000","0,000","0,000","0,000","0,000","0,000","0,000","1,000","39,931","1,000","39,931","0,000","0,000","0,000","0,000","0,000","0,000","0,000","0,000","0,000","0,000","0,000","0,000","0,000","0,000","0,000","0,000"
386,Anchieta - Candelária,Internorte,Ida,39.318,"0,000","0,000","0,000","0,000","0,000","0,000","1,000","39,318","1,000","39,318","1,000","39,318","4,000","157,272","3,000","117,954","3,000","117,954","3,000","117,954","3,000","117,954","1,000","39,318","1,000","39,318","0,000","0,000","0,000","0,000","0,000","0,000","0,000","0,000","1,000","39,318","2,000","78,636","2,000","78,636","5,000","196,590","3,000","117,954","3,000","117,954","3,000","117,954","3,000","117,954","1,000","39,318","1,000","39,318","0,000","0,000","0,000","0,000","0,000","0,000","0,000","0,000","0,000","0,000","0,000","0,000","1,000","39,318","3,000","117,954","3,000","117,954","3,000","117,954","3,000","117,954","3,000","117,954","1,000","39,318","1,000","39,318","0,000","0,000","0,000","0,000","0,000","0,000","0,000","0,000","1,000","39,318","1,000","39,318","1,000","39,318","2,000","78,636","2,000","78,636","2,000","78,636","2,000","78,636","2,000","78,636","1,000","39,318","1,000","39,318","0,000","0,000"
386,Anchieta - Candelária,Internorte,Volta,38.306,"0,000","0,000","0,000","0,000","0,000","0,000","0,000","0,000","0,000","0,000","1,000","38,306","3,000","114,918","3,000","114,918","3,000","114,918","3,000","114,918","5,000","191,530","1,000","38,306","1,000","38,306","1,000","38,306","0,000","0,000","0,000","0,000","0,000","0,000","0,000","0,000","1,000","38,306","1,000","38,306","3,000","114,918","3,000","114,918","3,000","114,918","3,000","114,918","3,000","114,918","1,000","38,306","1,000","38,306","1,000","38,306","0,000","0,000","0,000","0,000","0,000","0,000","0,000","0,000","0,000","0,000","0,000","0,000","3,000","114,918","3,000","114,918","3,000","114,918","3,000","114,918","3,000","114,918","1,000","38,306","1,000","38,306","1,000","38,306","0,000","0,000","0,000","0,000","0,000","0,000","0,000","0,000","0,000","0,000","1,000","38,306","2,000","76,612","2,000","76,612","2,000","76,612","2,000","76,612","3,000","114,918","1,000","38,306","1,000","38,306","1,000","38,306"
388,Santa Cruz - Candelária,Santa Cruz,Ida,69.916,"0,000","0,000","0,000","0,000","2,000","139,832","3,000","209,748","3,000","209,748","6,000","419,496","9,000","629,244","6,000","419,496","6,000","419,496","9,000","629,244","5,000","349,580","1,000","69,916","1,000","69,916","0,000","0,000","0,000","0,000","0,000","0,000","1,000","69,916","2,000","139,832","4,000","279,664","4,000","279,664","11,000","769,076","9,000","629,244","7,000","489,412","6,000","419,496","6,000","419,496","2,000","139,832","1,000","69,916","0,000","0,000","0,000","0,000","0,000","0,000","1,000","69,916","2,000","139,832","3,000","209,748","4,000","279,664","9,000","629,244","6,000","419,496","6,000","419,496","6,000","419,496","6,000","419,496","1,000","69,916","1,000","69,916","0,000","0,000","0,000","0,000","0,000","0,000","1,000","69,916","2,000","139,832","2,000","139,832","4,000","279,664","6,000","419,496","4,000","279,664","4,000","279,664","6,000","419,496","3,000","209,748","1,000","69,916","1,000","69,916","0,000","0,000"
388,Santa Cruz - Candelária,Santa Cruz,Volta,69.845,"0,000","0,000","0,000","0,000","0,000","0,000","0,000","0,000","2,000","139,690","4,000","279,380","8,000","558,760","6,000","419,070","6,000","419,070","8,000","558,760","6,000","419,070","2,000","139,690","2,000","139,690","0,000","0,000","0,000","0,000","0,000","0,000","0,000","0,000","0,000","0,000","3,000","209,535","3,000","209,535","9,000","628,605","8,000","558,760","6,000","419,070","6,000","419,070","6,000","419,070","2,000","139,690","2,000","139,690","0,000","0,000","0,000","0,000","0,000","0,000","0,000","0,000","0,000","0,000","2,000","139,690","2,000","139,690","8,000","558,760","6,000","419,070","6,000","419,070","6,000","419,070","6,000","419,070","2,000","139,690","2,000","139,690","0,000","0,000","0,000","0,000","0,000","0,000","0,000","0,000","0,000","0,000","1,000","69,845","2,000","139,690","5,000","349,225","4,000","279,380","4,000","279,380","5,000","349,225","4,000","279,380","1,000","69,845","1,000","69,845","0,000","0,000"
390,Curicica - Candelária,Transcarioca,Ida,31.887,"0,000","0,000","0,000","0,000","0,000","0,000","1,000","31,887","2,000","63,774","6,000","191,322","19,000","605,853","9,000","286,983","10,000","318,870","12,000","382,644","7,000","223,209","1,000","31,887","1,000","31,887","0,000","0,000","0,000","0,000","0,000","0,000","0,000","0,000","1,000","31,887","1,000","31,887","3,000","95,661","9,000","286,983","7,000","223,209","6,000","191,322","6,000","191,322","6,000","191,322","1,000","31,887","1,000","31,887","0,000","0,000","0,000","0,000","0,000","0,000","0,000","0,000","0,000","0,000","1,000","31,887","1,000","31,887","6,000","191,322","6,000","191,322","6,000","191,322","6,000","191,322","6,000","191,322","1,000","31,887","1,000","31,887","0,000","0,000","0,000","0,000","0,000","0,000","0,000","0,000","1,000","31,887","1,000","31,887","4,000","127,548","12,000","382,644","6,000","191,322","6,000","191,322","7,000","223,209","4,000","127,548","1,000","31,887","1,000","31,887","0,000","0,000"
390,Curicica - Candelária,Transcarioca,Volta,31.160,"0,000","0,000","0,000","0,000","0,000","0,000","0,000","0,000","1,000","31,160","4,000","124,640","15,000","467,400","9,000","280,440","10,000","311,600","15,000","467,400","8,000","249,280","2,000","62,320","2,000","62,320","1,000","31,160","0,000","0,000","0,000","0,000","0,000","0,000","0,000","0,000","1,000","31,160","1,000","31,160","8,000","249,280","6,000","186,960","7,000","218,120","8,000","249,280","6,000","186,960","1,000","31,160","1,000","31,160","1,000","31,160","0,000","0,000","0,000","0,000","0,000","0,000","0,000","0,000","0,000","0,000","1,000","31,160","6,000","186,960","6,000","186,960","6,000","186,960","6,000","186,960","6,000","186,960","1,000","31,160","1,000","31,160","1,000","31,160","0,000","0,000","0,000","0,000","0,000","0,000","0,000","0,000","1,000","31,160","2,000","62,320","9,000","280,440","6,000","186,960","6,000","186,960","9,000","280,440","5,000","155,800","1,000","31,160","1,000","31,160","1,000","31,160"
391,Padre Miguel - Praça da República,Santa Cruz,Ida,37.853,"0,000","0,000","0,000","0,000","0,000","0,000","0,000","0,000","2,000","75,706","3,000","113,559","8,000","302,824","5,000","189,265","5,000","189,265","7,000","264,971","3,000","113,559","0,000","0,000","0,000","0,000","0,000","0,000","0,000","0,000","0,000","0,000","0,000","0,000","0,000","0,000","0,000","0,000","0,000","0,000","0,000","0,000","0,000","0,000","0,000","0,000","0,000","0,000","0,000","0,000","0,000","0,000","0,000","0,000","0,000","0,000","0,000","0,000","0,000","0,000","0,000","0,000","0,000","0,000","0,000","0,000","0,000","0,000","0,000","0,000","0,000","0,000","0,000","0,000","0,000","0,000","0,000","0,000","0,000","0,000","0,000","0,000","0,000","0,000","0,000","0,000","0,000","0,000","0,000","0,000","0,000","0,000","1,000","37,853","2,000","75,706","5,000","189,265","3,000","113,559","3,000","113,559","4,000","151,412","2,000","75,706","0,000","0,000","0,000","0,000","0,000","0,000"
391,Padre Miguel - Praça da República,Santa Cruz,Volta,36.498,"0,000","0,000","0,000","0,000","0,000","0,000","0,000","0,000","0,000","0,000","1,000","36,498","7,000","255,486","5,000","182,490","5,000","182,490","8,000","291,984","5,000","182,490","0,000","0,000","0,000","0,000","0,000","0,000","0,000","0,000","0,000","0,000","0,000","0,000","0,000","0,000","0,000","0,000","0,000","0,000","0,000","0,000","0,000","0,000","0,000","0,000","0,000","0,000","0,000","0,000","0,000","0,000","0,000","0,000","0,000","0,000","0,000","0,000","0,000","0,000","0,000","0,000","0,000","0,000","0,000","0,000","0,000","0,000","0,000","0,000","0,000","0,000","0,000","0,000","0,000","0,000","0,000","0,000","0,000","0,000","0,000","0,000","0,000","0,000","0,000","0,000","0,000","0,000","0,000","0,000","0,000","0,000","0,000","0,000","1,000","36,498","4,000","145,992","3,000","109,494","3,000","109,494","5,000","182,490","3,000","109,494","0,000","0,000","0,000","0,000","0,000","0,000"
393,Bangu - Candelária,Santa Cruz,Ida,44.313,"0,000","0,000","0,000","0,000","0,000","0,000","1,000","44,313","1,000","44,313","2,000","88,626","6,000","265,878","6,000","265,878","7,000","310,191","6,000","265,878","4,000","177,252","1,000","44,313","1,000","44,313","0,000","0,000","0,000","0,000","0,000","0,000","0,000","0,000","1,000","44,313","2,000","88,626","2,000","88,626","6,000","265,878","6,000","265,878","6,000","265,878","6,000","265,878","3,000","132,939","1,000","44,313","1,000","44,313","0,000","0,000","0,000","0,000","0,000","0,000","0,000","0,000","1,000","44,313","2,000","88,626","2,000","88,626","5,000","221,565","3,000","132,939","3,000","132,939","3,000","132,939","3,000","132,939","1,000","44,313","1,000","44,313","0,000","0,000","0,000","0,000","0,000","0,000","0,000","0,000","1,000","44,313","1,000","44,313","1,000","44,313","4,000","177,252","4,000","177,252","4,000","177,252","4,000","177,252","2,000","88,626","1,000","44,313","1,000","44,313","0,000","0,000"
393,Bangu - Candelária,Santa Cruz,Volta,45.320,"0,000","0,000","0,000","0,000","0,000","0,000","0,000","0,000","0,000","0,000","2,000","90,640","6,000","271,920","6,000","271,920","6,000","271,920","6,000","271,920","3,000","135,960","1,000","45,320","1,000","45,320","0,000","0,000","0,000","0,000","0,000","0,000","0,000","0,000","0,000","0,000","0,000","0,000","1,000","45,320","5,000","226,600","4,000","181,280","6,000","271,920","6,000","271,920","4,000","181,280","1,000","45,320","1,000","45,320","0,000","0,000","0,000","0,000","0,000","0,000","0,000","0,000","0,000","0,000","0,000","0,000","1,000","45,320","3,000","135,960","3,000","135,960","3,000","135,960","3,000","135,960","3,000","135,960","1,000","45,320","1,000","45,320","0,000","0,000","0,000","0,000","0,000","0,000","0,000","0,000","0,000","0,000","0,000","0,000","1,000","45,320","4,000","181,280","4,000","181,280","4,000","181,280","4,000","181,280","2,000","90,640","1,000","45,320","1,000","45,320","0,000","0,000"
397,Terminal Campo Grande - Candelária,Santa Cruz,Ida,53.058,"0,000","0,000","0,000","0,000","2,000","106,116","4,000","212,232","5,000","265,290","6,000","318,348","12,000","636,696","12,000","636,696","10,000","530,580","12,000","636,696","6,000","318,348","2,000","106,116","2,000","106,116","0,000","0,000","0,000","0,000","0,000","0,000","2,000","106,116","3,000","159,174","5,000","265,290","6,000","318,348","12,000","636,696","12,000","636,696","11,000","583,638","8,000","424,464","6,000","318,348","2,000","106,116","3,000","159,174","0,000","0,000","0,000","0,000","0,000","0,000","2,000","106,116","2,000","106,116","4,000","212,232","5,000","265,290","10,000","530,580","9,000","477,522","7,000","371,406","9,000","477,522","7,000","371,406","2,000","106,116","2,000","106,116","0,000","0,000","0,000","0,000","0,000","0,000","1,000","53,058","2,000","106,116","3,000","159,174","4,000","212,232","7,000","371,406","7,000","371,406","6,000","318,348","7,000","371,406","4,000","212,232","1,000","53,058","1,000","53,058","0,000","0,000"
397,Terminal Campo Grande - Candelária,Santa Cruz,Volta,50.481,"0,000","0,000","0,000","0,000","0,000","0,000","0,000","0,000","3,000","151,443","4,000","201,924","11,000","555,291","10,000","504,810","12,000","605,772","12,000","605,772","8,000","403,848","3,000","151,443","3,000","151,443","0,000","0,000","0,000","0,000","0,000","0,000","0,000","0,000","0,000","0,000","2,000","100,962","5,000","252,405","10,000","504,810","10,000","504,810","9,000","454,329","8,000","403,848","6,000","302,886","2,000","100,962","3,000","151,443","0,000","0,000","0,000","0,000","0,000","0,000","0,000","0,000","0,000","0,000","2,000","100,962","4,000","201,924","9,000","454,329","8,000","403,848","7,000","353,367","8,000","403,848","7,000","353,367","2,000","100,962","2,000","100,962","0,000","0,000","0,000","0,000","0,000","0,000","0,000","0,000","0,000","0,000","2,000","100,962","2,000","100,962","7,000","353,367","6,000","302,886","7,000","353,367","7,000","353,367","5,000","252,405","2,000","100,962","2,000","100,962","0,000","0,000"
399,Pavuna - Passeio,Internorte,Ida,39.799,"0,000","0,000","0,000","0,000","0,000","0,000","0,000","0,000","5,000","198,995","6,000","238,794","11,000","437,789","6,000","238,794","6,000","238,794","6,000","238,794","5,000","198,995","1,000","39,799","1,000","39,799","0,000","0,000","0,000","0,000","0,000","0,000","0,000","0,000","0,000","0,000","5,000","198,995","5,000","198,995","11,000","437,789","9,000","358,191","7,000","278,593","7,000","278,593","5,000","198,995","2,000","79,598","2,000","79,598","0,000","0,000","0,000","0,000","0,000","0,000","0,000","0,000","0,000","0,000","3,000","119,397","3,000","119,397","7,000","278,593","8,000","318,392","6,000","238,794","6,000","238,794","4,000","159,196","1,000","39,799","1,000","39,799","0,000","0,000","0,000","0,000","0,000","0,000","0,000","0,000","0,000","0,000","3,000","119,397","4,000","159,196","7,000","278,593","4,000","159,196","4,000","159,196","4,000","159,196","3,000","119,397","1,000","39,799","1,000","39,799","0,000","0,000"
399,Pavuna - Passeio,Internorte,Volta,37.825,"0,000","0,000","0,000","0,000","0,000","0,000","0,000","0,000","0,000","0,000","5,000","189,125","9,000","340,425","6,000","226,950","7,000","264,775","8,000","302,600","7,000","264,775","2,000","75,650","1,000","37,825","0,000","0,000","0,000","0,000","0,000","0,000","0,000","0,000","0,000","0,000","0,000","0,000","4,000","151,300","9,000","340,425","7,000","264,775","7,000","264,775","7,000","264,775","7,000","264,775","2,000","75,650","3,000","113,475","0,000","0,000","0,000","0,000","0,000","0,000","0,000","0,000","0,000","0,000","0,000","0,000","2,000","75,650","6,000","226,950","8,000","302,600","5,000","189,125","7,000","264,775","6,000","226,950","2,000","75,650","2,000","75,650","0,000","0,000","0,000","0,000","0,000","0,000","0,000","0,000","0,000","0,000","0,000","0,000","3,000","113,475","6,000","226,950","4,000","151,300","4,000","151,300","5,000","189,125","4,000","151,300","1,000","37,825","1,000","37,825","0,000","0,000"
409,Saens Peña - Horto,Intersul,Ida,18.907,"0,000","0,000","0,000","0,000","0,000","0,000","0,000","0,000","2,000","37,814","5,000","94,535","29,000","548,303","15,000","283,605","14,000","264,698","18,000","340,326","9,000","170,163","1,000","18,907","1,000","18,907","0,000","0,000","0,000","0,000","0,000","0,000","0,000","0,000","0,000","0,000","1,000","18,907","2,000","37,814","11,000","207,977","9,000","170,163","8,000","151,256","8,000","151,256","7,000","132,349","1,000","18,907","1,000","18,907","0,000","0,000","0,000","0,000","0,000","0,000","0,000","0,000","0,000","0,000","1,000","18,907","1,000","18,907","6,000","113,442","6,000","113,442","6,000","113,442","6,000","113,442","6,000","113,442","1,000","18,907","0,000","0,000","0,000","0,000","0,000","0,000","0,000","0,000","0,000","0,000","0,000","0,000","1,000","18,907","3,000","56,721","18,000","340,326","9,000","170,163","9,000","170,163","11,000","207,977","6,000","113,442","1,000","18,907","1,000","18,907","0,000","0,000"
409,Saens Peña - Horto,Intersul,Volta,18.902,"0,000","0,000","0,000","0,000","0,000","0,000","0,000","0,000","0,000","0,000","2,000","37,804","22,000","415,844","14,000","264,628","17,000","321,334","22,000","415,844","10,000","189,020","2,000","37,804","1,000","18,902","1,000","18,902","0,000","0,000","0,000","0,000","0,000","0,000","0,000","0,000","0,000","0,000","1,000","18,902","9,000","170,118","9,000","170,118","9,000","170,118","8,000","151,216","6,000","113,412","1,000","18,902","1,000","18,902","1,000","18,902","0,000","0,000","0,000","0,000","0,000","0,000","0,000","0,000","0,000","0,000","1,000","18,902","6,000","113,412","6,000","113,412","6,000","113,412","6,000","113,412","6,000","113,412","1,000","18,902","1,000","18,902","0,000","0,000","0,000","0,000","0,000","0,000","0,000","0,000","0,000","0,000","0,000","0,000","1,000","18,902","14,000","264,628","9,000","170,118","11,000","207,922","14,000","264,628","6,000","113,412","1,000","18,902","1,000","18,902","1,000","18,902"
410,Saens Peña - Gávea,Intersul,Ida,19.993,"0,000","0,000","0,000","0,000","0,000","0,000","0,000","0,000","1,000","19,993","4,000","79,972","26,000","519,818","14,000","279,902","15,000","299,895","20,000","399,860","8,000","159,944","0,000","0,000","0,000","0,000","0,000","0,000","0,000","0,000","0,000","0,000","0,000","0,000","0,000","0,000","1,000","19,993","2,000","39,986","10,000","199,930","9,000","179,937","11,000","219,923","9,000","179,937","6,000","119,958","0,000","0,000","0,000","0,000","0,000","0,000","0,000","0,000","0,000","0,000","0,000","0,000","0,000","0,000","1,000","19,993","2,000","39,986","6,000","119,958","7,000","139,951","7,000","139,951","6,000","119,958","6,000","119,958","0,000","0,000","0,000","0,000","0,000","0,000","0,000","0,000","0,000","0,000","0,000","0,000","0,000","0,000","1,000","19,993","2,000","39,986","16,000","319,888","9,000","179,937","9,000","179,937","12,000","239,916","5,000","99,965","0,000","0,000","0,000","0,000","0,000","0,000"
410,Saens Peña - Gávea,Intersul,Volta,22.955,"0,000","0,000","0,000","0,000","0,000","0,000","0,000","0,000","0,000","0,000","4,000","91,820","20,000","459,100","14,000","321,370","16,000","367,280","25,000","573,875","10,000","229,550","2,000","45,910","1,000","22,955","0,000","0,000","0,000","0,000","0,000","0,000","0,000","0,000","0,000","0,000","0,000","0,000","1,000","22,955","9,000","206,595","11,000","252,505","11,000","252,505","11,000","252,505","8,000","183,640","1,000","22,955","1,000","22,955","0,000","0,000","0,000","0,000","0,000","0,000","0,000","0,000","0,000","0,000","0,000","0,000","1,000","22,955","6,000","137,730","7,000","160,685","6,000","137,730","6,000","137,730","6,000","137,730","1,000","22,955","1,000","22,955","0,000","0,000","0,000","0,000","0,000","0,000","0,000","0,000","0,000","0,000","0,000","0,000","2,000","45,910","12,000","275,460","9,000","206,595","10,000","229,550","16,000","367,280","6,000","137,730","1,000","22,955","1,000","22,955","0,000","0,000"
415,Usina - Leblon,Intersul,Ida,25.277,"0,000","0,000","0,000","0,000","0,000","0,000","2,000","50,554","5,000","126,385","7,000","176,939","22,000","556,094","13,000","328,601","14,000","353,878","17,000","429,709","11,000","278,047","2,000","50,554","0,000","0,000","0,000","0,000","0,000","0,000","0,000","0,000","0,000","0,000","2,000","50,554","3,000","75,831","3,000","75,831","14,000","353,878","10,000","252,770","9,000","227,493","10,000","252,770","7,000","176,939","1,000","25,277","0,000","0,000","0,000","0,000","0,000","0,000","0,000","0,000","0,000","0,000","1,000","25,277","2,000","50,554","4,000","101,108","10,000","252,770","6,000","151,662","6,000","151,662","6,000","151,662","6,000","151,662","1,000","25,277","0,000","0,000","0,000","0,000","0,000","0,000","0,000","0,000","0,000","0,000","1,000","25,277","3,000","75,831","4,000","101,108","14,000","353,878","8,000","202,216","9,000","227,493","11,000","278,047","7,000","176,939","1,000","25,277","0,000","0,000","0,000","0,000"
415,Usina - Leblon,Intersul,Volta,27.074,"0,000","0,000","0,000","0,000","0,000","0,000","0,000","0,000","3,000","81,222","5,000","135,370","18,000","487,332","14,000","379,036","15,000","406,110","21,000","568,554","13,000","351,962","4,000","108,296","3,000","81,222","0,000","0,000","0,000","0,000","0,000","0,000","0,000","0,000","0,000","0,000","2,000","54,148","2,000","54,148","12,000","324,888","9,000","243,666","9,000","243,666","12,000","324,888","7,000","189,518","2,000","54,148","3,000","81,222","0,000","0,000","0,000","0,000","0,000","0,000","0,000","0,000","0,000","0,000","2,000","54,148","3,000","81,222","8,000","216,592","6,000","162,444","6,000","162,444","6,000","162,444","7,000","189,518","2,000","54,148","1,000","27,074","0,000","0,000","0,000","0,000","0,000","0,000","0,000","0,000","0,000","0,000","2,000","54,148","3,000","81,222","11,000","297,814","9,000","243,666","9,000","243,666","13,000","351,962","8,000","216,592","2,000","54,148","2,000","54,148","0,000","0,000"
416,Saens Peña - Horto,Intersul,Ida,13.019,"0,000","0,000","0,000","0,000","0,000","0,000","0,000","0,000","0,000","0,000","0,000","0,000","7,000","91,133","3,000","39,057","3,000","39,057","3,000","39,057","3,000","39,057","1,000","13,019","0,000","0,000","0,000","0,000","0,000","0,000","0,000","0,000","0,000","0,000","0,000","0,000","0,000","0,000","0,000","0,000","0,000","0,000","0,000","0,000","0,000","0,000","0,000","0,000","0,000","0,000","0,000","0,000","0,000","0,000","0,000","0,000","0,000","0,000","0,000","0,000","0,000","0,000","0,000","0,000","0,000","0,000","0,000","0,000","0,000","0,000","0,000","0,000","0,000","0,000","0,000","0,000","0,000","0,000","0,000","0,000","0,000","0,000","0,000","0,000","0,000","0,000","0,000","0,000","0,000","0,000","0,000","0,000","0,000","0,000","0,000","0,000","4,000","52,076","2,000","26,038","2,000","26,038","2,000","26,038","2,000","26,038","1,000","13,019","0,000","0,000","0,000","0,000"
416,Saens Peña - Horto,Intersul,Volta,15.501,"0,000","0,000","0,000","0,000","0,000","0,000","0,000","0,000","0,000","0,000","0,000","0,000","6,000","93,006","3,000","46,503","3,000","46,503","6,000","93,006","3,000","46,503","1,000","15,501","0,000","0,000","0,000","0,000","0,000","0,000","0,000","0,000","0,000","0,000","0,000","0,000","0,000","0,000","0,000","0,000","0,000","0,000","0,000","0,000","0,000","0,000","0,000","0,000","0,000","0,000","0,000","0,000","0,000","0,000","0,000","0,000","0,000","0,000","0,000","0,000","0,000","0,000","0,000","0,000","0,000","0,000","0,000","0,000","0,000","0,000","0,000","0,000","0,000","0,000","0,000","0,000","0,000","0,000","0,000","0,000","0,000","0,000","0,000","0,000","0,000","0,000","0,000","0,000","0,000","0,000","0,000","0,000","0,000","0,000","0,000","0,000","4,000","62,004","2,000","31,002","2,000","31,002","4,000","62,004","2,000","31,002","1,000","15,501","0,000","0,000","0,000","0,000"
422,Grajaú - Cosme Velho,Intersul,Ida,20.913,"0,000","0,000","0,000","0,000","0,000","0,000","0,000","0,000","1,000","20,913","5,000","104,565","25,000","522,825","14,000","292,782","14,000","292,782","18,000","376,434","7,000","146,391","0,000","0,000","0,000","0,000","0,000","0,000","0,000","0,000","0,000","0,000","0,000","0,000","0,000","0,000","1,000","20,913","3,000","62,739","9,000","188,217","9,000","188,217","7,000","146,391","7,000","146,391","6,000","125,478","0,000","0,000","0,000","0,000","0,000","0,000","0,000","0,000","0,000","0,000","0,000","0,000","0,000","0,000","1,000","20,913","2,000","41,826","6,000","125,478","6,000","125,478","6,000","125,478","6,000","125,478","6,000","125,478","0,000","0,000","0,000","0,000","0,000","0,000","0,000","0,000","0,000","0,000","0,000","0,000","0,000","0,000","1,000","20,913","3,000","62,739","16,000","334,608","9,000","188,217","9,000","188,217","11,000","230,043","4,000","83,652","0,000","0,000","0,000","0,000","0,000","0,000"
422,Grajaú - Cosme Velho,Intersul,Volta,22.819,"0,000","0,000","0,000","0,000","0,000","0,000","0,000","0,000","1,000","22,819","2,000","45,638","20,000","456,380","13,000","296,647","15,000","342,285","22,000","502,018","8,000","182,552","1,000","22,819","0,000","0,000","0,000","0,000","0,000","0,000","0,000","0,000","0,000","0,000","0,000","0,000","1,000","22,819","1,000","22,819","8,000","182,552","8,000","182,552","9,000","205,371","8,000","182,552","6,000","136,914","1,000","22,819","0,000","0,000","0,000","0,000","0,000","0,000","0,000","0,000","0,000","0,000","0,000","0,000","1,000","22,819","1,000","22,819","6,000","136,914","6,000","136,914","6,000","136,914","6,000","136,914","6,000","136,914","1,000","22,819","0,000","0,000","0,000","0,000","0,000","0,000","0,000","0,000","0,000","0,000","0,000","0,000","1,000","22,819","1,000","22,819","12,000","273,828","8,000","182,552","9,000","205,371","14,000","319,466","5,000","114,095","1,000","22,819","0,000","0,000","0,000","0,000"
426,Usina - Jardim de Alah,Intersul,Ida,22.022,"0,000","0,000","0,000","0,000","0,000","0,000","0,000","0,000","3,000","66,066","6,000","132,132","27,000","594,594","16,000","352,352","17,000","374,374","18,000","396,396","12,000","264,264","2,000","44,044","1,000","22,022","1,000","22,022","0,000","0,000","0,000","0,000","0,000","0,000","0,000","0,000","1,000","22,022","4,000","88,088","16,000","352,352","15,000","330,330","12,000","264,264","12,000","264,264","8,000","176,176","2,000","44,044","1,000","22,022","1,000","22,022","0,000","0,000","0,000","0,000","0,000","0,000","0,000","0,000","1,000","22,022","3,000","66,066","9,000","198,198","9,000","198,198","8,000","176,176","7,000","154,154","6,000","132,132","1,000","22,022","1,000","22,022","1,000","22,022","0,000","0,000","0,000","0,000","0,000","0,000","0,000","0,000","2,000","44,044","4,000","88,088","17,000","374,374","10,000","220,220","11,000","242,242","11,000","242,242","7,000","154,154","1,000","22,022","1,000","22,022","1,000","22,022"
426,Usina - Jardim de Alah,Intersul,Volta,24.026,"1,000","24,026","0,000","0,000","0,000","0,000","0,000","0,000","1,000","24,026","4,000","96,104","21,000","504,546","14,000","336,364","16,000","384,416","22,000","528,572","14,000","336,364","4,000","96,104","3,000","72,078","2,000","48,052","1,000","24,026","0,000","0,000","0,000","0,000","0,000","0,000","1,000","24,026","2,000","48,052","13,000","312,338","12,000","288,312","13,000","312,338","14,000","336,364","10,000","240,260","3,000","72,078","2,000","48,052","1,000","24,026","1,000","24,026","0,000","0,000","0,000","0,000","0,000","0,000","1,000","24,026","1,000","24,026","8,000","192,208","7,000","168,182","9,000","216,234","8,000","192,208","6,000","144,156","2,000","48,052","2,000","48,052","1,000","24,026","1,000","24,026","0,000","0,000","0,000","0,000","0,000","0,000","1,000","24,026","2,000","48,052","13,000","312,338","9,000","216,234","10,000","240,260","14,000","336,364","9,000","216,234","2,000","48,052","2,000","48,052","1,000","24,026"
448,Furnas - São Conrado,Intersul,Ida,13.362,"0,000","0,000","0,000","0,000","0,000","0,000","0,000","0,000","0,000","0,000","1,000","13,362","6,000","80,172","3,000","40,086","3,000","40,086","4,000","53,448","3,000","40,086","0,000","0,000","0,000","0,000","0,000","0,000","0,000","0,000","0,000","0,000","0,000","0,000","0,000","0,000","0,000","0,000","1,000","13,362","3,000","40,086","3,000","40,086","3,000","40,086","3,000","40,086","1,000","13,362","0,000","0,000","0,000","0,000","0,000","0,000","0,000","0,000","0,000","0,000","0,000","0,000","0,000","0,000","0,000","0,000","0,000","0,000","2,000","26,724","3,000","40,086","3,000","40,086","3,000","40,086","1,000","13,362","0,000","0,000","0,000","0,000","0,000","0,000","0,000","0,000","0,000","0,000","0,000","0,000","0,000","0,000","0,000","0,000","1,000","13,362","4,000","53,448","2,000","26,724","2,000","26,724","2,000","26,724","2,000","26,724","0,000","0,000","0,000","0,000","0,000","0,000"
448,Furnas - São Conrado,Intersul,Volta,12.406,"0,000","0,000","0,000","0,000","0,000","0,000","0,000","0,000","0,000","0,000","0,000","0,000","5,000","62,030","3,000","37,218","3,000","37,218","5,000","62,030","4,000","49,624","1,000","12,406","0,000","0,000","0,000","0,000","0,000","0,000","0,000","0,000","0,000","0,000","0,000","0,000","0,000","0,000","0,000","0,000","3,000","37,218","3,000","37,218","3,000","37,218","3,000","37,218","2,000","24,812","0,000","0,000","0,000","0,000","0,000","0,000","0,000","0,000","0,000","0,000","0,000","0,000","0,000","0,000","0,000","0,000","0,000","0,000","2,000","24,812","3,000","37,218","3,000","37,218","3,000","37,218","1,000","12,406","0,000","0,000","0,000","0,000","0,000","0,000","0,000","0,000","0,000","0,000","0,000","0,000","0,000","0,000","0,000","0,000","0,000","0,000","3,000","37,218","2,000","24,812","2,000","24,812","3,000","37,218","2,000","24,812","1,000","12,406","0,000","0,000","0,000","0,000"
455,Méier - Copacabana,Internorte,Ida,25.008,"0,000","0,000","0,000","0,000","0,000","0,000","0,000","0,000","1,000","25,008","5,000","125,040","23,000","575,184","12,000","300,096","11,000","275,088","14,000","350,112","7,000","175,056","1,000","25,008","0,000","0,000","0,000","0,000","0,000","0,000","0,000","0,000","0,000","0,000","0,000","0,000","2,000","50,016","3,000","75,024","8,000","200,064","6,000","150,048","7,000","175,056","6,000","150,048","6,000","150,048","1,000","25,008","1,000","25,008","0,000","0,000","0,000","0,000","0,000","0,000","0,000","0,000","0,000","0,000","1,000","25,008","3,000","75,024","6,000","150,048","6,000","150,048","6,000","150,048","6,000","150,048","6,000","150,048","1,000","25,008","1,000","25,008","0,000","0,000","0,000","0,000","0,000","0,000","0,000","0,000","0,000","0,000","1,000","25,008","3,000","75,024","14,000","350,112","7,000","175,056","7,000","175,056","9,000","225,072","4,000","100,032","1,000","25,008","0,000","0,000","0,000","0,000"
455,Méier - Copacabana,Internorte,Volta,25.944,"0,000","0,000","0,000","0,000","0,000","0,000","0,000","0,000","0,000","0,000","1,000","25,944","17,000","441,048","10,000","259,440","9,000","233,496","18,000","466,992","9,000","233,496","2,000","51,888","1,000","25,944","0,000","0,000","0,000","0,000","0,000","0,000","0,000","0,000","0,000","0,000","0,000","0,000","1,000","25,944","6,000","155,664","6,000","155,664","6,000","155,664","6,000","155,664","6,000","155,664","1,000","25,944","1,000","25,944","1,000","25,944","0,000","0,000","0,000","0,000","0,000","0,000","0,000","0,000","0,000","0,000","1,000","25,944","6,000","155,664","6,000","155,664","6,000","155,664","6,000","155,664","6,000","155,664","1,000","25,944","1,000","25,944","1,000","25,944","0,000","0,000","0,000","0,000","0,000","0,000","0,000","0,000","0,000","0,000","1,000","25,944","11,000","285,384","6,000","155,664","6,000","155,664","11,000","285,384","6,000","155,664","1,000","25,944","1,000","25,944","0,000","0,000"
456,Norte Shopping - Copacabana,Internorte,Ida,24.211,"0,000","0,000","0,000","0,000","0,000","0,000","0,000","0,000","0,000","0,000","3,000","72,633","12,000","290,532","6,000","145,266","6,000","145,266","12,000","290,532","6,000","145,266","1,000","24,211","1,000","24,211","0,000","0,000","0,000","0,000","0,000","0,000","0,000","0,000","0,000","0,000","0,000","0,000","2,000","48,422","6,000","145,266","6,000","145,266","6,000","145,266","6,000","145,266","6,000","145,266","1,000","24,211","1,000","24,211","0,000","0,000","0,000","0,000","0,000","0,000","0,000","0,000","0,000","0,000","0,000","0,000","2,000","48,422","6,000","145,266","6,000","145,266","6,000","145,266","6,000","145,266","6,000","145,266","1,000","24,211","0,000","0,000","0,000","0,000","0,000","0,000","0,000","0,000","0,000","0,000","0,000","0,000","0,000","0,000","2,000","48,422","7,000","169,477","4,000","96,844","4,000","96,844","7,000","169,477","4,000","96,844","1,000","24,211","1,000","24,211","0,000","0,000"
456,Norte Shopping - Copacabana,Internorte,Volta,25.556,"0,000","0,000","0,000","0,000","0,000","0,000","0,000","0,000","0,000","0,000","0,000","0,000","12,000","306,672","6,000","153,336","6,000","153,336","12,000","306,672","6,000","153,336","2,000","51,112","2,000","51,112","1,000","25,556","0,000","0,000","0,000","0,000","0,000","0,000","0,000","0,000","0,000","0,000","0,000","0,000","6,000","153,336","6,000","153,336","6,000","153,336","6,000","153,336","6,000","153,336","2,000","51,112","2,000","51,112","1,000","25,556","0,000","0,000","0,000","0,000","0,000","0,000","0,000","0,000","0,000","0,000","0,000","0,000","6,000","153,336","6,000","153,336","6,000","153,336","6,000","153,336","6,000","153,336","1,000","25,556","1,000","25,556","0,000","0,000","0,000","0,000","0,000","0,000","0,000","0,000","0,000","0,000","0,000","0,000","0,000","0,000","7,000","178,892","4,000","102,224","4,000","102,224","7,000","178,892","4,000","102,224","1,000","25,556","1,000","25,556","1,000","25,556"
457,Abolição - Copacabana,Internorte,Ida,26.446,"0,000","0,000","0,000","0,000","0,000","0,000","0,000","0,000","4,000","105,784","12,000","317,352","45,000","1.190,070","25,000","661,150","24,000","634,704","28,000","740,488","15,000","396,690","2,000","52,892","0,000","0,000","0,000","0,000","0,000","0,000","0,000","0,000","0,000","0,000","0,000","0,000","2,000","52,892","7,000","185,122","23,000","608,258","17,000","449,582","15,000","396,690","15,000","396,690","10,000","264,460","1,000","26,446","0,000","0,000","0,000","0,000","0,000","0,000","0,000","0,000","0,000","0,000","0,000","0,000","2,000","52,892","6,000","158,676","13,000","343,798","12,000","317,352","12,000","317,352","9,000","238,014","8,000","211,568","1,000","26,446","0,000","0,000","0,000","0,000","0,000","0,000","0,000","0,000","0,000","0,000","0,000","0,000","2,000","52,892","7,000","185,122","28,000","740,488","16,000","423,136","15,000","396,690","17,000","449,582","9,000","238,014","1,000","26,446","0,000","0,000","0,000","0,000"
457,Abolição - Copacabana,Internorte,Volta,27.691,"0,000","0,000","0,000","0,000","0,000","0,000","0,000","0,000","0,000","0,000","2,000","55,382","36,000","996,876","20,000","553,820","25,000","692,275","34,000","941,494","18,000","498,438","5,000","138,455","3,000","83,073","0,000","0,000","0,000","0,000","0,000","0,000","0,000","0,000","0,000","0,000","0,000","0,000","1,000","27,691","19,000","526,129","14,000","387,674","17,000","470,747","18,000","498,438","12,000","332,292","3,000","83,073","3,000","83,073","0,000","0,000","0,000","0,000","0,000","0,000","0,000","0,000","0,000","0,000","0,000","0,000","1,000","27,691","11,000","304,601","10,000","276,910","11,000","304,601","12,000","332,292","9,000","249,219","3,000","83,073","1,000","27,691","0,000","0,000","0,000","0,000","0,000","0,000","0,000","0,000","0,000","0,000","0,000","0,000","1,000","27,691","22,000","609,202","12,000","332,292","16,000","443,056","21,000","581,511","11,000","304,601","3,000","83,073","2,000","55,382","0,000","0,000"
461,São Cristóvão - Ipanema,Intersul,Circular,26.550,"0,000","0,000","0,000","0,000","0,000","0,000","0,000","0,000","0,000","0,000","6,000","159,300","25,000","663,750","15,000","398,250","14,000","371,700","15,000","398,250","7,000","185,850","1,000","26,550","1,000","26,550","0,000","0,000","0,000","0,000","0,000","0,000","0,000","0,000","0,000","0,000","0,000","0,000","3,000","79,650","11,000","292,050","7,000","185,850","7,000","185,850","8,000","212,400","5,000","132,750","1,000","26,550","1,000","26,550","0,000","0,000","0,000","0,000","0,000","0,000","0,000","0,000","0,000","0,000","0,000","0,000","1,000","26,550","7,000","185,850","4,000","106,200","5,000","132,750","5,000","132,750","4,000","106,200","1,000","26,550","0,000","0,000","0,000","0,000","0,000","0,000","0,000","0,000","0,000","0,000","0,000","0,000","0,000","0,000","4,000","106,200","16,000","424,800","9,000","238,950","9,000","238,950","9,000","238,950","4,000","106,200","1,000","26,550","1,000","26,550","0,000","0,000"
472,Triagem - Leme,Intersul,Ida,21.282,"0,000","0,000","0,000","0,000","0,000","0,000","0,000","0,000","1,000","21,282","4,000","85,128","14,000","297,948","7,000","148,974","9,000","191,538","9,000","191,538","6,000","127,692","1,000","21,282","1,000","21,282","1,000","21,282","0,000","0,000","0,000","0,000","0,000","0,000","0,000","0,000","1,000","21,282","2,000","42,564","8,000","170,256","6,000","127,692","5,000","106,410","6,000","127,692","3,000","63,846","1,000","21,282","1,000","21,282","1,000","21,282","0,000","0,000","0,000","0,000","0,000","0,000","0,000","0,000","1,000","21,282","2,000","42,564","4,000","85,128","6,000","127,692","4,000","85,128","3,000","63,846","4,000","85,128","1,000","21,282","1,000","21,282","1,000","21,282","0,000","0,000","0,000","0,000","0,000","0,000","0,000","0,000","1,000","21,282","2,000","42,564","9,000","191,538","4,000","85,128","6,000","127,692","6,000","127,692","4,000","85,128","1,000","21,282","1,000","21,282","1,000","21,282"
472,Triagem - Leme,Intersul,Volta,22.238,"1,000","22,238","0,000","0,000","0,000","0,000","0,000","0,000","0,000","0,000","1,000","22,238","13,000","289,094","10,000","222,380","7,000","155,666","9,000","200,142","8,000","177,904","2,000","44,476","1,000","22,238","1,000","22,238","1,000","22,238","0,000","0,000","0,000","0,000","0,000","0,000","1,000","22,238","1,000","22,238","6,000","133,428","5,000","111,190","7,000","155,666","8,000","177,904","5,000","111,190","1,000","22,238","1,000","22,238","1,000","22,238","1,000","22,238","0,000","0,000","0,000","0,000","0,000","0,000","0,000","0,000","1,000","22,238","3,000","66,714","4,000","88,952","3,000","66,714","7,000","155,666","5,000","111,190","1,000","22,238","1,000","22,238","1,000","22,238","1,000","22,238","0,000","0,000","0,000","0,000","0,000","0,000","0,000","0,000","1,000","22,238","8,000","177,904","6,000","133,428","4,000","88,952","6,000","133,428","5,000","111,190","1,000","22,238","1,000","22,238","1,000","22,238"
473,São Januário - Lido,Intersul,Ida,16.949,"0,000","0,000","0,000","0,000","0,000","0,000","0,000","0,000","2,000","33,898","4,000","67,796","15,000","254,235","6,000","101,694","7,000","118,643","11,000","186,439","7,000","118,643","1,000","16,949","1,000","16,949","1,000","16,949","0,000","0,000","0,000","0,000","0,000","0,000","0,000","0,000","0,000","0,000","2,000","33,898","6,000","101,694","5,000","84,745","5,000","84,745","5,000","84,745","3,000","50,847","1,000","16,949","1,000","16,949","1,000","16,949","0,000","0,000","0,000","0,000","0,000","0,000","0,000","0,000","0,000","0,000","2,000","33,898","5,000","84,745","3,000","50,847","3,000","50,847","4,000","67,796","3,000","50,847","1,000","16,949","1,000","16,949","1,000","16,949","0,000","0,000","0,000","0,000","0,000","0,000","0,000","0,000","1,000","16,949","2,000","33,898","9,000","152,541","4,000","67,796","4,000","67,796","7,000","118,643","4,000","67,796","1,000","16,949","1,000","16,949","1,000","16,949"
473,São Januário - Lido,Intersul,Volta,18.556,"0,000","0,000","0,000","0,000","0,000","0,000","0,000","0,000","0,000","0,000","1,000","18,556","12,000","222,672","7,000","129,892","9,000","167,004","13,000","241,228","8,000","148,448","2,000","37,112","2,000","37,112","1,000","18,556","0,000","0,000","0,000","0,000","0,000","0,000","0,000","0,000","0,000","0,000","0,000","0,000","4,000","74,224","5,000","92,780","5,000","92,780","6,000","111,336","5,000","92,780","1,000","18,556","2,000","37,112","1,000","18,556","0,000","0,000","0,000","0,000","0,000","0,000","0,000","0,000","0,000","0,000","0,000","0,000","4,000","74,224","3,000","55,668","5,000","92,780","5,000","92,780","5,000","92,780","1,000","18,556","1,000","18,556","1,000","18,556","0,000","0,000","0,000","0,000","0,000","0,000","0,000","0,000","0,000","0,000","1,000","18,556","7,000","129,892","4,000","74,224","6,000","111,336","8,000","148,448","5,000","92,780","1,000","18,556","1,000","18,556","1,000","18,556"
474,Jacaré - Copacabana,Intersul,Ida,21.584,"0,000","0,000","0,000","0,000","0,000","0,000","0,000","0,000","2,000","43,168","3,000","64,752","15,000","323,760","6,000","129,504","6,000","129,504","14,000","302,176","15,000","323,760","1,000","21,584","0,000","0,000","0,000","0,000","0,000","0,000","0,000","0,000","0,000","0,000","0,000","0,000","1,000","21,584","3,000","64,752","7,000","151,088","6,000","129,504","6,000","129,504","13,000","280,592","15,000","323,760","1,000","21,584","0,000","0,000","0,000","0,000","0,000","0,000","0,000","0,000","0,000","0,000","0,000","0,000","0,000","0,000","2,000","43,168","6,000","129,504","6,000","129,504","6,000","129,504","13,000","280,592","15,000","323,760","1,000","21,584","0,000","0,000","0,000","0,000","0,000","0,000","0,000","0,000","0,000","0,000","0,000","0,000","1,000","21,584","2,000","43,168","9,000","194,256","4,000","86,336","4,000","86,336","9,000","194,256","9,000","194,256","1,000","21,584","0,000","0,000","0,000","0,000"
474,Jacaré - Copacabana,Intersul,Volta,24.397,"0,000","0,000","0,000","0,000","0,000","0,000","0,000","0,000","0,000","0,000","1,000","24,397","12,000","292,764","6,000","146,382","6,000","146,382","18,000","439,146","18,000","439,146","1,000","24,397","1,000","24,397","0,000","0,000","0,000","0,000","0,000","0,000","0,000","0,000","0,000","0,000","0,000","0,000","1,000","24,397","6,000","146,382","6,000","146,382","6,000","146,382","18,000","439,146","18,000","439,146","1,000","24,397","2,000","48,794","0,000","0,000","0,000","0,000","0,000","0,000","0,000","0,000","0,000","0,000","0,000","0,000","1,000","24,397","6,000","146,382","6,000","146,382","6,000","146,382","18,000","439,146","18,000","439,146","1,000","24,397","1,000","24,397","0,000","0,000","0,000","0,000","0,000","0,000","0,000","0,000","0,000","0,000","0,000","0,000","1,000","24,397","7,000","170,779","4,000","97,588","4,000","97,588","11,000","268,367","11,000","268,367","1,000","24,397","1,000","24,397","0,000","0,000"
476,Méier - Leblon,Intersul,Ida,20.595,"0,000","0,000","0,000","0,000","0,000","0,000","0,000","0,000","1,000","20,595","5,000","102,975","15,000","308,925","8,000","164,760","7,000","144,165","11,000","226,545","7,000","144,165","1,000","20,595","1,000","20,595","0,000","0,000","0,000","0,000","0,000","0,000","0,000","0,000","0,000","0,000","1,000","20,595","2,000","41,190","8,000","164,760","6,000","123,570","5,000","102,975","4,000","82,380","3,000","61,785","1,000","20,595","1,000","20,595","0,000","0,000","0,000","0,000","0,000","0,000","0,000","0,000","0,000","0,000","1,000","20,595","2,000","41,190","5,000","102,975","4,000","82,380","4,000","82,380","3,000","61,785","3,000","61,785","1,000","20,595","1,000","20,595","0,000","0,000","0,000","0,000","0,000","0,000","0,000","0,000","0,000","0,000","1,000","20,595","3,000","61,785","9,000","185,355","5,000","102,975","4,000","82,380","7,000","144,165","4,000","82,380","1,000","20,595","1,000","20,595","0,000","0,000"
476,Méier - Leblon,Intersul,Volta,23.249,"0,000","0,000","0,000","0,000","0,000","0,000","0,000","0,000","0,000","0,000","1,000","23,249","12,000","278,988","6,000","139,494","9,000","209,241","13,000","302,237","8,000","185,992","2,000","46,498","1,000","23,249","1,000","23,249","0,000","0,000","0,000","0,000","0,000","0,000","0,000","0,000","0,000","0,000","1,000","23,249","5,000","116,245","6,000","139,494","7,000","162,743","6,000","139,494","4,000","92,996","1,000","23,249","1,000","23,249","1,000","23,249","0,000","0,000","0,000","0,000","0,000","0,000","0,000","0,000","0,000","0,000","1,000","23,249","3,000","69,747","4,000","92,996","4,000","92,996","4,000","92,996","3,000","69,747","1,000","23,249","1,000","23,249","1,000","23,249","0,000","0,000","0,000","0,000","0,000","0,000","0,000","0,000","0,000","0,000","1,000","23,249","7,000","162,743","4,000","92,996","6,000","139,494","8,000","185,992","5,000","116,245","1,000","23,249","1,000","23,249","1,000","23,249"
483,Penha - General Osório,Internorte,Ida,30.449,"0,000","0,000","0,000","0,000","0,000","0,000","0,000","0,000","6,000","182,694","9,000","274,041","23,000","700,327","21,000","639,429","25,000","761,225","30,000","913,470","30,000","913,470","3,000","91,347","5,000","152,245","0,000","0,000","0,000","0,000","0,000","0,000","0,000","0,000","0,000","0,000","5,000","152,245","6,000","182,694","22,000","669,878","19,000","578,531","20,000","608,980","27,000","822,123","30,000","913,470","2,000","60,898","5,000","152,245","0,000","0,000","0,000","0,000","0,000","0,000","0,000","0,000","0,000","0,000","4,000","121,796","7,000","213,143","16,000","487,184","14,000","426,286","15,000","456,735","27,000","822,123","30,000","913,470","2,000","60,898","2,000","60,898","0,000","0,000","0,000","0,000","0,000","0,000","0,000","0,000","0,000","0,000","4,000","121,796","6,000","182,694","14,000","426,286","13,000","395,837","16,000","487,184","19,000","578,531","19,000","578,531","2,000","60,898","3,000","91,347","0,000","0,000"
483,Penha - General Osório,Internorte,Volta,30.982,"4,000","123,928","0,000","0,000","0,000","0,000","0,000","0,000","0,000","0,000","5,000","154,910","23,000","712,586","21,000","650,622","25,000","774,550","31,000","960,442","30,000","929,460","4,000","123,928","5,000","154,910","4,000","123,928","5,000","154,910","0,000","0,000","0,000","0,000","0,000","0,000","0,000","0,000","6,000","185,892","21,000","650,622","19,000","588,658","20,000","619,640","30,000","929,460","30,000","929,460","4,000","123,928","5,000","154,910","3,000","92,946","5,000","154,910","0,000","0,000","0,000","0,000","0,000","0,000","0,000","0,000","5,000","154,910","16,000","495,712","14,000","433,748","15,000","464,730","30,000","929,460","30,000","929,460","3,000","92,946","4,000","123,928","4,000","123,928","2,000","61,964","0,000","0,000","0,000","0,000","0,000","0,000","0,000","0,000","3,000","92,946","14,000","433,748","13,000","402,766","16,000","495,712","19,000","588,658","19,000","588,658","2,000","61,964","3,000","92,946","2,000","61,964"
484,Olaria - General Osório,Internorte,Ida,28.195,"0,000","0,000","0,000","0,000","0,000","0,000","0,000","0,000","0,000","0,000","2,000","56,390","7,000","197,365","0,000","0,000","0,000","0,000","0,000","0,000","0,000","0,000","0,000","0,000","0,000","0,000","0,000","0,000","0,000","0,000","0,000","0,000","0,000","0,000","0,000","0,000","0,000","0,000","0,000","0,000","0,000","0,000","0,000","0,000","0,000","0,000","0,000","0,000","0,000","0,000","0,000","0,000","0,000","0,000","0,000","0,000","0,000","0,000","0,000","0,000","0,000","0,000","0,000","0,000","0,000","0,000","0,000","0,000","0,000","0,000","0,000","0,000","0,000","0,000","0,000","0,000","0,000","0,000","0,000","0,000","0,000","0,000","0,000","0,000","0,000","0,000","0,000","0,000","0,000","0,000","0,000","0,000","0,000","0,000","1,000","28,195","4,000","112,780","0,000","0,000","0,000","0,000","0,000","0,000","0,000","0,000","0,000","0,000","0,000","0,000","0,000","0,000"
485,Fundão - General Osório,Internorte,Ida,29.184,"0,000","0,000","0,000","0,000","0,000","0,000","0,000","0,000","0,000","0,000","0,000","0,000","2,000","58,368","6,000","175,104","10,000","291,840","11,000","321,024","5,000","145,920","1,000","29,184","0,000","0,000","0,000","0,000","0,000","0,000","0,000","0,000","0,000","0,000","0,000","0,000","0,000","0,000","0,000","0,000","2,000","58,368","3,000","87,552","2,000","58,368","0,000","0,000","0,000","0,000","0,000","0,000","0,000","0,000","0,000","0,000","0,000","0,000","0,000","0,000","0,000","0,000","0,000","0,000","0,000","0,000","0,000","0,000","0,000","0,000","0,000","0,000","0,000","0,000","0,000","0,000","0,000","0,000","0,000","0,000","0,000","0,000","0,000","0,000","0,000","0,000","0,000","0,000","0,000","0,000","0,000","0,000","0,000","0,000","0,000","0,000","1,000","29,184","4,000","116,736","6,000","175,104","7,000","204,288","3,000","87,552","1,000","29,184","0,000","0,000","0,000","0,000"
485,Fundão - General Osório,Internorte,Volta,32.907,"0,000","0,000","0,000","0,000","0,000","0,000","0,000","0,000","0,000","0,000","0,000","0,000","13,000","427,791","11,000","361,977","5,000","164,535","3,000","98,721","3,000","98,721","0,000","0,000","0,000","0,000","0,000","0,000","0,000","0,000","0,000","0,000","0,000","0,000","0,000","0,000","0,000","0,000","0,000","0,000","3,000","98,721","3,000","98,721","1,000","32,907","0,000","0,000","0,000","0,000","0,000","0,000","0,000","0,000","0,000","0,000","0,000","0,000","0,000","0,000","0,000","0,000","0,000","0,000","0,000","0,000","0,000","0,000","0,000","0,000","0,000","0,000","0,000","0,000","0,000","0,000","0,000","0,000","0,000","0,000","0,000","0,000","0,000","0,000","0,000","0,000","0,000","0,000","0,000","0,000","0,000","0,000","0,000","0,000","0,000","0,000","8,000","263,256","7,000","230,349","3,000","98,721","2,000","65,814","2,000","65,814","0,000","0,000","0,000","0,000","0,000","0,000"
486,Fundão - General Osório,Internorte,Volta,28.949,"0,000","0,000","0,000","0,000","0,000","0,000","0,000","0,000","0,000","0,000","0,000","0,000","0,000","0,000","0,000","0,000","6,000","173,694","8,000","231,592","5,000","144,745","0,000","0,000","0,000","0,000","0,000","0,000","0,000","0,000","0,000","0,000","0,000","0,000","0,000","0,000","0,000","0,000","0,000","0,000","0,000","0,000","0,000","0,000","0,000","0,000","0,000","0,000","0,000","0,000","0,000","0,000","0,000","0,000","0,000","0,000","0,000","0,000","0,000","0,000","0,000","0,000","0,000","0,000","0,000","0,000","0,000","0,000","0,000","0,000","0,000","0,000","0,000","0,000","0,000","0,000","0,000","0,000","0,000","0,000","0,000","0,000","0,000","0,000","0,000","0,000","0,000","0,000","0,000","0,000","0,000","0,000","0,000","0,000","0,000","0,000","0,000","0,000","0,000","0,000","4,000","115,796","5,000","144,745","3,000","86,847","0,000","0,000","0,000","0,000","0,000","0,000"
492,Bancários - Prado Júnior,Internorte,Ida,32.150,"0,000","0,000","0,000","0,000","0,000","0,000","0,000","0,000","0,000","0,000","2,000","64,300","9,000","289,350","5,000","160,750","5,000","160,750","8,000","257,200","3,000","96,450","1,000","32,150","1,000","32,150","0,000","0,000","0,000","0,000","0,000","0,000","0,000","0,000","0,000","0,000","0,000","0,000","1,000","32,150","5,000","160,750","4,000","128,600","3,000","96,450","3,000","96,450","3,000","96,450","1,000","32,150","0,000","0,000","0,000","0,000","0,000","0,000","0,000","0,000","0,000","0,000","0,000","0,000","0,000","0,000","1,000","32,150","3,000","96,450","4,000","128,600","4,000","128,600","3,000","96,450","3,000","96,450","1,000","32,150","0,000","0,000","0,000","0,000","0,000","0,000","0,000","0,000","0,000","0,000","0,000","0,000","0,000","0,000","1,000","32,150","6,000","192,900","3,000","96,450","3,000","96,450","5,000","160,750","2,000","64,300","1,000","32,150","1,000","32,150","0,000","0,000"
492,Bancários - Prado Júnior,Internorte,Volta,31.862,"0,000","0,000","0,000","0,000","0,000","0,000","0,000","0,000","0,000","0,000","0,000","0,000","8,000","254,896","3,000","95,586","4,000","127,448","9,000","286,758","5,000","159,310","2,000","63,724","2,000","63,724","1,000","31,862","0,000","0,000","0,000","0,000","0,000","0,000","0,000","0,000","0,000","0,000","0,000","0,000","3,000","95,586","3,000","95,586","4,000","127,448","5,000","159,310","4,000","127,448","1,000","31,862","1,000","31,862","0,000","0,000","0,000","0,000","0,000","0,000","0,000","0,000","0,000","0,000","0,000","0,000","0,000","0,000","3,000","95,586","3,000","95,586","3,000","95,586","3,000","95,586","3,000","95,586","1,000","31,862","1,000","31,862","0,000","0,000","0,000","0,000","0,000","0,000","0,000","0,000","0,000","0,000","0,000","0,000","0,000","0,000","5,000","159,310","2,000","63,724","2,000","63,724","6,000","191,172","3,000","95,586","1,000","31,862","1,000","31,862","1,000","31,862"
497,Penha - Largo do Machado,Internorte,Ida,22.804,"0,000","0,000","0,000","0,000","0,000","0,000","0,000","0,000","4,000","91,216","6,000","136,824","23,000","524,492","13,000","296,452","14,000","319,256","17,000","387,668","12,000","273,648","2,000","45,608","0,000","0,000","0,000","0,000","0,000","0,000","0,000","0,000","0,000","0,000","0,000","0,000","3,000","68,412","5,000","114,020","15,000","342,060","12,000","273,648","12,000","273,648","14,000","319,256","10,000","228,040","2,000","45,608","0,000","0,000","0,000","0,000","0,000","0,000","0,000","0,000","0,000","0,000","0,000","0,000","2,000","45,608","4,000","91,216","10,000","228,040","9,000","205,236","7,000","159,628","7,000","159,628","6,000","136,824","1,000","22,804","0,000","0,000","0,000","0,000","0,000","0,000","0,000","0,000","0,000","0,000","0,000","0,000","2,000","45,608","4,000","91,216","14,000","319,256","8,000","182,432","9,000","205,236","11,000","250,844","7,000","159,628","1,000","22,804","0,000","0,000","0,000","0,000"
497,Penha - Largo do Machado,Internorte,Volta,20.929,"0,000","0,000","0,000","0,000","0,000","0,000","0,000","0,000","0,000","0,000","3,000","62,787","19,000","397,651","13,000","272,077","17,000","355,793","21,000","439,509","14,000","293,006","4,000","83,716","4,000","83,716","0,000","0,000","0,000","0,000","0,000","0,000","0,000","0,000","0,000","0,000","0,000","0,000","2,000","41,858","12,000","251,148","11,000","230,219","15,000","313,935","17,000","355,793","12,000","251,148","3,000","62,787","4,000","83,716","0,000","0,000","0,000","0,000","0,000","0,000","0,000","0,000","0,000","0,000","0,000","0,000","2,000","41,858","8,000","167,432","6,000","125,574","7,000","146,503","10,000","209,290","9,000","188,361","3,000","62,787","2,000","41,858","0,000","0,000","0,000","0,000","0,000","0,000","0,000","0,000","0,000","0,000","0,000","0,000","2,000","41,858","12,000","251,148","8,000","167,432","11,000","230,219","13,000","272,077","9,000","188,361","2,000","41,858","2,000","41,858","0,000","0,000"
507,Silvestre - Largo do Machado,Intersul,Ida,7.315,"0,000","0,000","0,000","0,000","0,000","0,000","0,000","0,000","1,000","7,315","2,000","14,630","16,000","117,040","7,000","51,205","8,000","58,520","12,000","87,780","10,000","73,150","1,000","7,315","0,000","0,000","0,000","0,000","0,000","0,000","0,000","0,000","0,000","0,000","0,000","0,000","0,000","0,000","1,000","7,315","7,000","51,205","8,000","58,520","7,000","51,205","8,000","58,520","6,000","43,890","1,000","7,315","0,000","0,000","0,000","0,000","0,000","0,000","0,000","0,000","0,000","0,000","0,000","0,000","0,000","0,000","0,000","0,000","5,000","36,575","6,000","43,890","5,000","36,575","4,000","29,260","6,000","43,890","1,000","7,315","0,000","0,000","0,000","0,000","0,000","0,000","0,000","0,000","0,000","0,000","0,000","0,000","1,000","7,315","1,000","7,315","10,000","73,150","4,000","29,260","5,000","36,575","7,000","51,205","6,000","43,890","1,000","7,315","0,000","0,000","0,000","0,000"
507,Silvestre - Largo do Machado,Intersul,Volta,7.167,"0,000","0,000","0,000","0,000","0,000","0,000","0,000","0,000","0,000","0,000","1,000","7,167","13,000","93,171","7,000","50,169","10,000","71,670","14,000","100,338","12,000","86,004","3,000","21,501","1,000","7,167","0,000","0,000","0,000","0,000","0,000","0,000","0,000","0,000","0,000","0,000","0,000","0,000","1,000","7,167","4,000","28,668","6,000","43,002","9,000","64,503","10,000","71,670","7,000","50,169","1,000","7,167","1,000","7,167","0,000","0,000","0,000","0,000","0,000","0,000","0,000","0,000","0,000","0,000","0,000","0,000","0,000","0,000","3,000","21,501","6,000","43,002","6,000","43,002","7,000","50,169","7,000","50,169","1,000","7,167","1,000","7,167","0,000","0,000","0,000","0,000","0,000","0,000","0,000","0,000","0,000","0,000","0,000","0,000","1,000","7,167","8,000","57,336","4,000","28,668","6,000","43,002","9,000","64,503","7,000","50,169","2,000","14,334","1,000","7,167","0,000","0,000"
513,Urca - Botafogo,Intersul,Circular,9.410,"0,000","0,000","0,000","0,000","0,000","0,000","0,000","0,000","0,000","0,000","1,000","9,410","11,000","103,510","7,000","65,870","6,000","56,460","5,000","47,050","4,000","37,640","1,000","9,410","1,000","9,410","0,000","0,000","0,000","0,000","0,000","0,000","0,000","0,000","0,000","0,000","0,000","0,000","0,000","0,000","3,000","28,230","3,000","28,230","3,000","28,230","3,000","28,230","3,000","28,230","0,000","0,000","0,000","0,000","0,000","0,000","0,000","0,000","0,000","0,000","0,000","0,000","0,000","0,000","0,000","0,000","0,000","0,000","0,000","0,000","0,000","0,000","0,000","0,000","0,000","0,000","0,000","0,000","0,000","0,000","0,000","0,000","0,000","0,000","0,000","0,000","0,000","0,000","0,000","0,000","0,000","0,000","0,000","0,000","1,000","9,410","7,000","65,870","4,000","37,640","4,000","37,640","3,000","28,230","2,000","18,820","1,000","9,410","1,000","9,410","0,000","0,000"
518,Urca - Botafogo,Intersul,Circular,15.445,"0,000","0,000","0,000","0,000","0,000","0,000","0,000","0,000","0,000","0,000","2,000","30,890","9,000","139,005","9,000","139,005","9,000","139,005","9,000","139,005","9,000","139,005","1,000","15,445","0,000","0,000","0,000","0,000","0,000","0,000","0,000","0,000","0,000","0,000","0,000","0,000","0,000","0,000","1,000","15,445","5,000","77,225","4,000","61,780","5,000","77,225","4,000","61,780","5,000","77,225","0,000","0,000","0,000","0,000","0,000","0,000","0,000","0,000","0,000","0,000","0,000","0,000","0,000","0,000","0,000","0,000","1,000","15,445","5,000","77,225","4,000","61,780","5,000","77,225","4,000","61,780","5,000","77,225","0,000","0,000","0,000","0,000","0,000","0,000","0,000","0,000","0,000","0,000","0,000","0,000","0,000","0,000","0,000","0,000","1,000","15,445","6,000","92,670","6,000","92,670","6,000","92,670","6,000","92,670","6,000","92,670","1,000","15,445","0,000","0,000","0,000","0,000"
519,Urca - Copacabana,Intersul,Circular,14.369,"0,000","0,000","0,000","0,000","0,000","0,000","0,000","0,000","0,000","0,000","1,000","14,369","9,000","129,321","9,000","129,321","9,000","129,321","9,000","129,321","9,000","129,321","1,000","14,369","0,000","0,000","0,000","0,000","0,000","0,000","0,000","0,000","0,000","0,000","0,000","0,000","0,000","0,000","1,000","14,369","4,000","57,476","5,000","71,845","4,000","57,476","5,000","71,845","4,000","57,476","1,000","14,369","0,000","0,000","0,000","0,000","0,000","0,000","0,000","0,000","0,000","0,000","0,000","0,000","0,000","0,000","1,000","14,369","4,000","57,476","5,000","71,845","4,000","57,476","5,000","71,845","4,000","57,476","1,000","14,369","0,000","0,000","0,000","0,000","0,000","0,000","0,000","0,000","0,000","0,000","0,000","0,000","0,000","0,000","1,000","14,369","6,000","86,214","6,000","86,214","6,000","86,214","6,000","86,214","6,000","86,214","1,000","14,369","0,000","0,000","0,000","0,000"
539,Rocinha - Leme,Intersul,Ida,15.717,"0,000","0,000","0,000","0,000","0,000","0,000","0,000","0,000","2,000","31,434","4,000","62,868","18,000","282,906","13,000","204,321","14,000","220,038","16,000","251,472","12,000","188,604","2,000","31,434","1,000","15,717","0,000","0,000","0,000","0,000","0,000","0,000","0,000","0,000","0,000","0,000","1,000","15,717","2,000","31,434","9,000","141,453","8,000","125,736","8,000","125,736","8,000","125,736","6,000","94,302","2,000","31,434","1,000","15,717","0,000","0,000","0,000","0,000","0,000","0,000","0,000","0,000","0,000","0,000","1,000","15,717","1,000","15,717","5,000","78,585","5,000","78,585","7,000","110,019","5,000","78,585","4,000","62,868","1,000","15,717","1,000","15,717","0,000","0,000","0,000","0,000","0,000","0,000","0,000","0,000","0,000","0,000","1,000","15,717","2,000","31,434","11,000","172,887","8,000","125,736","9,000","141,453","10,000","157,170","7,000","110,019","1,000","15,717","1,000","15,717","0,000","0,000"
539,Rocinha - Leme,Intersul,Volta,18.077,"0,000","0,000","0,000","0,000","0,000","0,000","0,000","0,000","0,000","0,000","3,000","54,231","19,000","343,463","14,000","253,078","15,000","271,155","17,000","307,309","11,000","198,847","2,000","36,154","1,000","18,077","1,000","18,077","0,000","0,000","0,000","0,000","0,000","0,000","0,000","0,000","0,000","0,000","1,000","18,077","8,000","144,616","7,000","126,539","8,000","144,616","10,000","180,770","6,000","108,462","2,000","36,154","1,000","18,077","1,000","18,077","0,000","0,000","0,000","0,000","0,000","0,000","0,000","0,000","0,000","0,000","1,000","18,077","4,000","72,308","4,000","72,308","6,000","108,462","6,000","108,462","5,000","90,385","1,000","18,077","1,000","18,077","0,000","0,000","0,000","0,000","0,000","0,000","0,000","0,000","0,000","0,000","0,000","0,000","2,000","36,154","12,000","216,924","9,000","162,693","9,000","162,693","11,000","198,847","7,000","126,539","1,000","18,077","1,000","18,077","1,000","18,077"
550,Cidade de Deus - Gávea,Transcarioca,Ida,30.354,"0,000","0,000","0,000","0,000","0,000","0,000","1,000","30,354","5,000","151,770","9,000","273,186","19,000","576,726","16,000","485,664","19,000","576,726","19,000","576,726","13,000","394,602","3,000","91,062","2,000","60,708","0,000","0,000","0,000","0,000","0,000","0,000","0,000","0,000","0,000","0,000","3,000","91,062","5,000","151,770","18,000","546,372","17,000","516,018","18,000","546,372","14,000","424,956","11,000","333,894","2,000","60,708","0,000","0,000","0,000","0,000","0,000","0,000","0,000","0,000","0,000","0,000","0,000","0,000","2,000","60,708","4,000","121,416","12,000","364,248","13,000","394,602","12,000","364,248","13,000","394,602","11,000","333,894","2,000","60,708","0,000","0,000","0,000","0,000","0,000","0,000","0,000","0,000","0,000","0,000","1,000","30,354","3,000","91,062","6,000","182,124","12,000","364,248","10,000","303,540","12,000","364,248","12,000","364,248","8,000","242,832","2,000","60,708","1,000","30,354","0,000","0,000"
550,Cidade de Deus - Gávea,Transcarioca,Volta,28.223,"0,000","0,000","0,000","0,000","0,000","0,000","0,000","0,000","1,000","28,223","3,000","84,669","19,000","536,237","18,000","508,014","17,000","479,791","20,000","564,460","17,000","479,791","4,000","112,892","4,000","112,892","3,000","84,669","0,000","0,000","0,000","0,000","0,000","0,000","0,000","0,000","0,000","0,000","2,000","56,446","15,000","423,345","14,000","395,122","15,000","423,345","15,000","423,345","13,000","366,899","4,000","112,892","3,000","84,669","0,000","0,000","0,000","0,000","0,000","0,000","0,000","0,000","0,000","0,000","0,000","0,000","1,000","28,223","10,000","282,230","11,000","310,453","9,000","254,007","12,000","338,676","13,000","366,899","4,000","112,892","3,000","84,669","0,000","0,000","0,000","0,000","0,000","0,000","0,000","0,000","0,000","0,000","1,000","28,223","2,000","56,446","12,000","338,676","11,000","310,453","11,000","310,453","12,000","338,676","11,000","310,453","2,000","56,446","2,000","56,446","2,000","56,446"
552,Terminal Alvorada - Rio Sul,Transcarioca,Ida,32.565,"0,000","0,000","0,000","0,000","0,000","0,000","0,000","0,000","2,000","65,130","3,000","97,695","11,000","358,215","3,000","97,695","5,000","162,825","8,000","260,520","4,000","130,260","1,000","32,565","1,000","32,565","0,000","0,000","0,000","0,000","0,000","0,000","0,000","0,000","0,000","0,000","1,000","32,565","1,000","32,565","5,000","162,825","3,000","97,695","4,000","130,260","4,000","130,260","3,000","97,695","1,000","32,565","1,000","32,565","0,000","0,000","0,000","0,000","0,000","0,000","0,000","0,000","0,000","0,000","1,000","32,565","1,000","32,565","3,000","97,695","3,000","97,695","3,000","97,695","3,000","97,695","3,000","97,695","1,000","32,565","0,000","0,000","0,000","0,000","0,000","0,000","0,000","0,000","0,000","0,000","0,000","0,000","1,000","32,565","2,000","65,130","7,000","227,955","2,000","65,130","3,000","97,695","5,000","162,825","2,000","65,130","1,000","32,565","1,000","32,565","0,000","0,000"
552,Terminal Alvorada - Rio Sul,Transcarioca,Volta,31.278,"0,000","0,000","0,000","0,000","0,000","0,000","0,000","0,000","1,000","31,278","1,000","31,278","9,000","281,502","3,000","93,834","6,000","187,668","10,000","312,780","5,000","156,390","2,000","62,556","1,000","31,278","0,000","0,000","0,000","0,000","0,000","0,000","0,000","0,000","0,000","0,000","1,000","31,278","1,000","31,278","3,000","93,834","3,000","93,834","3,000","93,834","5,000","156,390","4,000","125,112","2,000","62,556","1,000","31,278","0,000","0,000","0,000","0,000","0,000","0,000","0,000","0,000","0,000","0,000","1,000","31,278","1,000","31,278","3,000","93,834","3,000","93,834","3,000","93,834","5,000","156,390","3,000","93,834","1,000","31,278","1,000","31,278","0,000","0,000","0,000","0,000","0,000","0,000","0,000","0,000","0,000","0,000","1,000","31,278","1,000","31,278","6,000","187,668","2,000","62,556","4,000","125,112","6,000","187,668","3,000","93,834","1,000","31,278","1,000","31,278","0,000","0,000"
553,Recreio dos Bandeirantes - Rio Sul,Transcarioca,Ida,43.479,"0,000","0,000","0,000","0,000","0,000","0,000","1,000","43,479","3,000","130,437","6,000","260,874","22,000","956,538","11,000","478,269","12,000","521,748","16,000","695,664","7,000","304,353","1,000","43,479","1,000","43,479","1,000","43,479","0,000","0,000","0,000","0,000","0,000","0,000","0,000","0,000","3,000","130,437","4,000","173,916","13,000","565,227","9,000","391,311","11,000","478,269","9,000","391,311","7,000","304,353","2,000","86,958","2,000","86,958","1,000","43,479","0,000","0,000","0,000","0,000","0,000","0,000","1,000","43,479","2,000","86,958","3,000","130,437","8,000","347,832","7,000","304,353","8,000","347,832","7,000","304,353","5,000","217,395","2,000","86,958","1,000","43,479","0,000","0,000","0,000","0,000","0,000","0,000","0,000","0,000","1,000","43,479","2,000","86,958","4,000","173,916","14,000","608,706","7,000","304,353","7,000","304,353","10,000","434,790","4,000","173,916","1,000","43,479","1,000","43,479","1,000","43,479"
553,Recreio dos Bandeirantes - Rio Sul,Transcarioca,Volta,41.249,"2,000","82,498","0,000","0,000","0,000","0,000","1,000","41,249","1,000","41,249","3,000","123,747","18,000","742,482","10,000","412,490","15,000","618,735","17,000","701,233","9,000","371,241","4,000","164,996","2,000","82,498","1,000","41,249","3,000","123,747","0,000","0,000","0,000","0,000","0,000","0,000","1,000","41,249","3,000","123,747","11,000","453,739","9,000","371,241","10,000","412,490","11,000","453,739","8,000","329,992","3,000","123,747","2,000","82,498","1,000","41,249","3,000","123,747","0,000","0,000","0,000","0,000","1,000","41,249","1,000","41,249","2,000","82,498","7,000","288,743","7,000","288,743","8,000","329,992","7,000","288,743","7,000","288,743","3,000","123,747","2,000","82,498","2,000","82,498","1,000","41,249","0,000","0,000","0,000","0,000","1,000","41,249","1,000","41,249","2,000","82,498","11,000","453,739","6,000","247,494","9,000","371,241","11,000","453,739","6,000","247,494","2,000","82,498","1,000","41,249","1,000","41,249"
554,Piabas - Rio Sul,Transcarioca,Ida,57.591,"0,000","0,000","0,000","0,000","0,000","0,000","0,000","0,000","4,000","230,364","6,000","345,546","19,000","1.094,229","10,000","575,910","9,000","518,319","15,000","863,865","8,000","460,728","2,000","115,182","0,000","0,000","0,000","0,000","0,000","0,000","0,000","0,000","0,000","0,000","0,000","0,000","2,000","115,182","3,000","172,773","9,000","518,319","6,000","345,546","6,000","345,546","6,000","345,546","5,000","287,955","1,000","57,591","0,000","0,000","0,000","0,000","0,000","0,000","0,000","0,000","0,000","0,000","0,000","0,000","2,000","115,182","3,000","172,773","7,000","403,137","6,000","345,546","7,000","403,137","6,000","345,546","6,000","345,546","1,000","57,591","0,000","0,000","0,000","0,000","0,000","0,000","0,000","0,000","0,000","0,000","0,000","0,000","2,000","115,182","4,000","230,364","12,000","691,092","6,000","345,546","6,000","345,546","9,000","518,319","5,000","287,955","1,000","57,591","0,000","0,000","0,000","0,000"
554,Piabas - Rio Sul,Transcarioca,Volta,52.887,"0,000","0,000","0,000","0,000","0,000","0,000","0,000","0,000","0,000","0,000","3,000","158,661","16,000","846,192","9,000","475,983","10,000","528,870","16,000","846,192","10,000","528,870","3,000","158,661","3,000","158,661","0,000","0,000","0,000","0,000","0,000","0,000","0,000","0,000","0,000","0,000","0,000","0,000","1,000","52,887","8,000","423,096","6,000","317,322","6,000","317,322","7,000","370,209","6,000","317,322","2,000","105,774","2,000","105,774","0,000","0,000","0,000","0,000","0,000","0,000","0,000","0,000","0,000","0,000","0,000","0,000","2,000","105,774","7,000","370,209","6,000","317,322","6,000","317,322","7,000","370,209","6,000","317,322","2,000","105,774","2,000","105,774","0,000","0,000","0,000","0,000","0,000","0,000","0,000","0,000","0,000","0,000","0,000","0,000","2,000","105,774","10,000","528,870","6,000","317,322","6,000","317,322","10,000","528,870","6,000","317,322","2,000","105,774","2,000","105,774","0,000","0,000"
555,Rio das Pedras - Gávea,Transcarioca,Ida,22.259,"0,000","0,000","0,000","0,000","0,000","0,000","0,000","0,000","0,000","0,000","6,000","133,554","19,000","422,921","10,000","222,590","11,000","244,849","16,000","356,144","6,000","133,554","0,000","0,000","0,000","0,000","0,000","0,000","0,000","0,000","0,000","0,000","0,000","0,000","0,000","0,000","0,000","0,000","2,000","44,518","12,000","267,108","7,000","155,813","5,000","111,295","9,000","200,331","8,000","178,072","0,000","0,000","0,000","0,000","0,000","0,000","0,000","0,000","0,000","0,000","0,000","0,000","0,000","0,000","0,000","0,000","0,000","0,000","0,000","0,000","0,000","0,000","0,000","0,000","0,000","0,000","0,000","0,000","0,000","0,000","0,000","0,000","0,000","0,000","0,000","0,000","0,000","0,000","0,000","0,000","0,000","0,000","0,000","0,000","4,000","89,036","12,000","267,108","6,000","133,554","7,000","155,813","10,000","222,590","4,000","89,036","0,000","0,000","0,000","0,000","0,000","0,000"
555,Rio das Pedras - Gávea,Transcarioca,Volta,21.506,"0,000","0,000","0,000","0,000","0,000","0,000","0,000","0,000","0,000","0,000","0,000","0,000","16,000","344,096","12,000","258,072","9,000","193,554","17,000","365,602","14,000","301,084","0,000","0,000","0,000","0,000","0,000","0,000","0,000","0,000","0,000","0,000","0,000","0,000","0,000","0,000","0,000","0,000","0,000","0,000","10,000","215,060","6,000","129,036","4,000","86,024","11,000","236,566","9,000","193,554","0,000","0,000","0,000","0,000","0,000","0,000","0,000","0,000","0,000","0,000","0,000","0,000","0,000","0,000","0,000","0,000","0,000","0,000","0,000","0,000","0,000","0,000","0,000","0,000","0,000","0,000","0,000","0,000","0,000","0,000","0,000","0,000","0,000","0,000","0,000","0,000","0,000","0,000","0,000","0,000","0,000","0,000","0,000","0,000","0,000","0,000","10,000","215,060","7,000","150,542","6,000","129,036","11,000","236,566","9,000","193,554","0,000","0,000","0,000","0,000","0,000","0,000"
557,Rio das Pedras - Copacabana,Transcarioca,Ida,30.711,"1,000","30,711","1,000","30,711","0,000","0,000","0,000","0,000","3,000","92,133","12,000","368,532","29,000","890,619","17,000","522,087","15,000","460,665","19,000","583,509","13,000","399,243","2,000","61,422","1,000","30,711","1,000","30,711","0,000","0,000","1,000","30,711","0,000","0,000","0,000","0,000","3,000","92,133","7,000","214,977","25,000","767,775","18,000","552,798","16,000","491,376","16,000","491,376","11,000","337,821","2,000","61,422","1,000","30,711","1,000","30,711","0,000","0,000","0,000","0,000","0,000","0,000","0,000","0,000","2,000","61,422","5,000","153,555","14,000","429,954","12,000","368,532","12,000","368,532","9,000","276,399","7,000","214,977","2,000","61,422","1,000","30,711","0,000","0,000","1,000","30,711","1,000","30,711","0,000","0,000","0,000","0,000","2,000","61,422","7,000","214,977","18,000","552,798","11,000","337,821","9,000","276,399","12,000","368,532","8,000","245,688","1,000","30,711","1,000","30,711","1,000","30,711"
557,Rio das Pedras - Copacabana,Transcarioca,Volta,27.088,"3,000","81,264","1,000","27,088","0,000","0,000","0,000","0,000","1,000","27,088","1,000","27,088","24,000","650,112","14,000","379,232","14,000","379,232","23,000","623,024","16,000","433,408","5,000","135,440","4,000","108,352","2,000","54,176","4,000","108,352","1,000","27,088","0,000","0,000","0,000","0,000","1,000","27,088","1,000","27,088","20,000","541,760","15,000","406,320","15,000","406,320","19,000","514,672","13,000","352,144","4,000","108,352","4,000","108,352","2,000","54,176","2,000","54,176","0,000","0,000","0,000","0,000","0,000","0,000","1,000","27,088","1,000","27,088","12,000","325,056","10,000","270,880","10,000","270,880","10,000","270,880","10,000","270,880","3,000","81,264","3,000","81,264","2,000","54,176","2,000","54,176","1,000","27,088","0,000","0,000","0,000","0,000","1,000","27,088","1,000","27,088","15,000","406,320","9,000","243,792","9,000","243,792","14,000","379,232","10,000","270,880","3,000","81,264","2,000","54,176","1,000","27,088"
565,Tanque - Gávea,Transcarioca,Ida,30.164,"0,000","0,000","0,000","0,000","0,000","0,000","1,000","30,164","5,000","150,820","12,000","361,968","45,000","1.357,380","22,000","663,608","25,000","754,100","26,000","784,264","15,000","452,460","3,000","90,492","2,000","60,328","0,000","0,000","0,000","0,000","0,000","0,000","0,000","0,000","1,000","30,164","8,000","241,312","7,000","211,148","18,000","542,952","12,000","361,968","12,000","361,968","18,000","542,952","11,000","331,804","3,000","90,492","3,000","90,492","1,000","30,164","0,000","0,000","0,000","0,000","0,000","0,000","1,000","30,164","4,000","120,656","4,000","120,656","14,000","422,296","12,000","361,968","12,000","361,968","15,000","452,460","10,000","301,640","3,000","90,492","2,000","60,328","1,000","30,164","0,000","0,000","0,000","0,000","0,000","0,000","1,000","30,164","3,000","90,492","7,000","211,148","28,000","844,592","14,000","422,296","16,000","482,624","16,000","482,624","9,000","271,476","2,000","60,328","1,000","30,164","0,000","0,000"
565,Tanque - Gávea,Transcarioca,Volta,28.023,"0,000","0,000","0,000","0,000","0,000","0,000","0,000","0,000","1,000","28,023","4,000","112,092","32,000","896,736","36,000","1.008,828","19,000","532,437","26,000","728,598","25,000","700,575","5,000","140,115","4,000","112,092","4,000","112,092","2,000","56,046","0,000","0,000","0,000","0,000","0,000","0,000","1,000","28,023","3,000","84,069","20,000","560,460","16,000","448,368","12,000","336,276","14,000","392,322","16,000","448,368","4,000","112,092","3,000","84,069","3,000","84,069","1,000","28,023","0,000","0,000","0,000","0,000","0,000","0,000","1,000","28,023","2,000","56,046","14,000","392,322","12,000","336,276","12,000","336,276","14,000","392,322","13,000","364,299","3,000","84,069","3,000","84,069","3,000","84,069","0,000","0,000","0,000","0,000","0,000","0,000","0,000","0,000","1,000","28,023","2,000","56,046","20,000","560,460","22,000","616,506","12,000","336,276","16,000","448,368","16,000","448,368","3,000","84,069","2,000","56,046","2,000","56,046"
583,Cosme Velho - Leblon,Intersul,Circular,26.351,"0,000","0,000","0,000","0,000","0,000","0,000","0,000","0,000","0,000","0,000","1,000","26,351","8,000","210,808","8,000","210,808","7,000","184,457","7,000","184,457","6,000","158,106","1,000","26,351","0,000","0,000","0,000","0,000","0,000","0,000","0,000","0,000","0,000","0,000","0,000","0,000","0,000","0,000","0,000","0,000","3,000","79,053","6,000","158,106","4,000","105,404","5,000","131,755","3,000","79,053","1,000","26,351","1,000","26,351","0,000","0,000","0,000","0,000","0,000","0,000","0,000","0,000","0,000","0,000","0,000","0,000","0,000","0,000","3,000","79,053","3,000","79,053","3,000","79,053","3,000","79,053","3,000","79,053","0,000","0,000","0,000","0,000","0,000","0,000","0,000","0,000","0,000","0,000","0,000","0,000","0,000","0,000","0,000","0,000","1,000","26,351","5,000","131,755","5,000","131,755","4,000","105,404","4,000","105,404","4,000","105,404","1,000","26,351","0,000","0,000","0,000","0,000"
584,Cosme Velho - Leblon,Intersul,Circular,24.381,"0,000","0,000","0,000","0,000","0,000","0,000","0,000","0,000","0,000","0,000","2,000","48,762","8,000","195,048","7,000","170,667","7,000","170,667","8,000","195,048","6,000","146,286","1,000","24,381","1,000","24,381","0,000","0,000","0,000","0,000","0,000","0,000","0,000","0,000","0,000","0,000","0,000","0,000","0,000","0,000","4,000","97,524","6,000","146,286","6,000","146,286","4,000","97,524","3,000","73,143","1,000","24,381","0,000","0,000","0,000","0,000","0,000","0,000","0,000","0,000","0,000","0,000","0,000","0,000","0,000","0,000","1,000","24,381","3,000","73,143","3,000","73,143","3,000","73,143","3,000","73,143","3,000","73,143","0,000","0,000","0,000","0,000","0,000","0,000","0,000","0,000","0,000","0,000","0,000","0,000","0,000","0,000","0,000","0,000","1,000","24,381","5,000","121,905","4,000","97,524","4,000","97,524","5,000","121,905","4,000","97,524","1,000","24,381","1,000","24,381","0,000","0,000"
585,Largo do Machado - Jardim de Alah,Intersul,Circular,24.779,"0,000","0,000","0,000","0,000","0,000","0,000","0,000","0,000","0,000","0,000","0,000","0,000","5,000","123,895","4,000","99,116","4,000","99,116","4,000","99,116","3,000","74,337","1,000","24,779","0,000","0,000","0,000","0,000","0,000","0,000","0,000","0,000","0,000","0,000","0,000","0,000","0,000","0,000","1,000","24,779","3,000","74,337","4,000","99,116","4,000","99,116","3,000","74,337","3,000","74,337","1,000","24,779","0,000","0,000","0,000","0,000","0,000","0,000","0,000","0,000","0,000","0,000","0,000","0,000","0,000","0,000","0,000","0,000","0,000","0,000","0,000","0,000","0,000","0,000","0,000","0,000","0,000","0,000","0,000","0,000","0,000","0,000","0,000","0,000","0,000","0,000","0,000","0,000","0,000","0,000","0,000","0,000","0,000","0,000","0,000","0,000","3,000","74,337","2,000","49,558","2,000","49,558","2,000","49,558","2,000","49,558","1,000","24,779","0,000","0,000","0,000","0,000"
600,Taquara - Saens Peña,Transcarioca,Ida,28.443,"0,000","0,000","0,000","0,000","0,000","0,000","0,000","0,000","3,000","85,329","7,000","199,101","23,000","654,189","12,000","341,316","10,000","284,430","15,000","426,645","7,000","199,101","2,000","56,886","0,000","0,000","0,000","0,000","0,000","0,000","0,000","0,000","0,000","0,000","0,000","0,000","2,000","56,886","3,000","85,329","12,000","341,316","10,000","284,430","8,000","227,544","7,000","199,101","5,000","142,215","1,000","28,443","0,000","0,000","0,000","0,000","0,000","0,000","0,000","0,000","0,000","0,000","0,000","0,000","1,000","28,443","2,000","56,886","7,000","199,101","6,000","170,658","7,000","199,101","6,000","170,658","5,000","142,215","1,000","28,443","0,000","0,000","0,000","0,000","0,000","0,000","0,000","0,000","0,000","0,000","0,000","0,000","2,000","56,886","4,000","113,772","14,000","398,202","7,000","199,101","6,000","170,658","9,000","255,987","4,000","113,772","1,000","28,443","0,000","0,000","0,000","0,000"
600,Taquara - Saens Peña,Transcarioca,Volta,27.929,"0,000","0,000","0,000","0,000","0,000","0,000","0,000","0,000","0,000","0,000","3,000","83,787","19,000","530,651","10,000","279,290","11,000","307,219","18,000","502,722","9,000","251,361","3,000","83,787","2,000","55,858","0,000","0,000","0,000","0,000","0,000","0,000","0,000","0,000","0,000","0,000","0,000","0,000","2,000","55,858","10,000","279,290","8,000","223,432","9,000","251,361","9,000","251,361","6,000","167,574","2,000","55,858","2,000","55,858","0,000","0,000","0,000","0,000","0,000","0,000","0,000","0,000","0,000","0,000","0,000","0,000","1,000","27,929","6,000","167,574","6,000","167,574","6,000","167,574","7,000","195,503","6,000","167,574","2,000","55,858","1,000","27,929","0,000","0,000","0,000","0,000","0,000","0,000","0,000","0,000","0,000","0,000","0,000","0,000","2,000","55,858","12,000","335,148","6,000","167,574","7,000","195,503","11,000","307,219","6,000","167,574","2,000","55,858","1,000","27,929","0,000","0,000"
601,Santa Maria - Saens Peña,Transcarioca,Ida,29.366,"0,000","0,000","0,000","0,000","0,000","0,000","0,000","0,000","1,000","29,366","4,000","117,464","11,000","323,026","6,000","176,196","6,000","176,196","7,000","205,562","4,000","117,464","1,000","29,366","1,000","29,366","0,000","0,000","0,000","0,000","0,000","0,000","0,000","0,000","0,000","0,000","1,000","29,366","1,000","29,366","6,000","176,196","5,000","146,830","4,000","117,464","3,000","88,098","3,000","88,098","1,000","29,366","1,000","29,366","0,000","0,000","0,000","0,000","0,000","0,000","0,000","0,000","0,000","0,000","1,000","29,366","1,000","29,366","3,000","88,098","3,000","88,098","3,000","88,098","3,000","88,098","3,000","88,098","1,000","29,366","0,000","0,000","0,000","0,000","0,000","0,000","0,000","0,000","0,000","0,000","0,000","0,000","1,000","29,366","2,000","58,732","7,000","205,562","4,000","117,464","4,000","117,464","4,000","117,464","2,000","58,732","1,000","29,366","1,000","29,366","0,000","0,000"
601,Santa Maria - Saens Peña,Transcarioca,Volta,29.631,"0,000","0,000","0,000","0,000","0,000","0,000","0,000","0,000","0,000","0,000","1,000","29,631","9,000","266,679","7,000","207,417","7,000","207,417","10,000","296,310","6,000","177,786","1,000","29,631","1,000","29,631","1,000","29,631","0,000","0,000","0,000","0,000","0,000","0,000","0,000","0,000","0,000","0,000","1,000","29,631","3,000","88,893","3,000","88,893","5,000","148,155","4,000","118,524","3,000","88,893","1,000","29,631","1,000","29,631","1,000","29,631","0,000","0,000","0,000","0,000","0,000","0,000","0,000","0,000","0,000","0,000","1,000","29,631","3,000","88,893","3,000","88,893","3,000","88,893","3,000","88,893","3,000","88,893","1,000","29,631","1,000","29,631","0,000","0,000","0,000","0,000","0,000","0,000","0,000","0,000","0,000","0,000","0,000","0,000","1,000","29,631","6,000","177,786","4,000","118,524","4,000","118,524","6,000","177,786","4,000","118,524","1,000","29,631","1,000","29,631","1,000","29,631"
603,Usina - Saens Peña,Intersul,Ida,3.951,"0,000","0,000","0,000","0,000","0,000","0,000","0,000","0,000","0,000","0,000","0,000","0,000","3,000","11,853","3,000","11,853","3,000","11,853","3,000","11,853","2,000","7,902","0,000","0,000","0,000","0,000","0,000","0,000","0,000","0,000","0,000","0,000","0,000","0,000","0,000","0,000","0,000","0,000","0,000","0,000","0,000","0,000","3,000","11,853","3,000","11,853","1,000","3,951","0,000","0,000","0,000","0,000","0,000","0,000","0,000","0,000","0,000","0,000","0,000","0,000","0,000","0,000","0,000","0,000","0,000","0,000","0,000","0,000","0,000","0,000","2,000","7,902","3,000","11,853","0,000","0,000","0,000","0,000","0,000","0,000","0,000","0,000","0,000","0,000","0,000","0,000","0,000","0,000","0,000","0,000","0,000","0,000","0,000","0,000","0,000","0,000","2,000","7,902","2,000","7,902","2,000","7,902","2,000","7,902","1,000","3,951","0,000","0,000","0,000","0,000","0,000","0,000"
603,Usina - Saens Peña,Intersul,Volta,4.822,"0,000","0,000","0,000","0,000","0,000","0,000","0,000","0,000","0,000","0,000","0,000","0,000","2,000","9,644","3,000","14,466","3,000","14,466","3,000","14,466","2,000","9,644","0,000","0,000","0,000","0,000","0,000","0,000","0,000","0,000","0,000","0,000","0,000","0,000","0,000","0,000","0,000","0,000","0,000","0,000","0,000","0,000","3,000","14,466","3,000","14,466","2,000","9,644","0,000","0,000","0,000","0,000","0,000","0,000","0,000","0,000","0,000","0,000","0,000","0,000","0,000","0,000","0,000","0,000","0,000","0,000","0,000","0,000","0,000","0,000","2,000","9,644","3,000","14,466","0,000","0,000","0,000","0,000","0,000","0,000","0,000","0,000","0,000","0,000","0,000","0,000","0,000","0,000","0,000","0,000","0,000","0,000","0,000","0,000","0,000","0,000","1,000","4,822","2,000","9,644","2,000","9,644","2,000","9,644","1,000","4,822","0,000","0,000","0,000","0,000","0,000","0,000"
606,Engenho de Dentro - Terminal Gentileza,Internorte,Ida,16.249,"0,000","0,000","0,000","0,000","0,000","0,000","1,000","16,249","2,000","32,498","8,000","129,992","45,000","731,205","28,000","454,972","28,000","454,972","39,000","633,711","19,000","308,731","2,000","32,498","1,000","16,249","1,000","16,249","0,000","0,000","0,000","0,000","0,000","0,000","1,000","16,249","2,000","32,498","5,000","81,245","23,000","373,727","21,000","341,229","21,000","341,229","19,000","308,731","11,000","178,739","2,000","32,498","2,000","32,498","1,000","16,249","0,000","0,000","0,000","0,000","0,000","0,000","0,000","0,000","1,000","16,249","3,000","48,747","12,000","194,988","10,000","162,490","12,000","194,988","12,000","194,988","8,000","129,992","1,000","16,249","1,000","16,249","1,000","16,249","0,000","0,000","0,000","0,000","0,000","0,000","1,000","16,249","1,000","16,249","5,000","81,245","28,000","454,972","17,000","276,233","17,000","276,233","24,000","389,976","12,000","194,988","1,000","16,249","1,000","16,249","1,000","16,249"
606,Engenho de Dentro - Terminal Gentileza,Internorte,Volta,17.621,"1,000","17,621","0,000","0,000","0,000","0,000","1,000","17,621","2,000","35,242","4,000","70,484","36,000","634,356","30,000","528,630","30,000","528,630","39,000","687,219","23,000","405,283","4,000","70,484","2,000","35,242","1,000","17,621","1,000","17,621","0,000","0,000","0,000","0,000","1,000","17,621","1,000","17,621","4,000","70,484","21,000","370,041","20,000","352,420","20,000","352,420","18,000","317,178","12,000","211,452","2,000","35,242","2,000","35,242","1,000","17,621","1,000","17,621","0,000","0,000","0,000","0,000","0,000","0,000","1,000","17,621","3,000","52,863","12,000","211,452","10,000","176,210","10,000","176,210","11,000","193,831","9,000","158,589","2,000","35,242","1,000","17,621","1,000","17,621","1,000","17,621","0,000","0,000","0,000","0,000","1,000","17,621","1,000","17,621","2,000","35,242","22,000","387,662","19,000","334,799","19,000","334,799","24,000","422,904","14,000","246,694","2,000","35,242","1,000","17,621","1,000","17,621"
607,Cascadura - Rio Comprido,Transcarioca,Ida,20.612,"0,000","0,000","0,000","0,000","0,000","0,000","0,000","0,000","2,000","41,224","5,000","103,060","15,000","309,180","10,000","206,120","8,000","164,896","11,000","226,732","7,000","144,284","2,000","41,224","1,000","20,612","1,000","20,612","0,000","0,000","0,000","0,000","0,000","0,000","0,000","0,000","1,000","20,612","3,000","61,836","9,000","185,508","10,000","206,120","8,000","164,896","7,000","144,284","6,000","123,672","2,000","41,224","1,000","20,612","0,000","0,000","0,000","0,000","0,000","0,000","0,000","0,000","0,000","0,000","0,000","0,000","2,000","41,224","7,000","144,284","7,000","144,284","6,000","123,672","6,000","123,672","5,000","103,060","1,000","20,612","0,000","0,000","0,000","0,000","0,000","0,000","0,000","0,000","0,000","0,000","0,000","0,000","1,000","20,612","3,000","61,836","9,000","185,508","6,000","123,672","5,000","103,060","7,000","144,284","4,000","82,448","1,000","20,612","1,000","20,612","1,000","20,612"
607,Cascadura - Rio Comprido,Transcarioca,Volta,20.663,"1,000","20,663","0,000","0,000","0,000","0,000","0,000","0,000","1,000","20,663","2,000","41,326","12,000","247,956","9,000","185,967","9,000","185,967","13,000","268,619","9,000","185,967","2,000","41,326","2,000","41,326","1,000","20,663","1,000","20,663","0,000","0,000","0,000","0,000","0,000","0,000","1,000","20,663","2,000","41,326","8,000","165,304","9,000","185,967","8,000","165,304","8,000","165,304","6,000","123,978","2,000","41,326","2,000","41,326","1,000","20,663","0,000","0,000","0,000","0,000","0,000","0,000","0,000","0,000","0,000","0,000","1,000","20,663","6,000","123,978","6,000","123,978","6,000","123,978","6,000","123,978","6,000","123,978","2,000","41,326","1,000","20,663","0,000","0,000","1,000","20,663","0,000","0,000","0,000","0,000","0,000","0,000","1,000","20,663","1,000","20,663","7,000","144,641","6,000","123,978","6,000","123,978","8,000","165,304","6,000","123,978","1,000","20,663","1,000","20,663","1,000","20,663"
608,Grajaú - Saens Peña,Intersul,Ida,4.658,"0,000","0,000","0,000","0,000","0,000","0,000","0,000","0,000","0,000","0,000","2,000","9,316","55,000","256,190","27,000","125,766","22,000","102,476","26,000","121,108","17,000","79,186","1,000","4,658","0,000","0,000","0,000","0,000","0,000","0,000","0,000","0,000","0,000","0,000","0,000","0,000","0,000","0,000","0,000","0,000","16,000","74,528","18,000","83,844","12,000","55,896","7,000","32,606","3,000","13,974","0,000","0,000","0,000","0,000","0,000","0,000","0,000","0,000","0,000","0,000","0,000","0,000","0,000","0,000","0,000","0,000","0,000","0,000","4,000","18,632","6,000","27,948","3,000","13,974","0,000","0,000","0,000","0,000","0,000","0,000","0,000","0,000","0,000","0,000","0,000","0,000","0,000","0,000","0,000","0,000","0,000","0,000","0,000","0,000","1,000","4,658","34,000","158,372","17,000","79,186","14,000","65,212","16,000","74,528","11,000","51,238","1,000","4,658","0,000","0,000","0,000","0,000"
608,Grajaú - Saens Peña,Intersul,Volta,5.636,"0,000","0,000","0,000","0,000","0,000","0,000","0,000","0,000","0,000","0,000","1,000","5,636","44,000","247,984","22,000","123,992","19,000","107,084","32,000","180,352","21,000","118,356","1,000","5,636","1,000","5,636","0,000","0,000","0,000","0,000","0,000","0,000","0,000","0,000","0,000","0,000","0,000","0,000","0,000","0,000","13,000","73,268","15,000","84,540","13,000","73,268","9,000","50,724","4,000","22,544","0,000","0,000","0,000","0,000","0,000","0,000","0,000","0,000","0,000","0,000","0,000","0,000","0,000","0,000","0,000","0,000","0,000","0,000","3,000","16,908","5,000","28,180","3,000","16,908","0,000","0,000","0,000","0,000","0,000","0,000","0,000","0,000","0,000","0,000","0,000","0,000","0,000","0,000","0,000","0,000","0,000","0,000","0,000","0,000","1,000","5,636","27,000","152,172","14,000","78,904","12,000","67,632","20,000","112,720","13,000","73,268","1,000","5,636","1,000","5,636","0,000","0,000"
610,Del Castilho - Tanque,Transcarioca,Ida,15.727,"0,000","0,000","0,000","0,000","0,000","0,000","0,000","0,000","1,000","15,727","1,000","15,727","12,000","188,724","4,000","62,908","6,000","94,362","10,000","157,270","9,000","141,543","1,000","15,727","1,000","15,727","1,000","15,727","0,000","0,000","0,000","0,000","0,000","0,000","0,000","0,000","0,000","0,000","1,000","15,727","3,000","47,181","3,000","47,181","3,000","47,181","3,000","47,181","3,000","47,181","1,000","15,727","1,000","15,727","0,000","0,000","0,000","0,000","0,000","0,000","0,000","0,000","0,000","0,000","0,000","0,000","0,000","0,000","2,000","31,454","3,000","47,181","3,000","47,181","3,000","47,181","3,000","47,181","1,000","15,727","0,000","0,000","0,000","0,000","0,000","0,000","0,000","0,000","0,000","0,000","0,000","0,000","1,000","15,727","1,000","15,727","7,000","110,089","2,000","31,454","4,000","62,908","6,000","94,362","6,000","94,362","1,000","15,727","1,000","15,727","1,000","15,727"
610,Del Castilho - Tanque,Transcarioca,Volta,16.306,"0,000","0,000","0,000","0,000","0,000","0,000","0,000","0,000","1,000","16,306","2,000","32,612","14,000","228,284","7,000","114,142","7,000","114,142","10,000","163,060","6,000","97,836","1,000","16,306","1,000","16,306","0,000","0,000","0,000","0,000","0,000","0,000","0,000","0,000","0,000","0,000","0,000","0,000","1,000","16,306","4,000","65,224","4,000","65,224","5,000","81,530","3,000","48,918","3,000","48,918","1,000","16,306","0,000","0,000","0,000","0,000","0,000","0,000","0,000","0,000","0,000","0,000","0,000","0,000","0,000","0,000","0,000","0,000","3,000","48,918","3,000","48,918","3,000","48,918","3,000","48,918","3,000","48,918","1,000","16,306","0,000","0,000","0,000","0,000","0,000","0,000","0,000","0,000","0,000","0,000","0,000","0,000","1,000","16,306","1,000","16,306","9,000","146,754","4,000","65,224","4,000","65,224","6,000","97,836","4,000","65,224","1,000","16,306","1,000","16,306","0,000","0,000"
611,Camorim - Del Castilho,Transcarioca,Ida,27.085,"0,000","0,000","0,000","0,000","0,000","0,000","0,000","0,000","1,000","27,085","4,000","108,340","11,000","297,935","5,000","135,425","6,000","162,510","8,000","216,680","4,000","108,340","1,000","27,085","1,000","27,085","0,000","0,000","0,000","0,000","0,000","0,000","0,000","0,000","0,000","0,000","1,000","27,085","1,000","27,085","4,000","108,340","3,000","81,255","3,000","81,255","3,000","81,255","3,000","81,255","1,000","27,085","1,000","27,085","0,000","0,000","0,000","0,000","0,000","0,000","0,000","0,000","0,000","0,000","0,000","0,000","1,000","27,085","3,000","81,255","3,000","81,255","3,000","81,255","3,000","81,255","3,000","81,255","1,000","27,085","0,000","0,000","0,000","0,000","0,000","0,000","0,000","0,000","0,000","0,000","0,000","0,000","1,000","27,085","2,000","54,170","7,000","189,595","3,000","81,255","4,000","108,340","5,000","135,425","2,000","54,170","1,000","27,085","1,000","27,085","0,000","0,000"
611,Camorim - Del Castilho,Transcarioca,Volta,28.467,"0,000","0,000","0,000","0,000","0,000","0,000","0,000","0,000","0,000","0,000","2,000","56,934","9,000","256,203","4,000","113,868","5,000","142,335","8,000","227,736","7,000","199,269","1,000","28,467","1,000","28,467","1,000","28,467","0,000","0,000","0,000","0,000","0,000","0,000","0,000","0,000","0,000","0,000","1,000","28,467","3,000","85,401","3,000","85,401","3,000","85,401","3,000","85,401","3,000","85,401","1,000","28,467","1,000","28,467","1,000","28,467","0,000","0,000","0,000","0,000","0,000","0,000","0,000","0,000","0,000","0,000","1,000","28,467","3,000","85,401","3,000","85,401","3,000","85,401","3,000","85,401","3,000","85,401","1,000","28,467","0,000","0,000","0,000","0,000","0,000","0,000","0,000","0,000","0,000","0,000","0,000","0,000","0,000","0,000","1,000","28,467","6,000","170,802","2,000","56,934","3,000","85,401","5,000","142,335","4,000","113,868","1,000","28,467","1,000","28,467","1,000","28,467"
613,Vargem Grande - Del Castilho,Transcarioca,Ida,36.936,"0,000","0,000","0,000","0,000","0,000","0,000","1,000","36,936","2,000","73,872","4,000","147,744","21,000","775,656","9,000","332,424","11,000","406,296","25,000","923,400","10,000","369,360","3,000","110,808","1,000","36,936","0,000","0,000","0,000","0,000","0,000","0,000","0,000","0,000","0,000","0,000","1,000","36,936","2,000","73,872","13,000","480,168","12,000","443,232","10,000","369,360","15,000","554,040","10,000","369,360","3,000","110,808","2,000","73,872","0,000","0,000","0,000","0,000","0,000","0,000","0,000","0,000","0,000","0,000","1,000","36,936","1,000","36,936","6,000","221,616","8,000","295,488","7,000","258,552","10,000","369,360","10,000","369,360","2,000","73,872","1,000","36,936","0,000","0,000","0,000","0,000","0,000","0,000","0,000","0,000","1,000","36,936","1,000","36,936","2,000","73,872","13,000","480,168","6,000","221,616","7,000","258,552","16,000","590,976","6,000","221,616","2,000","73,872","1,000","36,936","0,000","0,000"
613,Vargem Grande - Del Castilho,Transcarioca,Volta,33.771,"0,000","0,000","0,000","0,000","0,000","0,000","0,000","0,000","2,000","67,542","6,000","202,626","26,000","878,046","12,000","405,252","11,000","371,481","20,000","675,420","11,000","371,481","2,000","67,542","2,000","67,542","1,000","33,771","0,000","0,000","0,000","0,000","0,000","0,000","0,000","0,000","1,000","33,771","4,000","135,084","16,000","540,336","15,000","506,565","11,000","371,481","12,000","405,252","7,000","236,397","2,000","67,542","2,000","67,542","1,000","33,771","0,000","0,000","0,000","0,000","0,000","0,000","0,000","0,000","1,000","33,771","2,000","67,542","8,000","270,168","10,000","337,710","8,000","270,168","7,000","236,397","8,000","270,168","2,000","67,542","1,000","33,771","0,000","0,000","0,000","0,000","0,000","0,000","0,000","0,000","0,000","0,000","1,000","33,771","4,000","135,084","16,000","540,336","7,000","236,397","7,000","236,397","12,000","405,252","7,000","236,397","1,000","33,771","1,000","33,771","1,000","33,771"
614,Del Castilho - Terminal Alvorada,Transcarioca,Ida,22.757,"0,000","0,000","0,000","0,000","0,000","0,000","0,000","0,000","0,000","0,000","3,000","68,271","11,000","250,327","4,000","91,028","3,000","68,271","7,000","159,299","7,000","159,299","1,000","22,757","1,000","22,757","1,000","22,757","0,000","0,000","0,000","0,000","0,000","0,000","0,000","0,000","0,000","0,000","1,000","22,757","3,000","68,271","3,000","68,271","3,000","68,271","3,000","68,271","3,000","68,271","1,000","22,757","1,000","22,757","1,000","22,757","0,000","0,000","0,000","0,000","0,000","0,000","0,000","0,000","0,000","0,000","1,000","22,757","3,000","68,271","3,000","68,271","3,000","68,271","3,000","68,271","3,000","68,271","1,000","22,757","1,000","22,757","0,000","0,000","0,000","0,000","0,000","0,000","0,000","0,000","0,000","0,000","0,000","0,000","2,000","45,514","7,000","159,299","2,000","45,514","2,000","45,514","4,000","91,028","4,000","91,028","1,000","22,757","1,000","22,757","1,000","22,757"
614,Del Castilho - Terminal Alvorada,Transcarioca,Volta,21.824,"0,000","0,000","0,000","0,000","0,000","0,000","0,000","0,000","0,000","0,000","1,000","21,824","9,000","196,416","3,000","65,472","4,000","87,296","8,000","174,592","8,000","174,592","1,000","21,824","2,000","43,648","1,000","21,824","0,000","0,000","0,000","0,000","0,000","0,000","0,000","0,000","0,000","0,000","1,000","21,824","3,000","65,472","3,000","65,472","3,000","65,472","3,000","65,472","4,000","87,296","1,000","21,824","2,000","43,648","0,000","0,000","0,000","0,000","0,000","0,000","0,000","0,000","0,000","0,000","0,000","0,000","0,000","0,000","3,000","65,472","3,000","65,472","3,000","65,472","3,000","65,472","3,000","65,472","1,000","21,824","1,000","21,824","0,000","0,000","0,000","0,000","0,000","0,000","0,000","0,000","0,000","0,000","0,000","0,000","1,000","21,824","6,000","130,944","2,000","43,648","2,000","43,648","5,000","109,120","5,000","109,120","1,000","21,824","1,000","21,824","1,000","21,824"
616,Del Castilho - Fundão,Internorte,Ida,14.702,"0,000","0,000","0,000","0,000","0,000","0,000","0,000","0,000","0,000","0,000","1,000","14,702","9,000","132,318","8,000","117,616","10,000","147,020","9,000","132,318","5,000","73,510","2,000","29,404","1,000","14,702","0,000","0,000","0,000","0,000","0,000","0,000","0,000","0,000","0,000","0,000","0,000","0,000","0,000","0,000","2,000","29,404","3,000","44,106","3,000","44,106","3,000","44,106","3,000","44,106","1,000","14,702","1,000","14,702","0,000","0,000","0,000","0,000","0,000","0,000","0,000","0,000","0,000","0,000","0,000","0,000","0,000","0,000","0,000","0,000","0,000","0,000","1,000","14,702","3,000","44,106","3,000","44,106","1,000","14,702","0,000","0,000","0,000","0,000","0,000","0,000","0,000","0,000","0,000","0,000","0,000","0,000","0,000","0,000","1,000","14,702","6,000","88,212","5,000","73,510","6,000","88,212","6,000","88,212","3,000","44,106","1,000","14,702","1,000","14,702","0,000","0,000"
616,Del Castilho - Fundão,Internorte,Volta,9.518,"0,000","0,000","0,000","0,000","0,000","0,000","0,000","0,000","0,000","0,000","2,000","19,036","10,000","95,180","8,000","76,144","9,000","85,662","10,000","95,180","5,000","47,590","1,000","9,518","0,000","0,000","0,000","0,000","0,000","0,000","0,000","0,000","0,000","0,000","0,000","0,000","0,000","0,000","0,000","0,000","3,000","28,554","3,000","28,554","3,000","28,554","3,000","28,554","3,000","28,554","1,000","9,518","0,000","0,000","0,000","0,000","0,000","0,000","0,000","0,000","0,000","0,000","0,000","0,000","0,000","0,000","0,000","0,000","0,000","0,000","0,000","0,000","1,000","9,518","3,000","28,554","3,000","28,554","0,000","0,000","0,000","0,000","0,000","0,000","0,000","0,000","0,000","0,000","0,000","0,000","0,000","0,000","0,000","0,000","1,000","9,518","6,000","57,108","5,000","47,590","6,000","57,108","6,000","57,108","3,000","28,554","1,000","9,518","0,000","0,000","0,000","0,000"
621,Penha - Saens Peña,Internorte,Circular,39.494,"0,000","0,000","0,000","0,000","0,000","0,000","0,000","0,000","3,000","118,482","8,000","315,952","18,000","710,892","13,000","513,422","12,000","473,928","15,000","592,410","8,000","315,952","2,000","78,988","2,000","78,988","0,000","0,000","0,000","0,000","0,000","0,000","0,000","0,000","0,000","0,000","2,000","78,988","4,000","157,976","9,000","355,446","9,000","355,446","9,000","355,446","9,000","355,446","8,000","315,952","2,000","78,988","2,000","78,988","0,000","0,000","0,000","0,000","0,000","0,000","0,000","0,000","0,000","0,000","2,000","78,988","3,000","118,482","6,000","236,964","5,000","197,470","6,000","236,964","5,000","197,470","4,000","157,976","1,000","39,494","1,000","39,494","0,000","0,000","0,000","0,000","0,000","0,000","0,000","0,000","0,000","0,000","2,000","78,988","5,000","197,470","11,000","434,434","8,000","315,952","7,000","276,458","9,000","355,446","5,000","197,470","1,000","39,494","1,000","39,494","0,000","0,000"
622,Penha - Saens Peña,Internorte,Circular,39.126,"0,000","0,000","0,000","0,000","0,000","0,000","0,000","0,000","2,000","78,252","5,000","195,630","10,000","391,260","9,000","352,134","10,000","391,260","14,000","547,764","8,000","313,008","3,000","117,378","2,000","78,252","0,000","0,000","0,000","0,000","0,000","0,000","0,000","0,000","0,000","0,000","2,000","78,252","2,000","78,252","7,000","273,882","9,000","352,134","8,000","313,008","7,000","273,882","6,000","234,756","2,000","78,252","2,000","78,252","0,000","0,000","0,000","0,000","0,000","0,000","0,000","0,000","0,000","0,000","0,000","0,000","2,000","78,252","5,000","195,630","5,000","195,630","4,000","156,504","5,000","195,630","4,000","156,504","1,000","39,126","1,000","39,126","0,000","0,000","0,000","0,000","0,000","0,000","0,000","0,000","0,000","0,000","1,000","39,126","3,000","117,378","6,000","234,756","6,000","234,756","6,000","234,756","9,000","352,134","5,000","195,630","2,000","78,252","1,000","39,126","0,000","0,000"
623,Penha - Saens Peña,Internorte,Ida,22.512,"0,000","0,000","0,000","0,000","0,000","0,000","0,000","0,000","3,000","67,536","5,000","112,560","15,000","337,680","11,000","247,632","9,000","202,608","10,000","225,120","9,000","202,608","2,000","45,024","2,000","45,024","0,000","0,000","0,000","0,000","0,000","0,000","0,000","0,000","0,000","0,000","2,000","45,024","3,000","67,536","10,000","225,120","9,000","202,608","9,000","202,608","6,000","135,072","5,000","112,560","2,000","45,024","2,000","45,024","0,000","0,000","0,000","0,000","0,000","0,000","0,000","0,000","0,000","0,000","2,000","45,024","2,000","45,024","5,000","112,560","6,000","135,072","5,000","112,560","4,000","90,048","4,000","90,048","1,000","22,512","1,000","22,512","0,000","0,000","0,000","0,000","0,000","0,000","0,000","0,000","0,000","0,000","2,000","45,024","3,000","67,536","9,000","202,608","7,000","157,584","6,000","135,072","6,000","135,072","6,000","135,072","1,000","22,512","1,000","22,512","0,000","0,000"
623,Penha - Saens Peña,Internorte,Volta,23.432,"0,000","0,000","0,000","0,000","0,000","0,000","0,000","0,000","0,000","0,000","3,000","70,296","12,000","281,184","15,000","351,480","9,000","210,888","10,000","234,320","9,000","210,888","4,000","93,728","2,000","46,864","2,000","46,864","1,000","23,432","0,000","0,000","0,000","0,000","0,000","0,000","0,000","0,000","2,000","46,864","10,000","234,320","8,000","187,456","10,000","234,320","7,000","164,024","5,000","117,160","2,000","46,864","2,000","46,864","1,000","23,432","0,000","0,000","0,000","0,000","0,000","0,000","0,000","0,000","0,000","0,000","2,000","46,864","5,000","117,160","6,000","140,592","5,000","117,160","4,000","93,728","5,000","117,160","1,000","23,432","1,000","23,432","1,000","23,432","0,000","0,000","0,000","0,000","0,000","0,000","0,000","0,000","0,000","0,000","2,000","46,864","7,000","164,024","9,000","210,888","6,000","140,592","6,000","140,592","6,000","140,592","2,000","46,864","1,000","23,432","1,000","23,432"
624,Mariópolis - Praça da Bandeira,Internorte,Ida,35.550,"0,000","0,000","0,000","0,000","0,000","0,000","0,000","0,000","6,000","213,300","12,000","426,600","19,000","675,450","13,000","462,150","12,000","426,600","16,000","568,800","10,000","355,500","1,000","35,550","0,000","0,000","0,000","0,000","0,000","0,000","0,000","0,000","0,000","0,000","0,000","0,000","3,000","106,650","5,000","177,750","14,000","497,700","12,000","426,600","10,000","355,500","8,000","284,400","7,000","248,850","1,000","35,550","0,000","0,000","0,000","0,000","0,000","0,000","0,000","0,000","0,000","0,000","0,000","0,000","2,000","71,100","3,000","106,650","8,000","284,400","9,000","319,950","6,000","213,300","8,000","284,400","5,000","177,750","1,000","35,550","0,000","0,000","0,000","0,000","0,000","0,000","0,000","0,000","0,000","0,000","0,000","0,000","4,000","142,200","7,000","248,850","12,000","426,600","8,000","284,400","7,000","248,850","10,000","355,500","6,000","213,300","1,000","35,550","0,000","0,000","0,000","0,000"
624,Mariópolis - Praça da Bandeira,Internorte,Volta,38.440,"0,000","0,000","0,000","0,000","0,000","0,000","0,000","0,000","0,000","0,000","4,000","153,760","16,000","615,040","13,000","499,720","12,000","461,280","20,000","768,800","12,000","461,280","2,000","76,880","2,000","76,880","0,000","0,000","0,000","0,000","0,000","0,000","0,000","0,000","0,000","0,000","0,000","0,000","2,000","76,880","12,000","461,280","11,000","422,840","11,000","422,840","11,000","422,840","9,000","345,960","2,000","76,880","1,000","38,440","0,000","0,000","0,000","0,000","0,000","0,000","0,000","0,000","0,000","0,000","0,000","0,000","1,000","38,440","6,000","230,640","9,000","345,960","6,000","230,640","7,000","269,080","6,000","230,640","2,000","76,880","1,000","38,440","0,000","0,000","0,000","0,000","0,000","0,000","0,000","0,000","0,000","0,000","0,000","0,000","2,000","76,880","10,000","384,400","8,000","307,520","7,000","269,080","12,000","461,280","7,000","269,080","1,000","38,440","1,000","38,440","0,000","0,000"
625,Olaria - Saens Peña,Internorte,Ida,19.421,"0,000","0,000","0,000","0,000","0,000","0,000","0,000","0,000","1,000","19,421","3,000","58,263","15,000","291,315","8,000","155,368","8,000","155,368","9,000","174,789","8,000","155,368","1,000","19,421","1,000","19,421","0,000","0,000","0,000","0,000","0,000","0,000","0,000","0,000","0,000","0,000","1,000","19,421","1,000","19,421","7,000","135,947","6,000","116,526","6,000","116,526","3,000","58,263","3,000","58,263","1,000","19,421","1,000","19,421","0,000","0,000","0,000","0,000","0,000","0,000","0,000","0,000","0,000","0,000","1,000","19,421","1,000","19,421","3,000","58,263","3,000","58,263","3,000","58,263","3,000","58,263","3,000","58,263","1,000","19,421","0,000","0,000","0,000","0,000","0,000","0,000","0,000","0,000","0,000","0,000","0,000","0,000","1,000","19,421","2,000","38,842","9,000","174,789","5,000","97,105","5,000","97,105","6,000","116,526","5,000","97,105","1,000","19,421","1,000","19,421","0,000","0,000"
625,Olaria - Saens Peña,Internorte,Volta,20.187,"0,000","0,000","0,000","0,000","0,000","0,000","0,000","0,000","0,000","0,000","1,000","20,187","12,000","242,244","7,000","141,309","8,000","161,496","12,000","242,244","9,000","181,683","1,000","20,187","1,000","20,187","1,000","20,187","0,000","0,000","0,000","0,000","0,000","0,000","0,000","0,000","0,000","0,000","1,000","20,187","4,000","80,748","6,000","121,122","6,000","121,122","5,000","100,935","4,000","80,748","1,000","20,187","1,000","20,187","1,000","20,187","0,000","0,000","0,000","0,000","0,000","0,000","0,000","0,000","0,000","0,000","1,000","20,187","3,000","60,561","3,000","60,561","3,000","60,561","3,000","60,561","3,000","60,561","1,000","20,187","1,000","20,187","0,000","0,000","0,000","0,000","0,000","0,000","0,000","0,000","0,000","0,000","0,000","0,000","1,000","20,187","7,000","141,309","4,000","80,748","5,000","100,935","7,000","141,309","6,000","121,122","1,000","20,187","1,000","20,187","1,000","20,187"
626,Saens Peña - Muda,Intersul,Ida,3.895,"0,000","0,000","0,000","0,000","0,000","0,000","0,000","0,000","0,000","0,000","0,000","0,000","3,000","11,685","3,000","11,685","3,000","11,685","3,000","11,685","0,000","0,000","0,000","0,000","0,000","0,000","0,000","0,000","0,000","0,000","0,000","0,000","0,000","0,000","0,000","0,000","0,000","0,000","0,000","0,000","2,000","7,790","3,000","11,685","3,000","11,685","0,000","0,000","0,000","0,000","0,000","0,000","0,000","0,000","0,000","0,000","0,000","0,000","0,000","0,000","0,000","0,000","0,000","0,000","0,000","0,000","0,000","0,000","0,000","0,000","0,000","0,000","0,000","0,000","0,000","0,000","0,000","0,000","0,000","0,000","0,000","0,000","0,000","0,000","0,000","0,000","0,000","0,000","0,000","0,000","0,000","0,000","0,000","0,000","0,000","0,000","2,000","7,790","2,000","7,790","2,000","7,790","2,000","7,790","0,000","0,000","0,000","0,000","0,000","0,000","0,000","0,000"
626,Saens Peña - Muda,Intersul,Volta,2.709,"0,000","0,000","0,000","0,000","0,000","0,000","0,000","0,000","0,000","0,000","0,000","0,000","3,000","8,127","3,000","8,127","3,000","8,127","3,000","8,127","0,000","0,000","0,000","0,000","0,000","0,000","0,000","0,000","0,000","0,000","0,000","0,000","0,000","0,000","0,000","0,000","0,000","0,000","0,000","0,000","3,000","8,127","3,000","8,127","2,000","5,418","0,000","0,000","0,000","0,000","0,000","0,000","0,000","0,000","0,000","0,000","0,000","0,000","0,000","0,000","0,000","0,000","0,000","0,000","0,000","0,000","0,000","0,000","0,000","0,000","0,000","0,000","0,000","0,000","0,000","0,000","0,000","0,000","0,000","0,000","0,000","0,000","0,000","0,000","0,000","0,000","0,000","0,000","0,000","0,000","0,000","0,000","0,000","0,000","0,000","0,000","2,000","5,418","2,000","5,418","2,000","5,418","2,000","5,418","0,000","0,000","0,000","0,000","0,000","0,000","0,000","0,000"
627,Inhaúma - Saens Peña,Internorte,Ida,16.581,"0,000","0,000","0,000","0,000","0,000","0,000","0,000","0,000","1,000","16,581","3,000","49,743","16,000","265,296","9,000","149,229","9,000","149,229","12,000","198,972","8,000","132,648","1,000","16,581","1,000","16,581","1,000","16,581","1,000","16,581","0,000","0,000","0,000","0,000","0,000","0,000","1,000","16,581","1,000","16,581","7,000","116,067","8,000","132,648","6,000","99,486","5,000","82,905","3,000","49,743","1,000","16,581","0,000","0,000","0,000","0,000","0,000","0,000","0,000","0,000","0,000","0,000","0,000","0,000","0,000","0,000","0,000","0,000","5,000","82,905","6,000","99,486","5,000","82,905","3,000","49,743","3,000","49,743","1,000","16,581","1,000","16,581","0,000","0,000","0,000","0,000","0,000","0,000","0,000","0,000","0,000","0,000","1,000","16,581","2,000","33,162","10,000","165,810","6,000","99,486","6,000","99,486","7,000","116,067","5,000","82,905","1,000","16,581","1,000","16,581","1,000","16,581"
627,Inhaúma - Saens Peña,Internorte,Volta,16.101,"1,000","16,101","0,000","0,000","0,000","0,000","0,000","0,000","1,000","16,101","1,000","16,101","13,000","209,313","7,000","112,707","9,000","144,909","14,000","225,414","10,000","161,010","2,000","32,202","2,000","32,202","1,000","16,101","1,000","16,101","0,000","0,000","0,000","0,000","0,000","0,000","1,000","16,101","1,000","16,101","4,000","64,404","5,000","80,505","7,000","112,707","6,000","96,606","4,000","64,404","1,000","16,101","1,000","16,101","0,000","0,000","0,000","0,000","0,000","0,000","0,000","0,000","0,000","0,000","0,000","0,000","0,000","0,000","3,000","48,303","4,000","64,404","6,000","96,606","3,000","48,303","3,000","48,303","1,000","16,101","1,000","16,101","1,000","16,101","1,000","16,101","0,000","0,000","0,000","0,000","0,000","0,000","1,000","16,101","1,000","16,101","8,000","128,808","4,000","64,404","6,000","96,606","9,000","144,909","6,000","96,606","1,000","16,101","1,000","16,101","1,000","16,101"
628,Penha - Nova América,Internorte,Ida,7.325,"0,000","0,000","0,000","0,000","0,000","0,000","0,000","0,000","0,000","0,000","4,000","29,300","15,000","109,875","12,000","87,900","14,000","102,550","18,000","131,850","18,000","131,850","6,000","43,950","6,000","43,950","3,000","21,975","0,000","0,000","0,000","0,000","0,000","0,000","0,000","0,000","0,000","0,000","2,000","14,650","11,000","80,575","9,000","65,925","12,000","87,900","12,000","87,900","12,000","87,900","3,000","21,975","2,000","14,650","0,000","0,000","0,000","0,000","0,000","0,000","0,000","0,000","0,000","0,000","0,000","0,000","2,000","14,650","6,000","43,950","5,000","36,625","7,000","51,275","9,000","65,925","8,000","58,600","2,000","14,650","2,000","14,650","1,000","7,325","0,000","0,000","0,000","0,000","0,000","0,000","0,000","0,000","0,000","0,000","2,000","14,650","9,000","65,925","7,000","51,275","9,000","65,925","11,000","80,575","11,000","80,575","4,000","29,300","4,000","29,300","2,000","14,650"
628,Penha - Nova América,Internorte,Volta,9.487,"1,000","9,487","0,000","0,000","0,000","0,000","0,000","0,000","0,000","0,000","3,000","28,461","13,000","123,331","12,000","113,844","15,000","142,305","17,000","161,279","18,000","170,766","6,000","56,922","6,000","56,922","5,000","47,435","0,000","0,000","0,000","0,000","0,000","0,000","0,000","0,000","0,000","0,000","2,000","18,974","9,000","85,383","9,000","85,383","12,000","113,844","12,000","113,844","12,000","113,844","4,000","37,948","2,000","18,974","1,000","9,487","0,000","0,000","0,000","0,000","0,000","0,000","0,000","0,000","0,000","0,000","2,000","18,974","5,000","47,435","5,000","47,435","7,000","66,409","9,000","85,383","7,000","66,409","3,000","28,461","2,000","18,974","2,000","18,974","1,000","9,487","0,000","0,000","0,000","0,000","0,000","0,000","0,000","0,000","2,000","18,974","8,000","75,896","7,000","66,409","9,000","85,383","11,000","104,357","11,000","104,357","4,000","37,948","4,000","37,948","3,000","28,461"
629,Irajá - Saens Peña,Internorte,Ida,30.093,"0,000","0,000","0,000","0,000","0,000","0,000","0,000","0,000","7,000","210,651","15,000","451,395","40,000","1.203,720","24,000","722,232","25,000","752,325","30,000","902,790","18,000","541,674","3,000","90,279","0,000","0,000","0,000","0,000","0,000","0,000","0,000","0,000","0,000","0,000","0,000","0,000","3,000","90,279","6,000","180,558","20,000","601,860","22,000","662,046","18,000","541,674","18,000","541,674","13,000","391,209","3,000","90,279","0,000","0,000","0,000","0,000","0,000","0,000","0,000","0,000","0,000","0,000","0,000","0,000","3,000","90,279","4,000","120,372","15,000","451,395","15,000","451,395","13,000","391,209","13,000","391,209","9,000","270,837","3,000","90,279","0,000","0,000","0,000","0,000","0,000","0,000","0,000","0,000","0,000","0,000","0,000","0,000","4,000","120,372","9,000","270,837","25,000","752,325","15,000","451,395","16,000","481,488","19,000","571,767","11,000","331,023","2,000","60,186","0,000","0,000","0,000","0,000"
629,Irajá - Saens Peña,Internorte,Volta,21.327,"0,000","0,000","0,000","0,000","0,000","0,000","0,000","0,000","0,000","0,000","5,000","106,635","32,000","682,464","21,000","447,867","23,000","490,521","37,000","789,099","22,000","469,194","5,000","106,635","4,000","85,308","0,000","0,000","0,000","0,000","0,000","0,000","0,000","0,000","0,000","0,000","0,000","0,000","3,000","63,981","16,000","341,232","18,000","383,886","19,000","405,213","18,000","383,886","16,000","341,232","4,000","85,308","4,000","85,308","0,000","0,000","0,000","0,000","0,000","0,000","0,000","0,000","0,000","0,000","0,000","0,000","2,000","42,654","12,000","255,924","13,000","277,251","12,000","255,924","12,000","255,924","11,000","234,597","3,000","63,981","3,000","63,981","0,000","0,000","0,000","0,000","0,000","0,000","0,000","0,000","0,000","0,000","0,000","0,000","3,000","63,981","20,000","426,540","13,000","277,251","14,000","298,578","23,000","490,521","14,000","298,578","3,000","63,981","2,000","42,654","0,000","0,000"
630,Penha (IAPI) - Saens Peña,Internorte,Ida,21.265,"1,000","21,265","0,000","0,000","0,000","0,000","0,000","0,000","1,000","21,265","4,000","85,060","14,000","297,710","10,000","212,650","8,000","170,120","8,000","170,120","5,000","106,325","1,000","21,265","1,000","21,265","1,000","21,265","1,000","21,265","0,000","0,000","0,000","0,000","0,000","0,000","1,000","21,265","2,000","42,530","7,000","148,855","6,000","127,590","5,000","106,325","4,000","85,060","3,000","63,795","1,000","21,265","1,000","21,265","1,000","21,265","1,000","21,265","1,000","21,265","0,000","0,000","0,000","0,000","1,000","21,265","1,000","21,265","3,000","63,795","4,000","85,060","3,000","63,795","3,000","63,795","3,000","63,795","1,000","21,265","1,000","21,265","1,000","21,265","1,000","21,265","0,000","0,000","0,000","0,000","0,000","0,000","1,000","21,265","2,000","42,530","9,000","191,385","6,000","127,590","5,000","106,325","5,000","106,325","3,000","63,795","1,000","21,265","1,000","21,265","1,000","21,265"
630,Penha (IAPI) - Saens Peña,Internorte,Volta,18.908,"1,000","18,908","0,000","0,000","0,000","0,000","0,000","0,000","1,000","18,908","2,000","37,816","12,000","226,896","7,000","132,356","7,000","132,356","11,000","207,988","8,000","151,264","1,000","18,908","1,000","18,908","1,000","18,908","1,000","18,908","0,000","0,000","0,000","0,000","0,000","0,000","1,000","18,908","1,000","18,908","5,000","94,540","6,000","113,448","5,000","94,540","6,000","113,448","5,000","94,540","1,000","18,908","1,000","18,908","1,000","18,908","1,000","18,908","1,000","18,908","0,000","0,000","0,000","0,000","1,000","18,908","1,000","18,908","3,000","56,724","3,000","56,724","3,000","56,724","3,000","56,724","3,000","56,724","1,000","18,908","1,000","18,908","1,000","18,908","1,000","18,908","0,000","0,000","0,000","0,000","0,000","0,000","1,000","18,908","1,000","18,908","7,000","132,356","4,000","75,632","4,000","75,632","7,000","132,356","5,000","94,540","1,000","18,908","1,000","18,908","1,000","18,908"
635,Bananal - Saens Peña,Internorte,Ida,33.133,"0,000","0,000","0,000","0,000","0,000","0,000","0,000","0,000","0,000","0,000","0,000","0,000","3,000","99,399","3,000","99,399","0,000","0,000","1,000","33,133","0,000","0,000","0,000","0,000","0,000","0,000","0,000","0,000","0,000","0,000","0,000","0,000","0,000","0,000","0,000","0,000","0,000","0,000","0,000","0,000","0,000","0,000","0,000","0,000","0,000","0,000","0,000","0,000","0,000","0,000","0,000","0,000","0,000","0,000","0,000","0,000","0,000","0,000","0,000","0,000","0,000","0,000","0,000","0,000","0,000","0,000","0,000","0,000","0,000","0,000","0,000","0,000","0,000","0,000","0,000","0,000","0,000","0,000","0,000","0,000","0,000","0,000","0,000","0,000","0,000","0,000","0,000","0,000","0,000","0,000","0,000","0,000","0,000","0,000","0,000","0,000","2,000","66,266","2,000","66,266","0,000","0,000","1,000","33,133","0,000","0,000","0,000","0,000","0,000","0,000","0,000","0,000"
635,Bananal - Saens Peña,Internorte,Volta,34.718,"0,000","0,000","0,000","0,000","0,000","0,000","0,000","0,000","0,000","0,000","0,000","0,000","2,000","69,436","3,000","104,154","0,000","0,000","2,000","69,436","0,000","0,000","0,000","0,000","0,000","0,000","0,000","0,000","0,000","0,000","0,000","0,000","0,000","0,000","0,000","0,000","0,000","0,000","0,000","0,000","0,000","0,000","0,000","0,000","0,000","0,000","0,000","0,000","0,000","0,000","0,000","0,000","0,000","0,000","0,000","0,000","0,000","0,000","0,000","0,000","0,000","0,000","0,000","0,000","0,000","0,000","0,000","0,000","0,000","0,000","0,000","0,000","0,000","0,000","0,000","0,000","0,000","0,000","0,000","0,000","0,000","0,000","0,000","0,000","0,000","0,000","0,000","0,000","0,000","0,000","0,000","0,000","0,000","0,000","0,000","0,000","1,000","34,718","2,000","69,436","0,000","0,000","1,000","34,718","0,000","0,000","0,000","0,000","0,000","0,000","0,000","0,000"
636,Merck - Saens Peña,Transcarioca,Ida,24.949,"0,000","0,000","0,000","0,000","0,000","0,000","0,000","0,000","3,000","74,847","7,000","174,643","22,000","548,878","14,000","349,286","13,000","324,337","16,000","399,184","9,000","224,541","1,000","24,949","0,000","0,000","0,000","0,000","0,000","0,000","0,000","0,000","0,000","0,000","0,000","0,000","2,000","49,898","3,000","74,847","14,000","349,286","12,000","299,388","12,000","299,388","9,000","224,541","6,000","149,694","1,000","24,949","0,000","0,000","0,000","0,000","0,000","0,000","0,000","0,000","0,000","0,000","0,000","0,000","1,000","24,949","2,000","49,898","9,000","224,541","8,000","199,592","7,000","174,643","6,000","149,694","5,000","124,745","1,000","24,949","0,000","0,000","0,000","0,000","0,000","0,000","0,000","0,000","0,000","0,000","0,000","0,000","2,000","49,898","4,000","99,796","14,000","349,286","9,000","224,541","8,000","199,592","10,000","249,490","6,000","149,694","1,000","24,949","0,000","0,000","0,000","0,000"
636,Merck - Saens Peña,Transcarioca,Volta,23.578,"0,000","0,000","0,000","0,000","0,000","0,000","0,000","0,000","0,000","0,000","4,000","94,312","18,000","424,404","12,000","282,936","13,000","306,514","19,000","447,982","11,000","259,358","2,000","47,156","2,000","47,156","0,000","0,000","0,000","0,000","0,000","0,000","0,000","0,000","0,000","0,000","0,000","0,000","3,000","70,734","12,000","282,936","11,000","259,358","13,000","306,514","12,000","282,936","9,000","212,202","2,000","47,156","2,000","47,156","0,000","0,000","0,000","0,000","0,000","0,000","0,000","0,000","0,000","0,000","0,000","0,000","2,000","47,156","8,000","188,624","7,000","165,046","6,000","141,468","7,000","165,046","8,000","188,624","2,000","47,156","2,000","47,156","0,000","0,000","0,000","0,000","0,000","0,000","0,000","0,000","0,000","0,000","0,000","0,000","2,000","47,156","11,000","259,358","7,000","165,046","8,000","188,624","12,000","282,936","7,000","165,046","1,000","23,578","1,000","23,578","0,000","0,000"
638,Marechal Hermes - Saens Peña,Internorte,Ida,23.786,"0,000","0,000","0,000","0,000","0,000","0,000","0,000","0,000","1,000","23,786","6,000","142,716","25,000","594,650","12,000","285,432","13,000","309,218","16,000","380,576","7,000","166,502","1,000","23,786","1,000","23,786","1,000","23,786","0,000","0,000","0,000","0,000","0,000","0,000","0,000","0,000","1,000","23,786","2,000","47,572","11,000","261,646","12,000","285,432","10,000","237,860","6,000","142,716","6,000","142,716","1,000","23,786","1,000","23,786","1,000","23,786","0,000","0,000","0,000","0,000","0,000","0,000","0,000","0,000","1,000","23,786","1,000","23,786","6,000","142,716","6,000","142,716","6,000","142,716","6,000","142,716","6,000","142,716","1,000","23,786","1,000","23,786","1,000","23,786","0,000","0,000","0,000","0,000","0,000","0,000","0,000","0,000","1,000","23,786","4,000","95,144","16,000","380,576","7,000","166,502","8,000","190,288","10,000","237,860","4,000","95,144","1,000","23,786","1,000","23,786","1,000","23,786"
638,Marechal Hermes - Saens Peña,Internorte,Volta,27.891,"1,000","27,891","0,000","0,000","0,000","0,000","0,000","0,000","0,000","0,000","2,000","55,782","19,000","529,929","13,000","362,583","12,000","334,692","19,000","529,929","9,000","251,019","2,000","55,782","1,000","27,891","1,000","27,891","1,000","27,891","0,000","0,000","0,000","0,000","0,000","0,000","0,000","0,000","1,000","27,891","9,000","251,019","11,000","306,801","8,000","223,128","8,000","223,128","6,000","167,346","1,000","27,891","1,000","27,891","1,000","27,891","1,000","27,891","0,000","0,000","0,000","0,000","0,000","0,000","0,000","0,000","1,000","27,891","6,000","167,346","6,000","167,346","6,000","167,346","6,000","167,346","6,000","167,346","1,000","27,891","1,000","27,891","1,000","27,891","1,000","27,891","0,000","0,000","0,000","0,000","0,000","0,000","0,000","0,000","1,000","27,891","12,000","334,692","8,000","223,128","7,000","195,237","12,000","334,692","6,000","167,346","1,000","27,891","1,000","27,891","1,000","27,891"
639,Jardim América - Saens Peña,Internorte,Ida,32.927,"0,000","0,000","0,000","0,000","0,000","0,000","0,000","0,000","5,000","164,635","10,000","329,270","27,000","889,029","16,000","526,832","16,000","526,832","18,000","592,686","12,000","395,124","2,000","65,854","1,000","32,927","0,000","0,000","0,000","0,000","0,000","0,000","0,000","0,000","0,000","0,000","3,000","98,781","5,000","164,635","18,000","592,686","16,000","526,832","14,000","460,978","12,000","395,124","8,000","263,416","2,000","65,854","2,000","65,854","0,000","0,000","0,000","0,000","0,000","0,000","0,000","0,000","0,000","0,000","2,000","65,854","3,000","98,781","9,000","296,343","10,000","329,270","9,000","296,343","8,000","263,416","6,000","197,562","2,000","65,854","1,000","32,927","0,000","0,000","0,000","0,000","0,000","0,000","0,000","0,000","0,000","0,000","3,000","98,781","6,000","197,562","17,000","559,759","10,000","329,270","10,000","329,270","11,000","362,197","7,000","230,489","1,000","32,927","1,000","32,927","0,000","0,000"
639,Jardim América - Saens Peña,Internorte,Volta,34.012,"0,000","0,000","0,000","0,000","0,000","0,000","0,000","0,000","2,000","68,024","4,000","136,048","22,000","748,264","15,000","510,180","16,000","544,192","21,000","714,252","14,000","476,168","3,000","102,036","2,000","68,024","0,000","0,000","0,000","0,000","0,000","0,000","0,000","0,000","0,000","0,000","1,000","34,012","3,000","102,036","14,000","476,168","13,000","442,156","12,000","408,144","12,000","408,144","10,000","340,120","2,000","68,024","2,000","68,024","0,000","0,000","0,000","0,000","0,000","0,000","0,000","0,000","0,000","0,000","1,000","34,012","1,000","34,012","8,000","272,096","8,000","272,096","8,000","272,096","9,000","306,108","8,000","272,096","2,000","68,024","2,000","68,024","0,000","0,000","0,000","0,000","0,000","0,000","0,000","0,000","0,000","0,000","1,000","34,012","2,000","68,024","14,000","476,168","9,000","306,108","10,000","340,120","13,000","442,156","9,000","306,108","2,000","68,024","1,000","34,012","0,000","0,000"
645,Terminal Alvorada - Saens Peña,Transcarioca,Ida,25.158,"0,000","0,000","0,000","0,000","0,000","0,000","0,000","0,000","0,000","0,000","2,000","50,316","10,000","251,580","4,000","100,632","4,000","100,632","9,000","226,422","5,000","125,790","0,000","0,000","0,000","0,000","0,000","0,000","0,000","0,000","0,000","0,000","0,000","0,000","0,000","0,000","0,000","0,000","0,000","0,000","0,000","0,000","0,000","0,000","0,000","0,000","0,000","0,000","0,000","0,000","0,000","0,000","0,000","0,000","0,000","0,000","0,000","0,000","0,000","0,000","0,000","0,000","0,000","0,000","0,000","0,000","0,000","0,000","0,000","0,000","0,000","0,000","0,000","0,000","0,000","0,000","0,000","0,000","0,000","0,000","0,000","0,000","0,000","0,000","0,000","0,000","0,000","0,000","0,000","0,000","0,000","0,000","0,000","0,000","1,000","25,158","6,000","150,948","2,000","50,316","2,000","50,316","6,000","150,948","3,000","75,474","0,000","0,000","0,000","0,000","0,000","0,000"
645,Terminal Alvorada - Saens Peña,Transcarioca,Volta,24.552,"0,000","0,000","0,000","0,000","0,000","0,000","0,000","0,000","0,000","0,000","2,000","49,104","9,000","220,968","4,000","98,208","5,000","122,760","8,000","196,416","4,000","98,208","0,000","0,000","0,000","0,000","0,000","0,000","0,000","0,000","0,000","0,000","0,000","0,000","0,000","0,000","0,000","0,000","0,000","0,000","0,000","0,000","0,000","0,000","0,000","0,000","0,000","0,000","0,000","0,000","0,000","0,000","0,000","0,000","0,000","0,000","0,000","0,000","0,000","0,000","0,000","0,000","0,000","0,000","0,000","0,000","0,000","0,000","0,000","0,000","0,000","0,000","0,000","0,000","0,000","0,000","0,000","0,000","0,000","0,000","0,000","0,000","0,000","0,000","0,000","0,000","0,000","0,000","0,000","0,000","0,000","0,000","0,000","0,000","1,000","24,552","6,000","147,312","2,000","49,104","3,000","73,656","5,000","122,760","2,000","49,104","0,000","0,000","0,000","0,000","0,000","0,000"
650,Marechal Hermes - Engenho Novo,Internorte,Ida,22.134,"0,000","0,000","0,000","0,000","0,000","0,000","0,000","0,000","2,000","44,268","4,000","88,536","18,000","398,412","12,000","265,608","12,000","265,608","13,000","287,742","6,000","132,804","1,000","22,134","0,000","0,000","0,000","0,000","0,000","0,000","0,000","0,000","0,000","0,000","0,000","0,000","1,000","22,134","3,000","66,402","10,000","221,340","11,000","243,474","12,000","265,608","10,000","221,340","5,000","110,670","1,000","22,134","1,000","22,134","0,000","0,000","0,000","0,000","0,000","0,000","0,000","0,000","0,000","0,000","1,000","22,134","1,000","22,134","3,000","66,402","5,000","110,670","4,000","88,536","4,000","88,536","4,000","88,536","1,000","22,134","0,000","0,000","0,000","0,000","0,000","0,000","0,000","0,000","0,000","0,000","0,000","0,000","1,000","22,134","2,000","44,268","11,000","243,474","7,000","154,938","7,000","154,938","8,000","177,072","4,000","88,536","1,000","22,134","0,000","0,000","0,000","0,000"
650,Marechal Hermes - Engenho Novo,Internorte,Volta,19.949,"0,000","0,000","0,000","0,000","0,000","0,000","0,000","0,000","0,000","0,000","1,000","19,949","15,000","299,235","10,000","199,490","9,000","179,541","14,000","279,286","7,000","139,643","2,000","39,898","1,000","19,949","0,000","0,000","0,000","0,000","0,000","0,000","0,000","0,000","0,000","0,000","0,000","0,000","1,000","19,949","7,000","139,643","11,000","219,439","9,000","179,541","8,000","159,592","6,000","119,694","1,000","19,949","1,000","19,949","0,000","0,000","0,000","0,000","0,000","0,000","0,000","0,000","0,000","0,000","0,000","0,000","1,000","19,949","3,000","59,847","3,000","59,847","4,000","79,796","3,000","59,847","3,000","59,847","1,000","19,949","1,000","19,949","0,000","0,000","0,000","0,000","0,000","0,000","0,000","0,000","0,000","0,000","0,000","0,000","1,000","19,949","9,000","179,541","6,000","119,694","6,000","119,694","9,000","179,541","4,000","79,796","1,000","19,949","1,000","19,949","0,000","0,000"
651,Cascadura - Méier,Transcarioca,Circular,23.034,"0,000","0,000","0,000","0,000","0,000","0,000","0,000","0,000","1,000","23,034","1,000","23,034","4,000","92,136","4,000","92,136","4,000","92,136","5,000","115,170","3,000","69,102","1,000","23,034","1,000","23,034","0,000","0,000","0,000","0,000","0,000","0,000","0,000","0,000","0,000","0,000","0,000","0,000","1,000","23,034","3,000","69,102","3,000","69,102","3,000","69,102","3,000","69,102","3,000","69,102","0,000","0,000","0,000","0,000","0,000","0,000","0,000","0,000","0,000","0,000","0,000","0,000","0,000","0,000","0,000","0,000","1,000","23,034","3,000","69,102","3,000","69,102","3,000","69,102","3,000","69,102","3,000","69,102","0,000","0,000","0,000","0,000","0,000","0,000","0,000","0,000","0,000","0,000","0,000","0,000","0,000","0,000","1,000","23,034","1,000","23,034","2,000","46,068","2,000","46,068","2,000","46,068","3,000","69,102","2,000","46,068","1,000","23,034","1,000","23,034","0,000","0,000"
652,Cascadura - Méier,Transcarioca,Circular,25.890,"0,000","0,000","0,000","0,000","0,000","0,000","0,000","0,000","1,000","25,890","1,000","25,890","5,000","129,450","4,000","103,560","5,000","129,450","6,000","155,340","3,000","77,670","1,000","25,890","1,000","25,890","0,000","0,000","0,000","0,000","0,000","0,000","0,000","0,000","0,000","0,000","1,000","25,890","1,000","25,890","3,000","77,670","4,000","103,560","3,000","77,670","3,000","77,670","3,000","77,670","1,000","25,890","1,000","25,890","0,000","0,000","0,000","0,000","0,000","0,000","0,000","0,000","0,000","0,000","0,000","0,000","1,000","25,890","3,000","77,670","3,000","77,670","3,000","77,670","3,000","77,670","3,000","77,670","1,000","25,890","0,000","0,000","0,000","0,000","0,000","0,000","0,000","0,000","0,000","0,000","0,000","0,000","1,000","25,890","1,000","25,890","3,000","77,670","2,000","51,780","3,000","77,670","4,000","103,560","2,000","51,780","1,000","25,890","1,000","25,890","0,000","0,000"
653,Terminal Deodoro - Méier,Internorte,Ida,18.632,"0,000","0,000","0,000","0,000","0,000","0,000","0,000","0,000","1,000","18,632","2,000","37,264","4,000","74,528","4,000","74,528","4,000","74,528","3,000","55,896","3,000","55,896","1,000","18,632","0,000","0,000","0,000","0,000","0,000","0,000","0,000","0,000","0,000","0,000","0,000","0,000","0,000","0,000","1,000","18,632","3,000","55,896","3,000","55,896","3,000","55,896","3,000","55,896","3,000","55,896","0,000","0,000","0,000","0,000","0,000","0,000","0,000","0,000","0,000","0,000","0,000","0,000","0,000","0,000","1,000","18,632","1,000","18,632","3,000","55,896","3,000","55,896","3,000","55,896","3,000","55,896","3,000","55,896","1,000","18,632","0,000","0,000","0,000","0,000","0,000","0,000","0,000","0,000","0,000","0,000","0,000","0,000","1,000","18,632","1,000","18,632","2,000","37,264","2,000","37,264","2,000","37,264","2,000","37,264","2,000","37,264","1,000","18,632","0,000","0,000","0,000","0,000"
653,Terminal Deodoro - Méier,Internorte,Volta,15.268,"0,000","0,000","0,000","0,000","0,000","0,000","0,000","0,000","0,000","0,000","1,000","15,268","4,000","61,072","3,000","45,804","4,000","61,072","4,000","61,072","3,000","45,804","1,000","15,268","1,000","15,268","0,000","0,000","0,000","0,000","0,000","0,000","0,000","0,000","0,000","0,000","0,000","0,000","1,000","15,268","3,000","45,804","3,000","45,804","3,000","45,804","3,000","45,804","3,000","45,804","1,000","15,268","0,000","0,000","0,000","0,000","0,000","0,000","0,000","0,000","0,000","0,000","0,000","0,000","0,000","0,000","1,000","15,268","3,000","45,804","3,000","45,804","3,000","45,804","3,000","45,804","3,000","45,804","1,000","15,268","0,000","0,000","0,000","0,000","0,000","0,000","0,000","0,000","0,000","0,000","0,000","0,000","0,000","0,000","1,000","15,268","2,000","30,536","2,000","30,536","2,000","30,536","2,000","30,536","2,000","30,536","1,000","15,268","1,000","15,268","0,000","0,000"
663,Méier - Fundão,Internorte,Ida,24.721,"0,000","0,000","0,000","0,000","0,000","0,000","0,000","0,000","0,000","0,000","1,000","24,721","1,000","24,721","0,000","0,000","0,000","0,000","0,000","0,000","0,000","0,000","0,000","0,000","0,000","0,000","0,000","0,000","0,000","0,000","0,000","0,000","0,000","0,000","0,000","0,000","0,000","0,000","0,000","0,000","0,000","0,000","0,000","0,000","0,000","0,000","0,000","0,000","0,000","0,000","0,000","0,000","0,000","0,000","0,000","0,000","0,000","0,000","0,000","0,000","0,000","0,000","0,000","0,000","0,000","0,000","0,000","0,000","0,000","0,000","0,000","0,000","0,000","0,000","0,000","0,000","0,000","0,000","0,000","0,000","0,000","0,000","0,000","0,000","0,000","0,000","0,000","0,000","0,000","0,000","0,000","0,000","0,000","0,000","1,000","24,721","1,000","24,721","0,000","0,000","0,000","0,000","0,000","0,000","0,000","0,000","0,000","0,000","0,000","0,000","0,000","0,000"
663,Méier - Fundão,Internorte,Volta,15.569,"0,000","0,000","0,000","0,000","0,000","0,000","0,000","0,000","0,000","0,000","0,000","0,000","1,000","15,569","1,000","15,569","0,000","0,000","0,000","0,000","0,000","0,000","0,000","0,000","0,000","0,000","0,000","0,000","0,000","0,000","0,000","0,000","0,000","0,000","0,000","0,000","0,000","0,000","0,000","0,000","0,000","0,000","0,000","0,000","0,000","0,000","0,000","0,000","0,000","0,000","0,000","0,000","0,000","0,000","0,000","0,000","0,000","0,000","0,000","0,000","0,000","0,000","0,000","0,000","0,000","0,000","0,000","0,000","0,000","0,000","0,000","0,000","0,000","0,000","0,000","0,000","0,000","0,000","0,000","0,000","0,000","0,000","0,000","0,000","0,000","0,000","0,000","0,000","0,000","0,000","0,000","0,000","0,000","0,000","0,000","0,000","1,000","15,569","1,000","15,569","0,000","0,000","0,000","0,000","0,000","0,000","0,000","0,000","0,000","0,000","0,000","0,000"
665,Pavuna - Saens Peña,Internorte,Ida,34.269,"0,000","0,000","0,000","0,000","0,000","0,000","2,000","68,538","6,000","205,614","10,000","342,690","17,000","582,573","10,000","342,690","8,000","274,152","14,000","479,766","10,000","342,690","1,000","34,269","1,000","34,269","1,000","34,269","0,000","0,000","0,000","0,000","0,000","0,000","1,000","34,269","2,000","68,538","4,000","137,076","10,000","342,690","8,000","274,152","7,000","239,883","6,000","205,614","6,000","205,614","1,000","34,269","1,000","34,269","1,000","34,269","0,000","0,000","0,000","0,000","0,000","0,000","1,000","34,269","2,000","68,538","3,000","102,807","7,000","239,883","7,000","239,883","7,000","239,883","6,000","205,614","6,000","205,614","1,000","34,269","1,000","34,269","1,000","34,269","0,000","0,000","0,000","0,000","0,000","0,000","1,000","34,269","4,000","137,076","6,000","205,614","11,000","376,959","6,000","205,614","5,000","171,345","9,000","308,421","6,000","205,614","1,000","34,269","1,000","34,269","1,000","34,269"
665,Pavuna - Saens Peña,Internorte,Volta,28.518,"1,000","28,518","0,000","0,000","0,000","0,000","1,000","28,518","1,000","28,518","4,000","114,072","14,000","399,252","9,000","256,662","8,000","228,144","12,000","342,216","12,000","342,216","3,000","85,554","2,000","57,036","1,000","28,518","1,000","28,518","0,000","0,000","0,000","0,000","0,000","0,000","1,000","28,518","2,000","57,036","8,000","228,144","6,000","171,108","7,000","199,626","7,000","199,626","6,000","171,108","1,000","28,518","1,000","28,518","1,000","28,518","1,000","28,518","0,000","0,000","0,000","0,000","0,000","0,000","1,000","28,518","1,000","28,518","6,000","171,108","6,000","171,108","6,000","171,108","6,000","171,108","6,000","171,108","1,000","28,518","1,000","28,518","1,000","28,518","1,000","28,518","0,000","0,000","0,000","0,000","1,000","28,518","1,000","28,518","2,000","57,036","9,000","256,662","6,000","171,108","5,000","142,590","7,000","199,626","7,000","199,626","2,000","57,036","1,000","28,518","1,000","28,518"
669,Pavuna - Méier,Internorte,Ida,25.600,"0,000","0,000","0,000","0,000","0,000","0,000","1,000","25,600","2,000","51,200","1,000","25,600","17,000","435,200","9,000","230,400","9,000","230,400","9,000","230,400","5,000","128,000","1,000","25,600","1,000","25,600","0,000","0,000","0,000","0,000","0,000","0,000","0,000","0,000","1,000","25,600","2,000","51,200","2,000","51,200","7,000","179,200","7,000","179,200","6,000","153,600","5,000","128,000","3,000","76,800","1,000","25,600","0,000","0,000","0,000","0,000","0,000","0,000","0,000","0,000","0,000","0,000","0,000","0,000","1,000","25,600","1,000","25,600","4,000","102,400","3,000","76,800","3,000","76,800","3,000","76,800","3,000","76,800","1,000","25,600","1,000","25,600","0,000","0,000","0,000","0,000","0,000","0,000","0,000","0,000","1,000","25,600","1,000","25,600","1,000","25,600","11,000","281,600","6,000","153,600","6,000","153,600","6,000","153,600","3,000","76,800","1,000","25,600","1,000","25,600","0,000","0,000"
669,Pavuna - Méier,Internorte,Volta,29.072,"0,000","0,000","0,000","0,000","0,000","0,000","0,000","0,000","1,000","29,072","1,000","29,072","14,000","407,008","9,000","261,648","8,000","232,576","11,000","319,792","8,000","232,576","1,000","29,072","1,000","29,072","1,000","29,072","0,000","0,000","0,000","0,000","0,000","0,000","0,000","0,000","1,000","29,072","1,000","29,072","4,000","116,288","7,000","203,504","5,000","145,360","6,000","174,432","3,000","87,216","1,000","29,072","1,000","29,072","0,000","0,000","0,000","0,000","0,000","0,000","0,000","0,000","0,000","0,000","0,000","0,000","1,000","29,072","3,000","87,216","3,000","87,216","3,000","87,216","3,000","87,216","3,000","87,216","1,000","29,072","1,000","29,072","1,000","29,072","0,000","0,000","0,000","0,000","0,000","0,000","0,000","0,000","1,000","29,072","1,000","29,072","9,000","261,648","6,000","174,432","5,000","145,360","7,000","203,504","5,000","145,360","1,000","29,072","1,000","29,072","1,000","29,072"
678,Méier - Vila Valqueire,Transcarioca,Ida,19.150,"0,000","0,000","0,000","0,000","0,000","0,000","0,000","0,000","1,000","19,150","1,000","19,150","4,000","76,600","3,000","57,450","4,000","76,600","7,000","134,050","3,000","57,450","1,000","19,150","1,000","19,150","0,000","0,000","0,000","0,000","0,000","0,000","0,000","0,000","0,000","0,000","0,000","0,000","1,000","19,150","3,000","57,450","3,000","57,450","3,000","57,450","4,000","76,600","3,000","57,450","1,000","19,150","1,000","19,150","0,000","0,000","0,000","0,000","0,000","0,000","0,000","0,000","0,000","0,000","0,000","0,000","1,000","19,150","3,000","57,450","3,000","57,450","3,000","57,450","3,000","57,450","3,000","57,450","1,000","19,150","1,000","19,150","0,000","0,000","0,000","0,000","0,000","0,000","0,000","0,000","0,000","0,000","1,000","19,150","1,000","19,150","2,000","38,300","2,000","38,300","2,000","38,300","4,000","76,600","2,000","38,300","1,000","19,150","1,000","19,150","0,000","0,000"
678,Méier - Vila Valqueire,Transcarioca,Volta,19.806,"0,000","0,000","0,000","0,000","0,000","0,000","1,000","19,806","1,000","19,806","1,000","19,806","7,000","138,642","3,000","59,418","4,000","79,224","4,000","79,224","3,000","59,418","1,000","19,806","0,000","0,000","0,000","0,000","0,000","0,000","0,000","0,000","0,000","0,000","0,000","0,000","1,000","19,806","1,000","19,806","3,000","59,418","3,000","59,418","3,000","59,418","3,000","59,418","3,000","59,418","1,000","19,806","0,000","0,000","0,000","0,000","0,000","0,000","0,000","0,000","0,000","0,000","0,000","0,000","1,000","19,806","1,000","19,806","3,000","59,418","3,000","59,418","3,000","59,418","3,000","59,418","3,000","59,418","1,000","19,806","0,000","0,000","0,000","0,000","0,000","0,000","0,000","0,000","0,000","0,000","1,000","19,806","1,000","19,806","1,000","19,806","4,000","79,224","2,000","39,612","2,000","39,612","2,000","39,612","2,000","39,612","1,000","19,806","0,000","0,000","0,000","0,000"
679,Grotão - Méier,Internorte,Ida,16.170,"0,000","0,000","0,000","0,000","0,000","0,000","0,000","0,000","1,000","16,170","3,000","48,510","16,000","258,720","11,000","177,870","9,000","145,530","11,000","177,870","7,000","113,190","1,000","16,170","1,000","16,170","1,000","16,170","0,000","0,000","0,000","0,000","0,000","0,000","0,000","0,000","1,000","16,170","2,000","32,340","6,000","97,020","6,000","97,020","5,000","80,850","3,000","48,510","3,000","48,510","1,000","16,170","0,000","0,000","0,000","0,000","0,000","0,000","0,000","0,000","0,000","0,000","0,000","0,000","0,000","0,000","1,000","16,170","4,000","64,680","3,000","48,510","3,000","48,510","3,000","48,510","3,000","48,510","1,000","16,170","1,000","16,170","0,000","0,000","0,000","0,000","0,000","0,000","0,000","0,000","0,000","0,000","1,000","16,170","2,000","32,340","10,000","161,700","7,000","113,190","6,000","97,020","7,000","113,190","4,000","64,680","1,000","16,170","1,000","16,170","1,000","16,170"
679,Grotão - Méier,Internorte,Volta,18.123,"0,000","0,000","0,000","0,000","0,000","0,000","0,000","0,000","0,000","0,000","2,000","36,246","13,000","235,599","9,000","163,107","10,000","181,230","11,000","199,353","9,000","163,107","2,000","36,246","1,000","18,123","1,000","18,123","0,000","0,000","0,000","0,000","0,000","0,000","0,000","0,000","0,000","0,000","1,000","18,123","4,000","72,492","6,000","108,738","6,000","108,738","5,000","90,615","4,000","72,492","1,000","18,123","1,000","18,123","0,000","0,000","0,000","0,000","0,000","0,000","0,000","0,000","0,000","0,000","0,000","0,000","1,000","18,123","4,000","72,492","3,000","54,369","3,000","54,369","3,000","54,369","3,000","54,369","1,000","18,123","1,000","18,123","0,000","0,000","0,000","0,000","0,000","0,000","0,000","0,000","0,000","0,000","0,000","0,000","1,000","18,123","8,000","144,984","6,000","108,738","6,000","108,738","7,000","126,861","6,000","108,738","1,000","18,123","1,000","18,123","1,000","18,123"
685,Terminal Margaridas - Méier,Internorte,Ida,24.403,"1,000","24,403","1,000","24,403","1,000","24,403","1,000","24,403","2,000","48,806","4,000","97,612","16,000","390,448","13,000","317,239","11,000","268,433","16,000","390,448","9,000","219,627","1,000","24,403","1,000","24,403","1,000","24,403","1,000","24,403","1,000","24,403","1,000","24,403","1,000","24,403","1,000","24,403","2,000","48,806","9,000","219,627","12,000","292,836","10,000","244,030","8,000","195,224","6,000","146,418","1,000","24,403","1,000","24,403","1,000","24,403","1,000","24,403","1,000","24,403","1,000","24,403","1,000","24,403","1,000","24,403","1,000","24,403","6,000","146,418","6,000","146,418","6,000","146,418","6,000","146,418","6,000","146,418","1,000","24,403","1,000","24,403","1,000","24,403","1,000","24,403","1,000","24,403","1,000","24,403","1,000","24,403","1,000","24,403","2,000","48,806","10,000","244,030","8,000","195,224","7,000","170,821","10,000","244,030","6,000","146,418","1,000","24,403","1,000","24,403","1,000","24,403"
685,Terminal Margaridas - Méier,Internorte,Volta,24.922,"1,000","24,922","1,000","24,922","1,000","24,922","1,000","24,922","1,000","24,922","3,000","74,766","13,000","323,986","13,000","323,986","13,000","323,986","18,000","448,596","11,000","274,142","2,000","49,844","1,000","24,922","1,000","24,922","1,000","24,922","1,000","24,922","1,000","24,922","1,000","24,922","1,000","24,922","1,000","24,922","7,000","174,454","11,000","274,142","12,000","299,064","7,000","174,454","6,000","149,532","1,000","24,922","1,000","24,922","1,000","24,922","1,000","24,922","1,000","24,922","1,000","24,922","1,000","24,922","1,000","24,922","1,000","24,922","6,000","149,532","6,000","149,532","6,000","149,532","6,000","149,532","6,000","149,532","1,000","24,922","1,000","24,922","1,000","24,922","1,000","24,922","1,000","24,922","1,000","24,922","1,000","24,922","1,000","24,922","2,000","49,844","8,000","199,376","8,000","199,376","8,000","199,376","11,000","274,142","7,000","174,454","1,000","24,922","1,000","24,922","1,000","24,922"
687,Pavuna - Méier,Internorte,Ida,19.418,"0,000","0,000","0,000","0,000","0,000","0,000","0,000","0,000","2,000","38,836","3,000","58,254","9,000","174,762","6,000","116,508","6,000","116,508","8,000","155,344","4,000","77,672","1,000","19,418","1,000","19,418","0,000","0,000","0,000","0,000","0,000","0,000","0,000","0,000","0,000","0,000","1,000","19,418","1,000","19,418","6,000","116,508","4,000","77,672","3,000","58,254","3,000","58,254","3,000","58,254","1,000","19,418","1,000","19,418","0,000","0,000","0,000","0,000","0,000","0,000","0,000","0,000","1,000","19,418","1,000","19,418","1,000","19,418","3,000","58,254","3,000","58,254","4,000","77,672","3,000","58,254","3,000","58,254","1,000","19,418","1,000","19,418","0,000","0,000","0,000","0,000","0,000","0,000","0,000","0,000","0,000","0,000","1,000","19,418","2,000","38,836","6,000","116,508","4,000","77,672","4,000","77,672","5,000","97,090","2,000","38,836","1,000","19,418","1,000","19,418","0,000","0,000"
687,Pavuna - Méier,Internorte,Volta,22.324,"0,000","0,000","0,000","0,000","0,000","0,000","1,000","22,324","1,000","22,324","2,000","44,648","6,000","133,944","6,000","133,944","6,000","133,944","9,000","200,916","6,000","133,944","1,000","22,324","1,000","22,324","1,000","22,324","0,000","0,000","0,000","0,000","0,000","0,000","0,000","0,000","1,000","22,324","1,000","22,324","3,000","66,972","4,000","89,296","4,000","89,296","4,000","89,296","4,000","89,296","1,000","22,324","1,000","22,324","1,000","22,324","0,000","0,000","0,000","0,000","0,000","0,000","0,000","0,000","1,000","22,324","1,000","22,324","3,000","66,972","3,000","66,972","3,000","66,972","3,000","66,972","3,000","66,972","1,000","22,324","1,000","22,324","1,000","22,324","0,000","0,000","0,000","0,000","0,000","0,000","1,000","22,324","1,000","22,324","1,000","22,324","4,000","89,296","4,000","89,296","4,000","89,296","6,000","133,944","4,000","89,296","1,000","22,324","1,000","22,324","1,000","22,324"
688,Méier - Pavuna,Internorte,Ida,22.901,"0,000","0,000","0,000","0,000","0,000","0,000","0,000","0,000","1,000","22,901","1,000","22,901","4,000","91,604","4,000","91,604","6,000","137,406","7,000","160,307","5,000","114,505","1,000","22,901","1,000","22,901","1,000","22,901","0,000","0,000","0,000","0,000","0,000","0,000","0,000","0,000","0,000","0,000","0,000","0,000","3,000","68,703","4,000","91,604","4,000","91,604","5,000","114,505","3,000","68,703","1,000","22,901","2,000","45,802","1,000","22,901","0,000","0,000","0,000","0,000","0,000","0,000","0,000","0,000","0,000","0,000","0,000","0,000","3,000","68,703","3,000","68,703","3,000","68,703","3,000","68,703","3,000","68,703","1,000","22,901","1,000","22,901","0,000","0,000","0,000","0,000","0,000","0,000","0,000","0,000","0,000","0,000","1,000","22,901","1,000","22,901","2,000","45,802","2,000","45,802","4,000","91,604","4,000","91,604","3,000","68,703","1,000","22,901","1,000","22,901","1,000","22,901"
688,Méier - Pavuna,Internorte,Volta,18.609,"0,000","0,000","0,000","0,000","0,000","0,000","0,000","0,000","1,000","18,609","3,000","55,827","6,000","111,654","5,000","93,045","4,000","74,436","4,000","74,436","3,000","55,827","1,000","18,609","1,000","18,609","0,000","0,000","0,000","0,000","0,000","0,000","0,000","0,000","0,000","0,000","0,000","0,000","1,000","18,609","3,000","55,827","3,000","55,827","3,000","55,827","3,000","55,827","3,000","55,827","1,000","18,609","1,000","18,609","0,000","0,000","0,000","0,000","0,000","0,000","0,000","0,000","0,000","0,000","0,000","0,000","1,000","18,609","3,000","55,827","3,000","55,827","3,000","55,827","3,000","55,827","3,000","55,827","1,000","18,609","0,000","0,000","0,000","0,000","0,000","0,000","0,000","0,000","0,000","0,000","0,000","0,000","1,000","18,609","2,000","37,218","4,000","74,436","3,000","55,827","2,000","37,218","2,000","37,218","2,000","37,218","1,000","18,609","1,000","18,609","0,000","0,000"
691,Méier - Terminal Alvorada,Transcarioca,Ida,35.123,"0,000","0,000","0,000","0,000","0,000","0,000","0,000","0,000","1,000","35,123","2,000","70,246","11,000","386,353","9,000","316,107","9,000","316,107","9,000","316,107","6,000","210,738","1,000","35,123","0,000","0,000","0,000","0,000","0,000","0,000","0,000","0,000","0,000","0,000","0,000","0,000","1,000","35,123","2,000","70,246","5,000","175,615","5,000","175,615","6,000","210,738","4,000","140,492","3,000","105,369","1,000","35,123","1,000","35,123","0,000","0,000","0,000","0,000","0,000","0,000","0,000","0,000","0,000","0,000","1,000","35,123","1,000","35,123","3,000","105,369","3,000","105,369","3,000","105,369","3,000","105,369","3,000","105,369","0,000","0,000","0,000","0,000","0,000","0,000","0,000","0,000","0,000","0,000","0,000","0,000","0,000","0,000","1,000","35,123","1,000","35,123","7,000","245,861","6,000","210,738","6,000","210,738","6,000","210,738","4,000","140,492","1,000","35,123","0,000","0,000","0,000","0,000"
691,Méier - Terminal Alvorada,Transcarioca,Volta,32.061,"0,000","0,000","0,000","0,000","0,000","0,000","0,000","0,000","1,000","32,061","1,000","32,061","9,000","288,549","6,000","192,366","7,000","224,427","7,000","224,427","5,000","160,305","2,000","64,122","1,000","32,061","0,000","0,000","0,000","0,000","0,000","0,000","0,000","0,000","0,000","0,000","0,000","0,000","1,000","32,061","4,000","128,244","4,000","128,244","4,000","128,244","4,000","128,244","3,000","96,183","1,000","32,061","1,000","32,061","0,000","0,000","0,000","0,000","0,000","0,000","0,000","0,000","0,000","0,000","0,000","0,000","1,000","32,061","4,000","128,244","3,000","96,183","3,000","96,183","3,000","96,183","3,000","96,183","1,000","32,061","0,000","0,000","0,000","0,000","0,000","0,000","0,000","0,000","0,000","0,000","0,000","0,000","1,000","32,061","1,000","32,061","6,000","192,366","4,000","128,244","4,000","128,244","4,000","128,244","3,000","96,183","1,000","32,061","1,000","32,061","0,000","0,000"
692,Méier - Terminal Alvorada,Transcarioca,Ida,32.920,"1,000","32,920","0,000","0,000","0,000","0,000","1,000","32,920","2,000","65,840","4,000","131,680","23,000","757,160","12,000","395,040","11,000","362,120","17,000","559,640","9,000","296,280","2,000","65,840","1,000","32,920","1,000","32,920","1,000","32,920","0,000","0,000","0,000","0,000","0,000","0,000","1,000","32,920","3,000","98,760","10,000","329,200","7,000","230,440","8,000","263,360","8,000","263,360","5,000","164,600","1,000","32,920","1,000","32,920","1,000","32,920","1,000","32,920","0,000","0,000","0,000","0,000","0,000","0,000","1,000","32,920","2,000","65,840","6,000","197,520","6,000","197,520","4,000","131,680","5,000","164,600","4,000","131,680","2,000","65,840","1,000","32,920","1,000","32,920","1,000","32,920","0,000","0,000","0,000","0,000","1,000","32,920","1,000","32,920","2,000","65,840","14,000","460,880","7,000","230,440","7,000","230,440","11,000","362,120","6,000","197,520","1,000","32,920","1,000","32,920","1,000","32,920"
692,Méier - Terminal Alvorada,Transcarioca,Volta,31.295,"0,000","0,000","0,000","0,000","0,000","0,000","1,000","31,295","1,000","31,295","3,000","93,885","19,000","594,605","9,000","281,655","10,000","312,950","17,000","532,015","10,000","312,950","2,000","62,590","2,000","62,590","1,000","31,295","0,000","0,000","0,000","0,000","0,000","0,000","0,000","0,000","1,000","31,295","2,000","62,590","9,000","281,655","6,000","187,770","7,000","219,065","9,000","281,655","6,000","187,770","2,000","62,590","2,000","62,590","1,000","31,295","0,000","0,000","0,000","0,000","0,000","0,000","0,000","0,000","1,000","31,295","1,000","31,295","5,000","156,475","3,000","93,885","4,000","125,180","5,000","156,475","6,000","187,770","2,000","62,590","1,000","31,295","1,000","31,295","0,000","0,000","0,000","0,000","0,000","0,000","1,000","31,295","1,000","31,295","2,000","62,590","12,000","375,540","6,000","187,770","6,000","187,770","11,000","344,245","6,000","187,770","1,000","31,295","1,000","31,295","1,000","31,295"
693,Méier - Terminal Alvorada,Transcarioca,Ida,28.084,"0,000","0,000","0,000","0,000","0,000","0,000","0,000","0,000","1,000","28,084","2,000","56,168","11,000","308,924","0,000","0,000","0,000","0,000","4,000","112,336","3,000","84,252","0,000","0,000","0,000","0,000","0,000","0,000","0,000","0,000","0,000","0,000","0,000","0,000","0,000","0,000","1,000","28,084","1,000","28,084","5,000","140,420","0,000","0,000","0,000","0,000","3,000","84,252","2,000","56,168","0,000","0,000","0,000","0,000","0,000","0,000","0,000","0,000","0,000","0,000","0,000","0,000","0,000","0,000","0,000","0,000","0,000","0,000","0,000","0,000","0,000","0,000","0,000","0,000","0,000","0,000","0,000","0,000","0,000","0,000","0,000","0,000","0,000","0,000","0,000","0,000","0,000","0,000","0,000","0,000","0,000","0,000","1,000","28,084","1,000","28,084","7,000","196,588","0,000","0,000","0,000","0,000","2,000","56,168","2,000","56,168","0,000","0,000","0,000","0,000","0,000","0,000"
693,Méier - Terminal Alvorada,Transcarioca,Volta,25.689,"0,000","0,000","0,000","0,000","0,000","0,000","0,000","0,000","0,000","0,000","1,000","25,689","9,000","231,201","1,000","25,689","0,000","0,000","7,000","179,823","5,000","128,445","0,000","0,000","0,000","0,000","0,000","0,000","0,000","0,000","0,000","0,000","0,000","0,000","0,000","0,000","0,000","0,000","1,000","25,689","3,000","77,067","0,000","0,000","0,000","0,000","3,000","77,067","3,000","77,067","0,000","0,000","0,000","0,000","0,000","0,000","0,000","0,000","0,000","0,000","0,000","0,000","0,000","0,000","0,000","0,000","0,000","0,000","0,000","0,000","0,000","0,000","0,000","0,000","0,000","0,000","0,000","0,000","0,000","0,000","0,000","0,000","0,000","0,000","0,000","0,000","0,000","0,000","0,000","0,000","0,000","0,000","0,000","0,000","1,000","25,689","6,000","154,134","1,000","25,689","0,000","0,000","4,000","102,756","3,000","77,067","0,000","0,000","0,000","0,000","0,000","0,000"
696,Méier - Praia do Dendê,Internorte,Ida,30.826,"0,000","0,000","0,000","0,000","0,000","0,000","0,000","0,000","1,000","30,826","4,000","123,304","14,000","431,564","11,000","339,086","12,000","369,912","15,000","462,390","8,000","246,608","2,000","61,652","0,000","0,000","0,000","0,000","0,000","0,000","0,000","0,000","0,000","0,000","0,000","0,000","1,000","30,826","1,000","30,826","6,000","184,956","7,000","215,782","6,000","184,956","6,000","184,956","6,000","184,956","1,000","30,826","0,000","0,000","0,000","0,000","0,000","0,000","0,000","0,000","0,000","0,000","0,000","0,000","0,000","0,000","1,000","30,826","6,000","184,956","6,000","184,956","6,000","184,956","6,000","184,956","6,000","184,956","1,000","30,826","0,000","0,000","0,000","0,000","0,000","0,000","0,000","0,000","0,000","0,000","0,000","0,000","1,000","30,826","2,000","61,652","9,000","277,434","7,000","215,782","7,000","215,782","9,000","277,434","5,000","154,130","1,000","30,826","0,000","0,000","0,000","0,000"
696,Méier - Praia do Dendê,Internorte,Volta,33.463,"0,000","0,000","0,000","0,000","0,000","0,000","0,000","0,000","2,000","66,926","6,000","200,778","15,000","501,945","10,000","334,630","12,000","401,556","15,000","501,945","6,000","200,778","1,000","33,463","1,000","33,463","0,000","0,000","0,000","0,000","0,000","0,000","0,000","0,000","0,000","0,000","1,000","33,463","2,000","66,926","8,000","267,704","8,000","267,704","6,000","200,778","6,000","200,778","6,000","200,778","1,000","33,463","1,000","33,463","0,000","0,000","0,000","0,000","0,000","0,000","0,000","0,000","0,000","0,000","1,000","33,463","1,000","33,463","6,000","200,778","6,000","200,778","6,000","200,778","6,000","200,778","6,000","200,778","1,000","33,463","1,000","33,463","0,000","0,000","0,000","0,000","0,000","0,000","0,000","0,000","0,000","0,000","1,000","33,463","4,000","133,852","9,000","301,167","6,000","200,778","7,000","234,241","9,000","301,167","4,000","133,852","1,000","33,463","1,000","33,463","0,000","0,000"
711,Rocha Miranda - Rio Comprido,Internorte,Ida,29.779,"0,000","0,000","0,000","0,000","0,000","0,000","1,000","29,779","2,000","59,558","4,000","119,116","11,000","327,569","10,000","297,790","9,000","268,011","9,000","268,011","5,000","148,895","1,000","29,779","1,000","29,779","0,000","0,000","0,000","0,000","0,000","0,000","0,000","0,000","0,000","0,000","1,000","29,779","2,000","59,558","7,000","208,453","7,000","208,453","6,000","178,674","6,000","178,674","3,000","89,337","1,000","29,779","1,000","29,779","0,000","0,000","0,000","0,000","0,000","0,000","0,000","0,000","0,000","0,000","0,000","0,000","2,000","59,558","3,000","89,337","3,000","89,337","3,000","89,337","3,000","89,337","3,000","89,337","1,000","29,779","1,000","29,779","0,000","0,000","0,000","0,000","0,000","0,000","0,000","0,000","1,000","29,779","1,000","29,779","2,000","59,558","7,000","208,453","6,000","178,674","6,000","178,674","6,000","178,674","3,000","89,337","1,000","29,779","1,000","29,779","0,000","0,000"
711,Rocha Miranda - Rio Comprido,Internorte,Volta,30.742,"0,000","0,000","0,000","0,000","0,000","0,000","0,000","0,000","1,000","30,742","2,000","61,484","8,000","245,936","10,000","307,420","10,000","307,420","9,000","276,678","8,000","245,936","2,000","61,484","2,000","61,484","1,000","30,742","0,000","0,000","0,000","0,000","0,000","0,000","0,000","0,000","0,000","0,000","1,000","30,742","4,000","122,968","5,000","153,710","5,000","153,710","6,000","184,452","4,000","122,968","1,000","30,742","1,000","30,742","1,000","30,742","0,000","0,000","0,000","0,000","0,000","0,000","0,000","0,000","0,000","0,000","0,000","0,000","3,000","92,226","3,000","92,226","3,000","92,226","3,000","92,226","3,000","92,226","1,000","30,742","1,000","30,742","1,000","30,742","0,000","0,000","0,000","0,000","0,000","0,000","0,000","0,000","1,000","30,742","1,000","30,742","5,000","153,710","6,000","184,452","6,000","184,452","6,000","184,452","5,000","153,710","1,000","30,742","1,000","30,742","1,000","30,742"
712,Cascadura - Irajá,Transcarioca,Ida,8.605,"0,000","0,000","0,000","0,000","0,000","0,000","0,000","0,000","1,000","8,605","3,000","25,815","19,000","163,495","16,000","137,680","18,000","154,890","21,000","180,705","16,000","137,680","2,000","17,210","1,000","8,605","0,000","0,000","0,000","0,000","0,000","0,000","0,000","0,000","0,000","0,000","0,000","0,000","1,000","8,605","8,000","68,840","12,000","103,260","13,000","111,865","12,000","103,260","6,000","51,630","1,000","8,605","1,000","8,605","0,000","0,000","0,000","0,000","0,000","0,000","0,000","0,000","0,000","0,000","0,000","0,000","1,000","8,605","6,000","51,630","8,000","68,840","7,000","60,235","6,000","51,630","5,000","43,025","1,000","8,605","1,000","8,605","0,000","0,000","0,000","0,000","0,000","0,000","0,000","0,000","0,000","0,000","1,000","8,605","2,000","17,210","12,000","103,260","10,000","86,050","11,000","94,655","13,000","111,865","10,000","86,050","1,000","8,605","1,000","8,605","0,000","0,000"
712,Cascadura - Irajá,Transcarioca,Volta,10.181,"0,000","0,000","0,000","0,000","0,000","0,000","0,000","0,000","1,000","10,181","4,000","40,724","23,000","234,163","17,000","173,077","17,000","173,077","20,000","203,620","13,000","132,353","2,000","20,362","1,000","10,181","0,000","0,000","0,000","0,000","0,000","0,000","0,000","0,000","0,000","0,000","1,000","10,181","1,000","10,181","11,000","111,991","15,000","152,715","11,000","111,991","10,000","101,810","7,000","71,267","1,000","10,181","1,000","10,181","0,000","0,000","0,000","0,000","0,000","0,000","0,000","0,000","0,000","0,000","0,000","0,000","1,000","10,181","7,000","71,267","7,000","71,267","6,000","61,086","6,000","61,086","5,000","50,905","1,000","10,181","1,000","10,181","0,000","0,000","0,000","0,000","0,000","0,000","0,000","0,000","0,000","0,000","1,000","10,181","2,000","20,362","14,000","142,534","11,000","111,991","11,000","111,991","12,000","122,172","8,000","81,448","1,000","10,181","1,000","10,181","0,000","0,000"
721,Vila Cruzeiro - Cascadura,Internorte,Ida,13.527,"0,000","0,000","0,000","0,000","0,000","0,000","0,000","0,000","1,000","13,527","5,000","67,635","20,000","270,540","13,000","175,851","13,000","175,851","12,000","162,324","7,000","94,689","1,000","13,527","1,000","13,527","1,000","13,527","0,000","0,000","0,000","0,000","0,000","0,000","0,000","0,000","0,000","0,000","2,000","27,054","10,000","135,270","12,000","162,324","8,000","108,216","7,000","94,689","6,000","81,162","1,000","13,527","1,000","13,527","1,000","13,527","0,000","0,000","0,000","0,000","0,000","0,000","0,000","0,000","0,000","0,000","1,000","13,527","6,000","81,162","6,000","81,162","6,000","81,162","6,000","81,162","6,000","81,162","1,000","13,527","1,000","13,527","0,000","0,000","0,000","0,000","0,000","0,000","0,000","0,000","0,000","0,000","1,000","13,527","3,000","40,581","12,000","162,324","8,000","108,216","8,000","108,216","7,000","94,689","4,000","54,108","1,000","13,527","1,000","13,527","1,000","13,527"
721,Vila Cruzeiro - Cascadura,Internorte,Volta,11.796,"0,000","0,000","0,000","0,000","0,000","0,000","0,000","0,000","1,000","11,796","4,000","47,184","16,000","188,736","11,000","129,756","11,000","129,756","13,000","153,348","7,000","82,572","1,000","11,796","1,000","11,796","0,000","0,000","0,000","0,000","0,000","0,000","0,000","0,000","0,000","0,000","0,000","0,000","1,000","11,796","8,000","94,368","10,000","117,960","9,000","106,164","7,000","82,572","6,000","70,776","1,000","11,796","1,000","11,796","0,000","0,000","0,000","0,000","0,000","0,000","0,000","0,000","0,000","0,000","0,000","0,000","0,000","0,000","6,000","70,776","6,000","70,776","6,000","70,776","6,000","70,776","6,000","70,776","1,000","11,796","1,000","11,796","0,000","0,000","0,000","0,000","0,000","0,000","0,000","0,000","0,000","0,000","1,000","11,796","2,000","23,592","10,000","117,960","7,000","82,572","7,000","82,572","8,000","94,368","4,000","47,184","1,000","11,796","1,000","11,796","0,000","0,000"
731,Campo Grande - Marechal Hermes,Santa Cruz,Ida,29.964,"0,000","0,000","0,000","0,000","0,000","0,000","0,000","0,000","4,000","119,856","5,000","149,820","15,000","449,460","11,000","329,604","11,000","329,604","15,000","449,460","8,000","239,712","2,000","59,928","0,000","0,000","0,000","0,000","0,000","0,000","0,000","0,000","0,000","0,000","0,000","0,000","2,000","59,928","2,000","59,928","8,000","239,712","9,000","269,676","7,000","209,748","6,000","179,784","6,000","179,784","1,000","29,964","0,000","0,000","0,000","0,000","0,000","0,000","0,000","0,000","0,000","0,000","0,000","0,000","1,000","29,964","2,000","59,928","5,000","149,820","6,000","179,784","4,000","119,856","6,000","179,784","5,000","149,820","2,000","59,928","0,000","0,000","0,000","0,000","0,000","0,000","0,000","0,000","0,000","0,000","0,000","0,000","2,000","59,928","3,000","89,892","9,000","269,676","7,000","209,748","7,000","209,748","9,000","269,676","5,000","149,820","1,000","29,964","0,000","0,000","0,000","0,000"
731,Campo Grande - Marechal Hermes,Santa Cruz,Volta,28.415,"0,000","0,000","0,000","0,000","0,000","0,000","0,000","0,000","0,000","0,000","3,000","85,245","14,000","397,810","13,000","369,395","10,000","284,150","13,000","369,395","12,000","340,980","3,000","85,245","3,000","85,245","0,000","0,000","0,000","0,000","0,000","0,000","0,000","0,000","0,000","0,000","0,000","0,000","1,000","28,415","8,000","227,320","8,000","227,320","7,000","198,905","7,000","198,905","5,000","142,075","1,000","28,415","1,000","28,415","0,000","0,000","0,000","0,000","0,000","0,000","0,000","0,000","0,000","0,000","0,000","0,000","1,000","28,415","6,000","170,490","5,000","142,075","4,000","113,660","6,000","170,490","4,000","113,660","2,000","56,830","1,000","28,415","0,000","0,000","0,000","0,000","0,000","0,000","0,000","0,000","0,000","0,000","0,000","0,000","2,000","56,830","9,000","255,735","8,000","227,320","6,000","170,490","8,000","227,320","7,000","198,905","2,000","56,830","2,000","56,830","0,000","0,000"
737,Santíssimo - Cascadura,Santa Cruz,Ida,32.479,"1,000","32,479","0,000","0,000","0,000","0,000","1,000","32,479","3,000","97,437","3,000","97,437","6,000","194,874","4,000","129,916","3,000","97,437","5,000","162,395","4,000","129,916","1,000","32,479","1,000","32,479","1,000","32,479","0,000","0,000","0,000","0,000","0,000","0,000","0,000","0,000","2,000","64,958","1,000","32,479","5,000","162,395","4,000","129,916","3,000","97,437","3,000","97,437","3,000","97,437","1,000","32,479","1,000","32,479","1,000","32,479","0,000","0,000","0,000","0,000","0,000","0,000","0,000","0,000","1,000","32,479","1,000","32,479","3,000","97,437","3,000","97,437","3,000","97,437","3,000","97,437","3,000","97,437","1,000","32,479","1,000","32,479","0,000","0,000","1,000","32,479","0,000","0,000","0,000","0,000","1,000","32,479","2,000","64,958","2,000","64,958","4,000","129,916","2,000","64,958","2,000","64,958","3,000","97,437","2,000","64,958","1,000","32,479","1,000","32,479","1,000","32,479"
737,Santíssimo - Cascadura,Santa Cruz,Volta,32.769,"0,000","0,000","0,000","0,000","0,000","0,000","1,000","32,769","1,000","32,769","1,000","32,769","6,000","196,614","5,000","163,845","5,000","163,845","8,000","262,152","6,000","196,614","1,000","32,769","1,000","32,769","1,000","32,769","0,000","0,000","0,000","0,000","0,000","0,000","1,000","32,769","1,000","32,769","1,000","32,769","3,000","98,307","3,000","98,307","4,000","131,076","5,000","163,845","5,000","163,845","1,000","32,769","1,000","32,769","1,000","32,769","0,000","0,000","0,000","0,000","0,000","0,000","1,000","32,769","1,000","32,769","1,000","32,769","3,000","98,307","3,000","98,307","3,000","98,307","3,000","98,307","4,000","131,076","1,000","32,769","1,000","32,769","0,000","0,000","0,000","0,000","0,000","0,000","0,000","0,000","1,000","32,769","1,000","32,769","1,000","32,769","4,000","131,076","3,000","98,307","3,000","98,307","5,000","163,845","4,000","131,076","1,000","32,769","1,000","32,769","1,000","32,769"
741,Terminal Sulacap - Bangu,Santa Cruz,Circular,24.137,"0,000","0,000","0,000","0,000","0,000","0,000","0,000","0,000","2,000","48,274","1,000","24,137","8,000","193,096","6,000","144,822","6,000","144,822","8,000","193,096","5,000","120,685","1,000","24,137","0,000","0,000","0,000","0,000","0,000","0,000","0,000","0,000","0,000","0,000","0,000","0,000","1,000","24,137","1,000","24,137","3,000","72,411","4,000","96,548","3,000","72,411","3,000","72,411","3,000","72,411","1,000","24,137","0,000","0,000","0,000","0,000","0,000","0,000","0,000","0,000","0,000","0,000","0,000","0,000","0,000","0,000","1,000","24,137","3,000","72,411","3,000","72,411","3,000","72,411","3,000","72,411","3,000","72,411","1,000","24,137","1,000","24,137","0,000","0,000","0,000","0,000","0,000","0,000","0,000","0,000","0,000","0,000","1,000","24,137","1,000","24,137","5,000","120,685","4,000","96,548","4,000","96,548","5,000","120,685","3,000","72,411","1,000","24,137","0,000","0,000","0,000","0,000"
743,Terminal Sulacap - Bangu,Santa Cruz,Circular,24.638,"0,000","0,000","0,000","0,000","0,000","0,000","0,000","0,000","1,000","24,638","2,000","49,276","10,000","246,380","6,000","147,828","6,000","147,828","9,000","221,742","10,000","246,380","2,000","49,276","1,000","24,638","0,000","0,000","0,000","0,000","0,000","0,000","0,000","0,000","0,000","0,000","1,000","24,638","1,000","24,638","5,000","123,190","4,000","98,552","3,000","73,914","5,000","123,190","3,000","73,914","1,000","24,638","1,000","24,638","1,000","24,638","0,000","0,000","0,000","0,000","0,000","0,000","0,000","0,000","0,000","0,000","1,000","24,638","5,000","123,190","3,000","73,914","3,000","73,914","3,000","73,914","3,000","73,914","1,000","24,638","1,000","24,638","0,000","0,000","0,000","0,000","0,000","0,000","0,000","0,000","0,000","0,000","1,000","24,638","1,000","24,638","6,000","147,828","4,000","98,552","4,000","98,552","6,000","147,828","6,000","147,828","1,000","24,638","1,000","24,638","0,000","0,000"
745,Bangu - Cascadura,Santa Cruz,Ida,18.181,"0,000","0,000","0,000","0,000","0,000","0,000","0,000","0,000","3,000","54,543","4,000","72,724","11,000","199,991","8,000","145,448","6,000","109,086","10,000","181,810","5,000","90,905","1,000","18,181","1,000","18,181","1,000","18,181","0,000","0,000","0,000","0,000","0,000","0,000","0,000","0,000","1,000","18,181","2,000","36,362","6,000","109,086","6,000","109,086","3,000","54,543","5,000","90,905","3,000","54,543","1,000","18,181","1,000","18,181","1,000","18,181","0,000","0,000","0,000","0,000","0,000","0,000","0,000","0,000","1,000","18,181","1,000","18,181","3,000","54,543","4,000","72,724","3,000","54,543","3,000","54,543","3,000","54,543","1,000","18,181","1,000","18,181","1,000","18,181","0,000","0,000","0,000","0,000","0,000","0,000","0,000","0,000","2,000","36,362","2,000","36,362","7,000","127,267","5,000","90,905","4,000","72,724","6,000","109,086","3,000","54,543","1,000","18,181","1,000","18,181","1,000","18,181"
745,Bangu - Cascadura,Santa Cruz,Volta,19.077,"0,000","0,000","0,000","0,000","0,000","0,000","1,000","19,077","1,000","19,077","1,000","19,077","10,000","190,770","6,000","114,462","8,000","152,616","12,000","228,924","8,000","152,616","1,000","19,077","1,000","19,077","1,000","19,077","0,000","0,000","0,000","0,000","0,000","0,000","1,000","19,077","1,000","19,077","1,000","19,077","5,000","95,385","5,000","95,385","6,000","114,462","6,000","114,462","5,000","95,385","1,000","19,077","1,000","19,077","1,000","19,077","0,000","0,000","0,000","0,000","0,000","0,000","0,000","0,000","1,000","19,077","1,000","19,077","3,000","57,231","3,000","57,231","3,000","57,231","3,000","57,231","3,000","57,231","1,000","19,077","1,000","19,077","0,000","0,000","0,000","0,000","0,000","0,000","0,000","0,000","1,000","19,077","1,000","19,077","1,000","19,077","6,000","114,462","4,000","76,308","5,000","95,385","7,000","133,539","5,000","95,385","1,000","19,077","1,000","19,077","1,000","19,077"
746,Jabour - Cascadura,Santa Cruz,Ida,18.752,"1,000","18,752","1,000","18,752","1,000","18,752","1,000","18,752","3,000","56,256","8,000","150,016","25,000","468,800","16,000","300,032","16,000","300,032","19,000","356,288","12,000","225,024","2,000","37,504","1,000","18,752","1,000","18,752","1,000","18,752","1,000","18,752","1,000","18,752","1,000","18,752","2,000","37,504","4,000","75,008","12,000","225,024","10,000","187,520","11,000","206,272","11,000","206,272","6,000","112,512","1,000","18,752","1,000","18,752","1,000","18,752","1,000","18,752","1,000","18,752","1,000","18,752","1,000","18,752","1,000","18,752","2,000","37,504","6,000","112,512","6,000","112,512","6,000","112,512","7,000","131,264","6,000","112,512","1,000","18,752","1,000","18,752","1,000","18,752","1,000","18,752","1,000","18,752","1,000","18,752","1,000","18,752","2,000","37,504","5,000","93,760","16,000","300,032","10,000","187,520","10,000","187,520","12,000","225,024","7,000","131,264","1,000","18,752","1,000","18,752","1,000","18,752"
746,Jabour - Cascadura,Santa Cruz,Volta,19.430,"1,000","19,430","1,000","19,430","1,000","19,430","1,000","19,430","1,000","19,430","5,000","97,150","20,000","388,600","13,000","252,590","14,000","272,020","23,000","446,890","14,000","272,020","3,000","58,290","2,000","38,860","1,000","19,430","1,000","19,430","1,000","19,430","1,000","19,430","1,000","19,430","1,000","19,430","3,000","58,290","10,000","194,300","8,000","155,440","11,000","213,730","11,000","213,730","8,000","155,440","2,000","38,860","2,000","38,860","1,000","19,430","1,000","19,430","1,000","19,430","1,000","19,430","1,000","19,430","1,000","19,430","1,000","19,430","6,000","116,580","6,000","116,580","6,000","116,580","6,000","116,580","6,000","116,580","2,000","38,860","1,000","19,430","1,000","19,430","1,000","19,430","1,000","19,430","1,000","19,430","1,000","19,430","1,000","19,430","3,000","58,290","12,000","233,160","8,000","155,440","9,000","174,870","14,000","272,020","9,000","174,870","2,000","38,860","1,000","19,430","1,000","19,430"
753,Santa Cruz - Metrô Coelho Neto,Santa Cruz,Ida,46.066,"0,000","0,000","0,000","0,000","0,000","0,000","2,000","92,132","3,000","138,198","3,000","138,198","12,000","552,792","9,000","414,594","9,000","414,594","12,000","552,792","11,000","506,726","3,000","138,198","3,000","138,198","1,000","46,066","0,000","0,000","0,000","0,000","0,000","0,000","1,000","46,066","2,000","92,132","3,000","138,198","9,000","414,594","9,000","414,594","9,000","414,594","9,000","414,594","9,000","414,594","2,000","92,132","2,000","92,132","1,000","46,066","0,000","0,000","0,000","0,000","0,000","0,000","0,000","0,000","1,000","46,066","2,000","92,132","9,000","414,594","9,000","414,594","9,000","414,594","9,000","414,594","8,000","368,528","2,000","92,132","1,000","46,066","0,000","0,000","0,000","0,000","0,000","0,000","0,000","0,000","1,000","46,066","2,000","92,132","2,000","92,132","7,000","322,462","6,000","276,396","6,000","276,396","7,000","322,462","7,000","322,462","2,000","92,132","2,000","92,132","1,000","46,066"
753,Santa Cruz - Metrô Coelho Neto,Santa Cruz,Volta,46.718,"1,000","46,718","1,000","46,718","1,000","46,718","1,000","46,718","2,000","93,436","3,000","140,154","12,000","560,616","9,000","420,462","9,000","420,462","14,000","654,052","13,000","607,334","3,000","140,154","3,000","140,154","2,000","93,436","1,000","46,718","1,000","46,718","1,000","46,718","1,000","46,718","1,000","46,718","2,000","93,436","9,000","420,462","9,000","420,462","9,000","420,462","9,000","420,462","9,000","420,462","3,000","140,154","2,000","93,436","1,000","46,718","1,000","46,718","1,000","46,718","1,000","46,718","1,000","46,718","1,000","46,718","1,000","46,718","8,000","373,744","9,000","420,462","9,000","420,462","9,000","420,462","9,000","420,462","2,000","93,436","2,000","93,436","1,000","46,718","1,000","46,718","1,000","46,718","1,000","46,718","1,000","46,718","1,000","46,718","2,000","93,436","7,000","327,026","6,000","280,308","6,000","280,308","9,000","420,462","8,000","373,744","2,000","93,436","2,000","93,436","1,000","46,718"
754,Santa Cruz - Terminal Deodoro,Santa Cruz,Ida,42.938,"0,000","0,000","0,000","0,000","0,000","0,000","3,000","128,814","4,000","171,752","5,000","214,690","11,000","472,318","6,000","257,628","7,000","300,566","11,000","472,318","8,000","343,504","1,000","42,938","1,000","42,938","1,000","42,938","0,000","0,000","0,000","0,000","1,000","42,938","2,000","85,876","2,000","85,876","2,000","85,876","6,000","257,628","6,000","257,628","6,000","257,628","6,000","257,628","3,000","128,814","1,000","42,938","1,000","42,938","1,000","42,938","0,000","0,000","0,000","0,000","0,000","0,000","1,000","42,938","1,000","42,938","1,000","42,938","3,000","128,814","3,000","128,814","3,000","128,814","3,000","128,814","3,000","128,814","1,000","42,938","1,000","42,938","0,000","0,000","0,000","0,000","0,000","0,000","0,000","0,000","2,000","85,876","2,000","85,876","3,000","128,814","7,000","300,566","4,000","171,752","4,000","171,752","7,000","300,566","5,000","214,690","1,000","42,938","1,000","42,938","1,000","42,938"
754,Santa Cruz - Terminal Deodoro,Santa Cruz,Volta,43.374,"0,000","0,000","0,000","0,000","1,000","43,374","2,000","86,748","3,000","130,122","3,000","130,122","9,000","390,366","6,000","260,244","6,000","260,244","14,000","607,236","9,000","390,366","2,000","86,748","1,000","43,374","1,000","43,374","0,000","0,000","1,000","43,374","1,000","43,374","1,000","43,374","2,000","86,748","2,000","86,748","6,000","260,244","5,000","216,870","4,000","173,496","6,000","260,244","4,000","173,496","1,000","43,374","1,000","43,374","1,000","43,374","0,000","0,000","0,000","0,000","1,000","43,374","1,000","43,374","1,000","43,374","1,000","43,374","3,000","130,122","3,000","130,122","3,000","130,122","3,000","130,122","3,000","130,122","1,000","43,374","1,000","43,374","0,000","0,000","0,000","0,000","0,000","0,000","1,000","43,374","1,000","43,374","2,000","86,748","2,000","86,748","6,000","260,244","4,000","173,496","4,000","173,496","9,000","390,366","6,000","260,244","1,000","43,374","1,000","43,374","1,000","43,374"
756,Santa Cruz - Coelho Neto,Santa Cruz,Ida,49.185,"0,000","0,000","0,000","0,000","1,000","49,185","3,000","147,555","7,000","344,295","7,000","344,295","16,000","786,960","9,000","442,665","10,000","491,850","15,000","737,775","12,000","590,220","2,000","98,370","2,000","98,370","1,000","49,185","0,000","0,000","0,000","0,000","0,000","0,000","2,000","98,370","4,000","196,740","3,000","147,555","9,000","442,665","7,000","344,295","6,000","295,110","8,000","393,480","6,000","295,110","2,000","98,370","1,000","49,185","0,000","0,000","0,000","0,000","0,000","0,000","0,000","0,000","1,000","49,185","2,000","98,370","2,000","98,370","6,000","295,110","6,000","295,110","6,000","295,110","6,000","295,110","6,000","295,110","1,000","49,185","1,000","49,185","0,000","0,000","0,000","0,000","0,000","0,000","1,000","49,185","2,000","98,370","4,000","196,740","4,000","196,740","10,000","491,850","6,000","295,110","6,000","295,110","9,000","442,665","7,000","344,295","1,000","49,185","1,000","49,185","1,000","49,185"
756,Santa Cruz - Coelho Neto,Santa Cruz,Volta,48.600,"0,000","0,000","1,000","48,600","1,000","48,600","2,000","97,200","3,000","145,800","6,000","291,600","16,000","777,600","9,000","437,400","10,000","486,000","17,000","826,200","14,000","680,400","2,000","97,200","2,000","97,200","2,000","97,200","0,000","0,000","0,000","0,000","1,000","48,600","1,000","48,600","2,000","97,200","2,000","97,200","10,000","486,000","6,000","291,600","9,000","437,400","11,000","534,600","9,000","437,400","2,000","97,200","2,000","97,200","2,000","97,200","0,000","0,000","0,000","0,000","1,000","48,600","1,000","48,600","1,000","48,600","2,000","97,200","6,000","291,600","6,000","291,600","6,000","291,600","7,000","340,200","6,000","291,600","1,000","48,600","1,000","48,600","1,000","48,600","0,000","0,000","1,000","48,600","1,000","48,600","1,000","48,600","2,000","97,200","4,000","194,400","10,000","486,000","6,000","291,600","6,000","291,600","11,000","534,600","9,000","437,400","1,000","48,600","1,000","48,600","1,000","48,600"
757,Sepetiba - Coelho Neto,Santa Cruz,Ida,60.324,"0,000","0,000","0,000","0,000","1,000","60,324","2,000","120,648","3,000","180,972","2,000","120,648","6,000","361,944","3,000","180,972","4,000","241,296","5,000","301,620","3,000","180,972","0,000","0,000","0,000","0,000","0,000","0,000","0,000","0,000","0,000","0,000","0,000","0,000","1,000","60,324","1,000","60,324","1,000","60,324","3,000","180,972","3,000","180,972","3,000","180,972","3,000","180,972","1,000","60,324","0,000","0,000","0,000","0,000","0,000","0,000","0,000","0,000","0,000","0,000","0,000","0,000","0,000","0,000","0,000","0,000","0,000","0,000","0,000","0,000","0,000","0,000","0,000","0,000","0,000","0,000","0,000","0,000","0,000","0,000","0,000","0,000","0,000","0,000","0,000","0,000","0,000","0,000","1,000","60,324","1,000","60,324","2,000","120,648","1,000","60,324","4,000","241,296","2,000","120,648","2,000","120,648","3,000","180,972","2,000","120,648","0,000","0,000","0,000","0,000","0,000","0,000"
757,Sepetiba - Coelho Neto,Santa Cruz,Volta,58.821,"0,000","0,000","1,000","58,821","1,000","58,821","1,000","58,821","1,000","58,821","1,000","58,821","4,000","235,284","3,000","176,463","3,000","176,463","6,000","352,926","4,000","235,284","1,000","58,821","0,000","0,000","0,000","0,000","0,000","0,000","0,000","0,000","1,000","58,821","1,000","58,821","1,000","58,821","1,000","58,821","3,000","176,463","3,000","176,463","3,000","176,463","3,000","176,463","2,000","117,642","0,000","0,000","0,000","0,000","0,000","0,000","0,000","0,000","0,000","0,000","0,000","0,000","0,000","0,000","0,000","0,000","0,000","0,000","0,000","0,000","0,000","0,000","0,000","0,000","0,000","0,000","0,000","0,000","0,000","0,000","0,000","0,000","0,000","0,000","0,000","0,000","1,000","58,821","1,000","58,821","1,000","58,821","1,000","58,821","1,000","58,821","2,000","117,642","2,000","117,642","2,000","117,642","4,000","235,284","2,000","117,642","1,000","58,821","0,000","0,000","0,000","0,000"
759,Cesarão - Coelho Neto,Santa Cruz,Ida,47.013,"1,000","47,013","1,000","47,013","1,000","47,013","2,000","94,026","4,000","188,052","7,000","329,091","11,000","517,143","11,000","517,143","8,000","376,104","11,000","517,143","7,000","329,091","2,000","94,026","1,000","47,013","1,000","47,013","1,000","47,013","1,000","47,013","1,000","47,013","2,000","94,026","3,000","141,039","4,000","188,052","9,000","423,117","9,000","423,117","7,000","329,091","8,000","376,104","6,000","282,078","2,000","94,026","1,000","47,013","1,000","47,013","0,000","0,000","0,000","0,000","0,000","0,000","1,000","47,013","1,000","47,013","1,000","47,013","6,000","282,078","5,000","235,065","4,000","188,052","6,000","282,078","4,000","188,052","1,000","47,013","1,000","47,013","1,000","47,013","1,000","47,013","1,000","47,013","1,000","47,013","1,000","47,013","2,000","94,026","4,000","188,052","7,000","329,091","7,000","329,091","5,000","235,065","7,000","329,091","4,000","188,052","1,000","47,013","1,000","47,013","1,000","47,013"
759,Cesarão - Coelho Neto,Santa Cruz,Volta,46.302,"1,000","46,302","1,000","46,302","1,000","46,302","1,000","46,302","2,000","92,604","2,000","92,604","9,000","416,718","9,000","416,718","10,000","463,020","13,000","601,926","8,000","370,416","3,000","138,906","2,000","92,604","1,000","46,302","1,000","46,302","1,000","46,302","1,000","46,302","1,000","46,302","2,000","92,604","2,000","92,604","8,000","370,416","8,000","370,416","10,000","463,020","8,000","370,416","8,000","370,416","2,000","92,604","2,000","92,604","1,000","46,302","1,000","46,302","0,000","0,000","0,000","0,000","1,000","46,302","1,000","46,302","1,000","46,302","5,000","231,510","6,000","277,812","6,000","277,812","5,000","231,510","6,000","277,812","2,000","92,604","1,000","46,302","1,000","46,302","1,000","46,302","1,000","46,302","1,000","46,302","1,000","46,302","1,000","46,302","1,000","46,302","6,000","277,812","6,000","277,812","6,000","277,812","8,000","370,416","5,000","231,510","2,000","92,604","1,000","46,302","1,000","46,302"
764,Catiri - Terminal Deodoro,Santa Cruz,Ida,13.502,"0,000","0,000","0,000","0,000","0,000","0,000","0,000","0,000","4,000","54,008","6,000","81,012","12,000","162,024","8,000","108,016","8,000","108,016","11,000","148,522","8,000","108,016","1,000","13,502","2,000","27,004","0,000","0,000","0,000","0,000","0,000","0,000","0,000","0,000","0,000","0,000","2,000","27,004","2,000","27,004","5,000","67,510","3,000","40,506","3,000","40,506","3,000","40,506","3,000","40,506","1,000","13,502","0,000","0,000","0,000","0,000","0,000","0,000","0,000","0,000","0,000","0,000","0,000","0,000","1,000","13,502","2,000","27,004","3,000","40,506","3,000","40,506","3,000","40,506","3,000","40,506","3,000","40,506","1,000","13,502","0,000","0,000","0,000","0,000","0,000","0,000","0,000","0,000","0,000","0,000","0,000","0,000","2,000","27,004","4,000","54,008","7,000","94,514","5,000","67,510","5,000","67,510","7,000","94,514","5,000","67,510","1,000","13,502","1,000","13,502","0,000","0,000"
764,Catiri - Terminal Deodoro,Santa Cruz,Volta,14.107,"0,000","0,000","0,000","0,000","0,000","0,000","0,000","0,000","1,000","14,107","5,000","70,535","14,000","197,498","9,000","126,963","7,000","98,749","10,000","141,070","10,000","141,070","1,000","14,107","2,000","28,214","1,000","14,107","0,000","0,000","0,000","0,000","0,000","0,000","0,000","0,000","1,000","14,107","1,000","14,107","3,000","42,321","3,000","42,321","3,000","42,321","3,000","42,321","3,000","42,321","1,000","14,107","0,000","0,000","0,000","0,000","0,000","0,000","0,000","0,000","0,000","0,000","0,000","0,000","1,000","14,107","1,000","14,107","3,000","42,321","3,000","42,321","3,000","42,321","3,000","42,321","4,000","56,428","1,000","14,107","1,000","14,107","0,000","0,000","0,000","0,000","0,000","0,000","0,000","0,000","0,000","0,000","1,000","14,107","3,000","42,321","9,000","126,963","6,000","84,642","4,000","56,428","6,000","84,642","6,000","84,642","1,000","14,107","1,000","14,107","1,000","14,107"
765,Mendanha - Terminal Deodoro,Santa Cruz,Ida,22.566,"0,000","0,000","0,000","0,000","0,000","0,000","0,000","0,000","2,000","45,132","3,000","67,698","5,000","112,830","3,000","67,698","4,000","90,264","3,000","67,698","3,000","67,698","1,000","22,566","1,000","22,566","0,000","0,000","0,000","0,000","0,000","0,000","0,000","0,000","0,000","0,000","1,000","22,566","1,000","22,566","3,000","67,698","3,000","67,698","3,000","67,698","3,000","67,698","3,000","67,698","1,000","22,566","0,000","0,000","0,000","0,000","0,000","0,000","0,000","0,000","0,000","0,000","0,000","0,000","0,000","0,000","1,000","22,566","3,000","67,698","3,000","67,698","3,000","67,698","3,000","67,698","3,000","67,698","1,000","22,566","1,000","22,566","0,000","0,000","0,000","0,000","0,000","0,000","0,000","0,000","0,000","0,000","1,000","22,566","2,000","45,132","3,000","67,698","2,000","45,132","2,000","45,132","2,000","45,132","2,000","45,132","1,000","22,566","1,000","22,566","0,000","0,000"
765,Mendanha - Terminal Deodoro,Santa Cruz,Volta,23.025,"0,000","0,000","0,000","0,000","0,000","0,000","1,000","23,025","1,000","23,025","1,000","23,025","3,000","69,075","3,000","69,075","3,000","69,075","4,000","92,100","5,000","115,125","1,000","23,025","1,000","23,025","1,000","23,025","0,000","0,000","0,000","0,000","0,000","0,000","1,000","23,025","1,000","23,025","1,000","23,025","3,000","69,075","3,000","69,075","3,000","69,075","3,000","69,075","3,000","69,075","1,000","23,025","1,000","23,025","0,000","0,000","0,000","0,000","0,000","0,000","0,000","0,000","0,000","0,000","0,000","0,000","1,000","23,025","3,000","69,075","3,000","69,075","3,000","69,075","3,000","69,075","3,000","69,075","1,000","23,025","0,000","0,000","0,000","0,000","0,000","0,000","0,000","0,000","0,000","0,000","1,000","23,025","1,000","23,025","1,000","23,025","2,000","46,050","2,000","46,050","2,000","46,050","2,000","46,050","3,000","69,075","1,000","23,025","1,000","23,025","1,000","23,025"
766,Madureira - Freguesia,Transcarioca,Ida,18.121,"0,000","0,000","0,000","0,000","0,000","0,000","0,000","0,000","2,000","36,242","7,000","126,847","25,000","453,025","20,000","362,420","18,000","326,178","25,000","453,025","13,000","235,573","3,000","54,363","3,000","54,363","2,000","36,242","0,000","0,000","0,000","0,000","0,000","0,000","0,000","0,000","0,000","0,000","3,000","54,363","14,000","253,694","10,000","181,210","9,000","163,089","10,000","181,210","15,000","271,815","4,000","72,484","3,000","54,363","2,000","36,242","0,000","0,000","0,000","0,000","0,000","0,000","0,000","0,000","0,000","0,000","3,000","54,363","11,000","199,331","9,000","163,089","9,000","163,089","10,000","181,210","11,000","199,331","3,000","54,363","1,000","18,121","1,000","18,121","0,000","0,000","0,000","0,000","0,000","0,000","0,000","0,000","1,000","18,121","4,000","72,484","16,000","289,936","12,000","217,452","11,000","199,331","16,000","289,936","8,000","144,968","2,000","36,242","2,000","36,242","1,000","18,121"
766,Madureira - Freguesia,Transcarioca,Volta,17.002,"0,000","0,000","0,000","0,000","0,000","0,000","0,000","0,000","4,000","68,008","6,000","102,012","23,000","391,046","18,000","306,036","22,000","374,044","19,000","323,038","10,000","170,020","3,000","51,006","1,000","17,002","0,000","0,000","0,000","0,000","0,000","0,000","0,000","0,000","0,000","0,000","1,000","17,002","5,000","85,010","14,000","238,028","9,000","153,018","9,000","153,018","14,000","238,028","11,000","187,022","3,000","51,006","1,000","17,002","0,000","0,000","0,000","0,000","0,000","0,000","0,000","0,000","0,000","0,000","1,000","17,002","4,000","68,008","11,000","187,022","9,000","153,018","9,000","153,018","12,000","204,024","8,000","136,016","2,000","34,004","0,000","0,000","0,000","0,000","0,000","0,000","0,000","0,000","0,000","0,000","0,000","0,000","2,000","34,004","4,000","68,008","14,000","238,028","11,000","187,022","14,000","238,028","12,000","204,024","6,000","102,012","2,000","34,004","1,000","17,002","0,000","0,000"
770,Campo Grande - Metrô Coelho Neto,Santa Cruz,Ida,29.898,"1,000","29,898","0,000","0,000","0,000","0,000","1,000","29,898","3,000","89,694","4,000","119,592","13,000","388,674","8,000","239,184","7,000","209,286","9,000","269,082","6,000","179,388","2,000","59,796","1,000","29,898","1,000","29,898","0,000","0,000","0,000","0,000","0,000","0,000","1,000","29,898","2,000","59,796","3,000","89,694","7,000","209,286","7,000","209,286","5,000","149,490","6,000","179,388","3,000","89,694","1,000","29,898","1,000","29,898","1,000","29,898","0,000","0,000","0,000","0,000","0,000","0,000","1,000","29,898","1,000","29,898","1,000","29,898","4,000","119,592","4,000","119,592","3,000","89,694","5,000","149,490","4,000","119,592","1,000","29,898","1,000","29,898","1,000","29,898","1,000","29,898","0,000","0,000","0,000","0,000","1,000","29,898","2,000","59,796","2,000","59,796","8,000","239,184","5,000","149,490","4,000","119,592","6,000","179,388","4,000","119,592","1,000","29,898","1,000","29,898","1,000","29,898"
770,Campo Grande - Metrô Coelho Neto,Santa Cruz,Volta,29.043,"1,000","29,043","0,000","0,000","0,000","0,000","1,000","29,043","1,000","29,043","2,000","58,086","10,000","290,430","6,000","174,258","9,000","261,387","11,000","319,473","9,000","261,387","2,000","58,086","2,000","58,086","1,000","29,043","1,000","29,043","0,000","0,000","0,000","0,000","1,000","29,043","1,000","29,043","2,000","58,086","7,000","203,301","6,000","174,258","6,000","174,258","6,000","174,258","5,000","145,215","1,000","29,043","2,000","58,086","1,000","29,043","1,000","29,043","0,000","0,000","0,000","0,000","1,000","29,043","1,000","29,043","1,000","29,043","3,000","87,129","3,000","87,129","3,000","87,129","5,000","145,215","5,000","145,215","1,000","29,043","1,000","29,043","0,000","0,000","1,000","29,043","0,000","0,000","0,000","0,000","1,000","29,043","1,000","29,043","1,000","29,043","6,000","174,258","4,000","116,172","6,000","174,258","7,000","203,301","6,000","174,258","1,000","29,043","1,000","29,043","1,000","29,043"
771,Campo Grande - Metrô Coelho Neto,Santa Cruz,Ida,29.572,"0,000","0,000","0,000","0,000","0,000","0,000","1,000","29,572","3,000","88,716","6,000","177,432","11,000","325,292","8,000","236,576","7,000","207,004","11,000","325,292","6,000","177,432","1,000","29,572","1,000","29,572","1,000","29,572","0,000","0,000","0,000","0,000","0,000","0,000","1,000","29,572","1,000","29,572","2,000","59,144","7,000","207,004","7,000","207,004","6,000","177,432","8,000","236,576","3,000","88,716","1,000","29,572","1,000","29,572","0,000","0,000","0,000","0,000","0,000","0,000","0,000","0,000","1,000","29,572","1,000","29,572","1,000","29,572","5,000","147,860","6,000","177,432","5,000","147,860","3,000","88,716","4,000","118,288","1,000","29,572","1,000","29,572","1,000","29,572","0,000","0,000","0,000","0,000","0,000","0,000","1,000","29,572","2,000","59,144","4,000","118,288","7,000","207,004","5,000","147,860","4,000","118,288","7,000","207,004","4,000","118,288","1,000","29,572","1,000","29,572","1,000","29,572"
771,Campo Grande - Metrô Coelho Neto,Santa Cruz,Volta,28.802,"1,000","28,802","0,000","0,000","0,000","0,000","1,000","28,802","1,000","28,802","3,000","86,406","12,000","345,624","6,000","172,812","8,000","230,416","11,000","316,822","9,000","259,218","2,000","57,604","2,000","57,604","1,000","28,802","1,000","28,802","0,000","0,000","0,000","0,000","1,000","28,802","1,000","28,802","1,000","28,802","7,000","201,614","7,000","201,614","7,000","201,614","7,000","201,614","5,000","144,010","1,000","28,802","2,000","57,604","1,000","28,802","0,000","0,000","0,000","0,000","0,000","0,000","0,000","0,000","1,000","28,802","1,000","28,802","4,000","115,208","6,000","172,812","4,000","115,208","4,000","115,208","3,000","86,406","1,000","28,802","1,000","28,802","1,000","28,802","1,000","28,802","0,000","0,000","0,000","0,000","1,000","28,802","1,000","28,802","2,000","57,604","7,000","201,614","4,000","115,208","5,000","144,010","7,000","201,614","6,000","172,812","1,000","28,802","1,000","28,802","1,000","28,802"
774,Madureira - Jardim América,Transcarioca,Ida,17.464,"1,000","17,464","0,000","0,000","0,000","0,000","0,000","0,000","1,000","17,464","3,000","52,392","18,000","314,352","14,000","244,496","16,000","279,424","19,000","331,816","15,000","261,960","3,000","52,392","2,000","34,928","1,000","17,464","1,000","17,464","0,000","0,000","0,000","0,000","0,000","0,000","1,000","17,464","1,000","17,464","10,000","174,640","12,000","209,568","14,000","244,496","13,000","227,032","10,000","174,640","2,000","34,928","2,000","34,928","1,000","17,464","1,000","17,464","0,000","0,000","0,000","0,000","0,000","0,000","1,000","17,464","1,000","17,464","6,000","104,784","8,000","139,712","6,000","104,784","6,000","104,784","6,000","104,784","2,000","34,928","1,000","17,464","1,000","17,464","1,000","17,464","0,000","0,000","0,000","0,000","0,000","0,000","1,000","17,464","2,000","34,928","11,000","192,104","9,000","157,176","10,000","174,640","12,000","209,568","9,000","157,176","2,000","34,928","1,000","17,464","1,000","17,464"
774,Madureira - Jardim América,Transcarioca,Volta,16.040,"1,000","16,040","0,000","0,000","0,000","0,000","0,000","0,000","2,000","32,080","5,000","80,200","22,000","352,880","15,000","240,600","16,000","256,640","16,000","256,640","12,000","192,480","2,000","32,080","1,000","16,040","1,000","16,040","1,000","16,040","0,000","0,000","0,000","0,000","0,000","0,000","1,000","16,040","2,000","32,080","13,000","208,520","15,000","240,600","13,000","208,520","11,000","176,440","8,000","128,320","1,000","16,040","1,000","16,040","1,000","16,040","1,000","16,040","0,000","0,000","0,000","0,000","0,000","0,000","1,000","16,040","1,000","16,040","8,000","128,320","9,000","144,360","6,000","96,240","6,000","96,240","6,000","96,240","1,000","16,040","1,000","16,040","1,000","16,040","1,000","16,040","0,000","0,000","0,000","0,000","0,000","0,000","1,000","16,040","3,000","48,120","14,000","224,560","9,000","144,360","10,000","160,400","10,000","160,400","7,000","112,280","1,000","16,040","1,000","16,040","1,000","16,040"
775,Jardim América - Madureira,Transcarioca,Ida,17.961,"0,000","0,000","0,000","0,000","0,000","0,000","0,000","0,000","1,000","17,961","3,000","53,883","15,000","269,415","10,000","179,610","10,000","179,610","11,000","197,571","6,000","107,766","1,000","17,961","1,000","17,961","1,000","17,961","0,000","0,000","0,000","0,000","0,000","0,000","0,000","0,000","0,000","0,000","1,000","17,961","7,000","125,727","7,000","125,727","7,000","125,727","6,000","107,766","4,000","71,844","1,000","17,961","1,000","17,961","1,000","17,961","0,000","0,000","0,000","0,000","0,000","0,000","0,000","0,000","0,000","0,000","1,000","17,961","3,000","53,883","6,000","107,766","3,000","53,883","4,000","71,844","3,000","53,883","1,000","17,961","1,000","17,961","0,000","0,000","0,000","0,000","0,000","0,000","0,000","0,000","0,000","0,000","1,000","17,961","2,000","35,922","9,000","161,649","6,000","107,766","6,000","107,766","7,000","125,727","4,000","71,844","1,000","17,961","1,000","17,961","1,000","17,961"
775,Jardim América - Madureira,Transcarioca,Volta,16.805,"0,000","0,000","0,000","0,000","0,000","0,000","0,000","0,000","0,000","0,000","2,000","33,610","12,000","201,660","7,000","117,635","8,000","134,440","13,000","218,465","9,000","151,245","2,000","33,610","1,000","16,805","1,000","16,805","0,000","0,000","0,000","0,000","0,000","0,000","0,000","0,000","0,000","0,000","1,000","16,805","4,000","67,220","6,000","100,830","6,000","100,830","6,000","100,830","5,000","84,025","1,000","16,805","1,000","16,805","1,000","16,805","0,000","0,000","0,000","0,000","0,000","0,000","0,000","0,000","0,000","0,000","0,000","0,000","4,000","67,220","3,000","50,415","4,000","67,220","3,000","50,415","4,000","67,220","1,000","16,805","1,000","16,805","0,000","0,000","0,000","0,000","0,000","0,000","0,000","0,000","0,000","0,000","0,000","0,000","1,000","16,805","7,000","117,635","4,000","67,220","5,000","84,025","8,000","134,440","6,000","100,830","1,000","16,805","1,000","16,805","1,000","16,805"
778,Pavuna - Cascadura,Internorte,Ida,12.667,"0,000","0,000","0,000","0,000","0,000","0,000","0,000","0,000","2,000","25,334","3,000","38,001","9,000","114,003","7,000","88,669","7,000","88,669","6,000","76,002","4,000","50,668","1,000","12,667","1,000","12,667","0,000","0,000","0,000","0,000","0,000","0,000","0,000","0,000","0,000","0,000","0,000","0,000","1,000","12,667","6,000","76,002","8,000","101,336","7,000","88,669","5,000","63,335","2,000","25,334","0,000","0,000","0,000","0,000","0,000","0,000","0,000","0,000","0,000","0,000","0,000","0,000","0,000","0,000","0,000","0,000","1,000","12,667","3,000","38,001","3,000","38,001","3,000","38,001","3,000","38,001","0,000","0,000","0,000","0,000","0,000","0,000","0,000","0,000","0,000","0,000","0,000","0,000","0,000","0,000","0,000","0,000","1,000","12,667","2,000","25,334","6,000","76,002","4,000","50,668","4,000","50,668","4,000","50,668","2,000","25,334","1,000","12,667","1,000","12,667","0,000","0,000"
778,Pavuna - Cascadura,Internorte,Volta,14.005,"0,000","0,000","0,000","0,000","0,000","0,000","0,000","0,000","1,000","14,005","1,000","14,005","7,000","98,035","6,000","84,030","7,000","98,035","9,000","126,045","6,000","84,030","1,000","14,005","1,000","14,005","0,000","0,000","0,000","0,000","0,000","0,000","0,000","0,000","0,000","0,000","0,000","0,000","1,000","14,005","4,000","56,020","7,000","98,035","6,000","84,030","6,000","84,030","4,000","56,020","0,000","0,000","0,000","0,000","0,000","0,000","0,000","0,000","0,000","0,000","0,000","0,000","0,000","0,000","0,000","0,000","1,000","14,005","3,000","42,015","3,000","42,015","3,000","42,015","3,000","42,015","1,000","14,005","0,000","0,000","0,000","0,000","0,000","0,000","0,000","0,000","0,000","0,000","0,000","0,000","0,000","0,000","1,000","14,005","1,000","14,005","4,000","56,020","4,000","56,020","4,000","56,020","6,000","84,030","4,000","56,020","1,000","14,005","1,000","14,005","0,000","0,000"
779,Metrô Pavuna - Terminal Madureira,Internorte,Ida,18.611,"0,000","0,000","0,000","0,000","0,000","0,000","0,000","0,000","3,000","55,833","5,000","93,055","17,000","316,387","13,000","241,943","13,000","241,943","15,000","279,165","10,000","186,110","1,000","18,611","0,000","0,000","0,000","0,000","0,000","0,000","0,000","0,000","0,000","0,000","0,000","0,000","2,000","37,222","2,000","37,222","11,000","204,721","10,000","186,110","8,000","148,888","7,000","130,277","8,000","148,888","1,000","18,611","0,000","0,000","0,000","0,000","0,000","0,000","0,000","0,000","0,000","0,000","0,000","0,000","2,000","37,222","2,000","37,222","6,000","111,666","6,000","111,666","6,000","111,666","9,000","167,499","6,000","111,666","1,000","18,611","0,000","0,000","0,000","0,000","0,000","0,000","0,000","0,000","0,000","0,000","0,000","0,000","2,000","37,222","3,000","55,833","11,000","204,721","8,000","148,888","8,000","148,888","9,000","167,499","6,000","111,666","1,000","18,611","0,000","0,000","0,000","0,000"
779,Metrô Pavuna - Terminal Madureira,Internorte,Volta,15.567,"0,000","0,000","0,000","0,000","0,000","0,000","0,000","0,000","0,000","0,000","2,000","31,134","14,000","217,938","11,000","171,237","14,000","217,938","18,000","280,206","12,000","186,804","2,000","31,134","2,000","31,134","0,000","0,000","0,000","0,000","0,000","0,000","0,000","0,000","0,000","0,000","0,000","0,000","1,000","15,567","9,000","140,103","10,000","155,670","10,000","155,670","8,000","124,536","9,000","140,103","1,000","15,567","2,000","31,134","0,000","0,000","0,000","0,000","0,000","0,000","0,000","0,000","0,000","0,000","0,000","0,000","2,000","31,134","6,000","93,402","6,000","93,402","6,000","93,402","8,000","124,536","8,000","124,536","1,000","15,567","1,000","15,567","0,000","0,000","0,000","0,000","0,000","0,000","0,000","0,000","0,000","0,000","0,000","0,000","1,000","15,567","9,000","140,103","7,000","108,969","9,000","140,103","11,000","171,237","7,000","108,969","1,000","15,567","1,000","15,567","0,000","0,000"
780,Metrô Pavuna - Terminal Madureira,Internorte,Ida,21.954,"1,000","21,954","0,000","0,000","0,000","0,000","1,000","21,954","3,000","65,862","3,000","65,862","9,000","197,586","6,000","131,724","6,000","131,724","9,000","197,586","8,000","175,632","2,000","43,908","1,000","21,954","1,000","21,954","1,000","21,954","0,000","0,000","0,000","0,000","1,000","21,954","2,000","43,908","2,000","43,908","6,000","131,724","6,000","131,724","6,000","131,724","6,000","131,724","5,000","109,770","1,000","21,954","1,000","21,954","1,000","21,954","0,000","0,000","0,000","0,000","0,000","0,000","0,000","0,000","1,000","21,954","1,000","21,954","3,000","65,862","3,000","65,862","3,000","65,862","3,000","65,862","3,000","65,862","1,000","21,954","1,000","21,954","0,000","0,000","1,000","21,954","0,000","0,000","0,000","0,000","1,000","21,954","2,000","43,908","2,000","43,908","6,000","131,724","4,000","87,816","4,000","87,816","6,000","131,724","5,000","109,770","1,000","21,954","1,000","21,954","1,000","21,954"
780,Metrô Pavuna - Terminal Madureira,Internorte,Volta,18.861,"1,000","18,861","1,000","18,861","0,000","0,000","0,000","0,000","1,000","18,861","3,000","56,583","9,000","169,749","7,000","132,027","6,000","113,166","8,000","150,888","9,000","169,749","2,000","37,722","2,000","37,722","1,000","18,861","1,000","18,861","1,000","18,861","0,000","0,000","0,000","0,000","1,000","18,861","2,000","37,722","6,000","113,166","6,000","113,166","6,000","113,166","6,000","113,166","5,000","94,305","2,000","37,722","1,000","18,861","1,000","18,861","0,000","0,000","0,000","0,000","0,000","0,000","0,000","0,000","0,000","0,000","1,000","18,861","3,000","56,583","3,000","56,583","3,000","56,583","3,000","56,583","3,000","56,583","1,000","18,861","1,000","18,861","1,000","18,861","1,000","18,861","1,000","18,861","0,000","0,000","0,000","0,000","1,000","18,861","2,000","37,722","6,000","113,166","4,000","75,444","4,000","75,444","5,000","94,305","6,000","113,166","1,000","18,861","1,000","18,861","1,000","18,861"
783,Terminal Deodoro - Praça Seca,Transcarioca,Ida,10.374,"1,000","10,374","0,000","0,000","0,000","0,000","0,000","0,000","1,000","10,374","3,000","31,122","16,000","165,984","9,000","93,366","10,000","103,740","11,000","114,114","9,000","93,366","1,000","10,374","1,000","10,374","1,000","10,374","1,000","10,374","0,000","0,000","0,000","0,000","0,000","0,000","1,000","10,374","1,000","10,374","8,000","82,992","7,000","72,618","6,000","62,244","6,000","62,244","3,000","31,122","1,000","10,374","1,000","10,374","1,000","10,374","1,000","10,374","0,000","0,000","0,000","0,000","0,000","0,000","1,000","10,374","1,000","10,374","4,000","41,496","4,000","41,496","4,000","41,496","3,000","31,122","3,000","31,122","1,000","10,374","1,000","10,374","1,000","10,374","1,000","10,374","0,000","0,000","0,000","0,000","0,000","0,000","1,000","10,374","2,000","20,748","10,000","103,740","6,000","62,244","6,000","62,244","7,000","72,618","6,000","62,244","1,000","10,374","1,000","10,374","1,000","10,374"
783,Terminal Deodoro - Praça Seca,Transcarioca,Volta,11.902,"1,000","11,902","0,000","0,000","0,000","0,000","0,000","0,000","1,000","11,902","2,000","23,804","14,000","166,628","9,000","107,118","9,000","107,118","14,000","166,628","11,000","130,922","2,000","23,804","1,000","11,902","1,000","11,902","1,000","11,902","0,000","0,000","0,000","0,000","0,000","0,000","1,000","11,902","1,000","11,902","7,000","83,314","6,000","71,412","6,000","71,412","6,000","71,412","5,000","59,510","1,000","11,902","1,000","11,902","1,000","11,902","1,000","11,902","0,000","0,000","0,000","0,000","0,000","0,000","1,000","11,902","1,000","11,902","4,000","47,608","6,000","71,412","4,000","47,608","3,000","35,706","3,000","35,706","1,000","11,902","1,000","11,902","1,000","11,902","1,000","11,902","0,000","0,000","0,000","0,000","0,000","0,000","1,000","11,902","1,000","11,902","9,000","107,118","6,000","71,412","6,000","71,412","9,000","107,118","7,000","83,314","1,000","11,902","1,000","11,902","1,000","11,902"
785,Cascadura - Marechal Hermes,Transcarioca,Ida,23.989,"0,000","0,000","0,000","0,000","0,000","0,000","0,000","0,000","0,000","0,000","0,000","0,000","3,000","71,967","3,000","71,967","3,000","71,967","3,000","71,967","3,000","71,967","1,000","23,989","1,000","23,989","0,000","0,000","0,000","0,000","0,000","0,000","0,000","0,000","0,000","0,000","0,000","0,000","0,000","0,000","2,000","47,978","3,000","71,967","3,000","71,967","3,000","71,967","3,000","71,967","0,000","0,000","0,000","0,000","0,000","0,000","0,000","0,000","0,000","0,000","0,000","0,000","0,000","0,000","0,000","0,000","0,000","0,000","2,000","47,978","3,000","71,967","3,000","71,967","3,000","71,967","2,000","47,978","0,000","0,000","0,000","0,000","0,000","0,000","0,000","0,000","0,000","0,000","0,000","0,000","0,000","0,000","0,000","0,000","0,000","0,000","2,000","47,978","2,000","47,978","2,000","47,978","2,000","47,978","2,000","47,978","1,000","23,989","1,000","23,989","0,000","0,000"
785,Cascadura - Marechal Hermes,Transcarioca,Volta,21.271,"0,000","0,000","0,000","0,000","0,000","0,000","0,000","0,000","0,000","0,000","0,000","0,000","2,000","42,542","3,000","63,813","3,000","63,813","3,000","63,813","3,000","63,813","1,000","21,271","1,000","21,271","0,000","0,000","0,000","0,000","0,000","0,000","0,000","0,000","0,000","0,000","0,000","0,000","0,000","0,000","2,000","42,542","3,000","63,813","3,000","63,813","3,000","63,813","3,000","63,813","0,000","0,000","0,000","0,000","0,000","0,000","0,000","0,000","0,000","0,000","0,000","0,000","0,000","0,000","0,000","0,000","0,000","0,000","3,000","63,813","3,000","63,813","3,000","63,813","3,000","63,813","3,000","63,813","0,000","0,000","0,000","0,000","0,000","0,000","0,000","0,000","0,000","0,000","0,000","0,000","0,000","0,000","0,000","0,000","0,000","0,000","1,000","21,271","2,000","42,542","2,000","42,542","2,000","42,542","2,000","42,542","1,000","21,271","1,000","21,271","0,000","0,000"
786,Terminal Campo Grande - Cascadura,Santa Cruz,Ida,28.500,"0,000","0,000","0,000","0,000","0,000","0,000","0,000","0,000","1,000","28,500","3,000","85,500","10,000","285,000","6,000","171,000","6,000","171,000","9,000","256,500","3,000","85,500","1,000","28,500","1,000","28,500","1,000","28,500","0,000","0,000","0,000","0,000","0,000","0,000","0,000","0,000","1,000","28,500","2,000","57,000","7,000","199,500","7,000","199,500","6,000","171,000","4,000","114,000","3,000","85,500","1,000","28,500","1,000","28,500","1,000","28,500","0,000","0,000","0,000","0,000","0,000","0,000","0,000","0,000","1,000","28,500","1,000","28,500","3,000","85,500","3,000","85,500","4,000","114,000","3,000","85,500","3,000","85,500","1,000","28,500","1,000","28,500","1,000","28,500","0,000","0,000","0,000","0,000","0,000","0,000","0,000","0,000","1,000","28,500","2,000","57,000","6,000","171,000","4,000","114,000","4,000","114,000","6,000","171,000","2,000","57,000","1,000","28,500","1,000","28,500","1,000","28,500"
786,Terminal Campo Grande - Cascadura,Santa Cruz,Volta,28.980,"1,000","28,980","0,000","0,000","0,000","0,000","0,000","0,000","1,000","28,980","1,000","28,980","8,000","231,840","6,000","173,880","7,000","202,860","11,000","318,780","6,000","173,880","1,000","28,980","1,000","28,980","1,000","28,980","1,000","28,980","0,000","0,000","0,000","0,000","0,000","0,000","1,000","28,980","1,000","28,980","6,000","173,880","5,000","144,900","6,000","173,880","7,000","202,860","4,000","115,920","2,000","57,960","1,000","28,980","0,000","0,000","1,000","28,980","0,000","0,000","0,000","0,000","0,000","0,000","1,000","28,980","1,000","28,980","3,000","86,940","3,000","86,940","4,000","115,920","3,000","86,940","4,000","115,920","1,000","28,980","1,000","28,980","0,000","0,000","1,000","28,980","0,000","0,000","0,000","0,000","0,000","0,000","1,000","28,980","1,000","28,980","5,000","144,900","4,000","115,920","4,000","115,920","7,000","202,860","4,000","115,920","1,000","28,980","1,000","28,980","1,000","28,980"
788,Terminal Campo Grande - Terminal Deodoro,Santa Cruz,Ida,24.349,"0,000","0,000","0,000","0,000","0,000","0,000","0,000","0,000","1,000","24,349","2,000","48,698","4,000","97,396","3,000","73,047","4,000","97,396","3,000","73,047","3,000","73,047","1,000","24,349","1,000","24,349","1,000","24,349","0,000","0,000","0,000","0,000","0,000","0,000","0,000","0,000","1,000","24,349","1,000","24,349","3,000","73,047","3,000","73,047","3,000","73,047","3,000","73,047","3,000","73,047","1,000","24,349","1,000","24,349","0,000","0,000","0,000","0,000","0,000","0,000","0,000","0,000","0,000","0,000","0,000","0,000","1,000","24,349","3,000","73,047","3,000","73,047","3,000","73,047","3,000","73,047","3,000","73,047","1,000","24,349","0,000","0,000","0,000","0,000","0,000","0,000","0,000","0,000","0,000","0,000","0,000","0,000","1,000","24,349","1,000","24,349","2,000","48,698","2,000","48,698","2,000","48,698","2,000","48,698","2,000","48,698","1,000","24,349","1,000","24,349","1,000","24,349"
788,Terminal Campo Grande - Terminal Deodoro,Santa Cruz,Volta,23.039,"0,000","0,000","0,000","0,000","0,000","0,000","0,000","0,000","0,000","0,000","1,000","23,039","3,000","69,117","3,000","69,117","3,000","69,117","5,000","115,195","5,000","115,195","1,000","23,039","1,000","23,039","1,000","23,039","1,000","23,039","0,000","0,000","0,000","0,000","0,000","0,000","1,000","23,039","1,000","23,039","3,000","69,117","3,000","69,117","3,000","69,117","3,000","69,117","3,000","69,117","1,000","23,039","1,000","23,039","1,000","23,039","0,000","0,000","0,000","0,000","0,000","0,000","0,000","0,000","0,000","0,000","0,000","0,000","3,000","69,117","3,000","69,117","3,000","69,117","3,000","69,117","3,000","69,117","1,000","23,039","1,000","23,039","0,000","0,000","0,000","0,000","0,000","0,000","0,000","0,000","0,000","0,000","0,000","0,000","1,000","23,039","2,000","46,078","2,000","46,078","2,000","46,078","3,000","69,117","3,000","69,117","1,000","23,039","1,000","23,039","1,000","23,039"
790,Campo Grande - Cascadura,Santa Cruz,Ida,32.266,"0,000","0,000","0,000","0,000","0,000","0,000","2,000","64,532","3,000","96,798","4,000","129,064","14,000","451,724","9,000","290,394","10,000","322,660","12,000","387,192","7,000","225,862","2,000","64,532","0,000","0,000","0,000","0,000","0,000","0,000","0,000","0,000","0,000","0,000","1,000","32,266","2,000","64,532","2,000","64,532","9,000","290,394","9,000","290,394","7,000","225,862","7,000","225,862","7,000","225,862","2,000","64,532","0,000","0,000","0,000","0,000","0,000","0,000","0,000","0,000","0,000","0,000","1,000","32,266","1,000","32,266","2,000","64,532","6,000","193,596","6,000","193,596","6,000","193,596","6,000","193,596","6,000","193,596","1,000","32,266","0,000","0,000","0,000","0,000","0,000","0,000","0,000","0,000","0,000","0,000","1,000","32,266","2,000","64,532","2,000","64,532","9,000","290,394","6,000","193,596","6,000","193,596","7,000","225,862","4,000","129,064","1,000","32,266","0,000","0,000","0,000","0,000"
790,Campo Grande - Cascadura,Santa Cruz,Volta,35.252,"0,000","0,000","0,000","0,000","0,000","0,000","0,000","0,000","0,000","0,000","3,000","105,756","12,000","423,024","8,000","282,016","9,000","317,268","12,000","423,024","7,000","246,764","2,000","70,504","1,000","35,252","0,000","0,000","0,000","0,000","0,000","0,000","0,000","0,000","0,000","0,000","0,000","0,000","2,000","70,504","7,000","246,764","7,000","246,764","9,000","317,268","9,000","317,268","6,000","211,512","2,000","70,504","1,000","35,252","0,000","0,000","0,000","0,000","0,000","0,000","0,000","0,000","0,000","0,000","0,000","0,000","1,000","35,252","6,000","211,512","6,000","211,512","6,000","211,512","6,000","211,512","6,000","211,512","1,000","35,252","1,000","35,252","0,000","0,000","0,000","0,000","0,000","0,000","0,000","0,000","0,000","0,000","0,000","0,000","2,000","70,504","7,000","246,764","5,000","176,260","6,000","211,512","7,000","246,764","4,000","141,008","1,000","35,252","1,000","35,252","0,000","0,000"
791,Padre Miguel - Terminal Deodoro,Santa Cruz,Ida,14.968,"0,000","0,000","0,000","0,000","0,000","0,000","0,000","0,000","1,000","14,968","2,000","29,936","6,000","89,808","6,000","89,808","6,000","89,808","6,000","89,808","5,000","74,840","0,000","0,000","0,000","0,000","0,000","0,000","0,000","0,000","0,000","0,000","0,000","0,000","0,000","0,000","0,000","0,000","2,000","29,936","4,000","59,872","3,000","44,904","2,000","29,936","4,000","59,872","3,000","44,904","1,000","14,968","0,000","0,000","0,000","0,000","0,000","0,000","0,000","0,000","0,000","0,000","0,000","0,000","0,000","0,000","2,000","29,936","4,000","59,872","3,000","44,904","2,000","29,936","4,000","59,872","3,000","44,904","1,000","14,968","0,000","0,000","0,000","0,000","0,000","0,000","0,000","0,000","0,000","0,000","0,000","0,000","1,000","14,968","1,000","14,968","4,000","59,872","4,000","59,872","4,000","59,872","4,000","59,872","3,000","44,904","0,000","0,000","0,000","0,000","0,000","0,000"
791,Padre Miguel - Terminal Deodoro,Santa Cruz,Volta,15.995,"0,000","0,000","0,000","0,000","0,000","0,000","0,000","0,000","1,000","15,995","2,000","31,990","6,000","95,970","6,000","95,970","6,000","95,970","6,000","95,970","5,000","79,975","1,000","15,995","1,000","15,995","0,000","0,000","0,000","0,000","0,000","0,000","0,000","0,000","0,000","0,000","1,000","15,995","2,000","31,990","4,000","63,980","3,000","47,985","2,000","31,990","4,000","63,980","3,000","47,985","0,000","0,000","1,000","15,995","0,000","0,000","0,000","0,000","0,000","0,000","0,000","0,000","0,000","0,000","1,000","15,995","2,000","31,990","4,000","63,980","3,000","47,985","2,000","31,990","4,000","63,980","3,000","47,985","0,000","0,000","1,000","15,995","0,000","0,000","0,000","0,000","0,000","0,000","0,000","0,000","0,000","0,000","1,000","15,995","1,000","15,995","4,000","63,980","4,000","63,980","4,000","63,980","4,000","63,980","3,000","47,985","1,000","15,995","1,000","15,995","0,000","0,000"
793,Pavuna - Terminal Sulacap,Internorte,Ida,16.398,"0,000","0,000","0,000","0,000","0,000","0,000","0,000","0,000","3,000","49,194","7,000","114,786","15,000","245,970","9,000","147,582","7,000","114,786","11,000","180,378","9,000","147,582","1,000","16,398","1,000","16,398","1,000","16,398","0,000","0,000","0,000","0,000","0,000","0,000","0,000","0,000","1,000","16,398","2,000","32,796","9,000","147,582","7,000","114,786","6,000","98,388","6,000","98,388","4,000","65,592","1,000","16,398","1,000","16,398","1,000","16,398","0,000","0,000","0,000","0,000","0,000","0,000","0,000","0,000","1,000","16,398","1,000","16,398","6,000","98,388","6,000","98,388","6,000","98,388","6,000","98,388","6,000","98,388","2,000","32,796","1,000","16,398","1,000","16,398","0,000","0,000","0,000","0,000","0,000","0,000","0,000","0,000","2,000","32,796","4,000","65,592","9,000","147,582","6,000","98,388","4,000","65,592","7,000","114,786","6,000","98,388","1,000","16,398","1,000","16,398","1,000","16,398"
793,Pavuna - Terminal Sulacap,Internorte,Volta,15.972,"1,000","15,972","0,000","0,000","0,000","0,000","0,000","0,000","1,000","15,972","3,000","47,916","13,000","207,636","9,000","143,748","10,000","159,720","13,000","207,636","11,000","175,692","2,000","31,944","2,000","31,944","1,000","15,972","1,000","15,972","0,000","0,000","0,000","0,000","0,000","0,000","1,000","15,972","2,000","31,944","8,000","127,776","7,000","111,804","7,000","111,804","6,000","95,832","6,000","95,832","2,000","31,944","1,000","15,972","1,000","15,972","1,000","15,972","0,000","0,000","0,000","0,000","0,000","0,000","0,000","0,000","1,000","15,972","6,000","95,832","6,000","95,832","6,000","95,832","6,000","95,832","6,000","95,832","2,000","31,944","1,000","15,972","1,000","15,972","1,000","15,972","0,000","0,000","0,000","0,000","0,000","0,000","1,000","15,972","2,000","31,944","8,000","127,776","6,000","95,832","6,000","95,832","8,000","127,776","7,000","111,804","1,000","15,972","1,000","15,972","1,000","15,972"
794,Bangu - Cascadura,Santa Cruz,Ida,21.372,"0,000","0,000","0,000","0,000","0,000","0,000","0,000","0,000","4,000","85,488","5,000","106,860","19,000","406,068","11,000","235,092","11,000","235,092","14,000","299,208","10,000","213,720","2,000","42,744","0,000","0,000","0,000","0,000","0,000","0,000","0,000","0,000","0,000","0,000","0,000","0,000","2,000","42,744","2,000","42,744","11,000","235,092","10,000","213,720","8,000","170,976","9,000","192,348","6,000","128,232","1,000","21,372","0,000","0,000","0,000","0,000","0,000","0,000","0,000","0,000","0,000","0,000","0,000","0,000","1,000","21,372","2,000","42,744","6,000","128,232","7,000","149,604","6,000","128,232","6,000","128,232","5,000","106,860","2,000","42,744","0,000","0,000","0,000","0,000","0,000","0,000","0,000","0,000","0,000","0,000","0,000","0,000","2,000","42,744","3,000","64,116","12,000","256,464","7,000","149,604","7,000","149,604","9,000","192,348","6,000","128,232","1,000","21,372","0,000","0,000","0,000","0,000"
794,Bangu - Cascadura,Santa Cruz,Volta,23.374,"0,000","0,000","0,000","0,000","0,000","0,000","0,000","0,000","0,000","0,000","4,000","93,496","15,000","350,610","15,000","350,610","10,000","233,740","14,000","327,236","12,000","280,488","3,000","70,122","3,000","70,122","0,000","0,000","0,000","0,000","0,000","0,000","0,000","0,000","0,000","0,000","0,000","0,000","2,000","46,748","9,000","210,366","9,000","210,366","8,000","186,992","12,000","280,488","9,000","210,366","2,000","46,748","2,000","46,748","0,000","0,000","0,000","0,000","0,000","0,000","0,000","0,000","0,000","0,000","0,000","0,000","1,000","23,374","6,000","140,244","6,000","140,244","5,000","116,870","6,000","140,244","6,000","140,244","2,000","46,748","2,000","46,748","0,000","0,000","0,000","0,000","0,000","0,000","0,000","0,000","0,000","0,000","0,000","0,000","2,000","46,748","9,000","210,366","9,000","210,366","6,000","140,244","9,000","210,366","7,000","163,618","2,000","46,748","2,000","46,748","0,000","0,000"
796,Cosmos - Terminal Deodoro,Santa Cruz,Ida,35.933,"0,000","0,000","0,000","0,000","1,000","35,933","2,000","71,866","4,000","143,732","4,000","143,732","12,000","431,196","9,000","323,397","9,000","323,397","12,000","431,196","10,000","359,330","2,000","71,866","2,000","71,866","1,000","35,933","0,000","0,000","0,000","0,000","1,000","35,933","2,000","71,866","3,000","107,799","3,000","107,799","9,000","323,397","9,000","323,397","9,000","323,397","9,000","323,397","9,000","323,397","2,000","71,866","2,000","71,866","1,000","35,933","0,000","0,000","0,000","0,000","1,000","35,933","2,000","71,866","3,000","107,799","3,000","107,799","9,000","323,397","9,000","323,397","9,000","323,397","9,000","323,397","9,000","323,397","2,000","71,866","2,000","71,866","1,000","35,933","0,000","0,000","0,000","0,000","1,000","35,933","1,000","35,933","2,000","71,866","2,000","71,866","7,000","251,531","6,000","215,598","6,000","215,598","7,000","251,531","6,000","215,598","1,000","35,933","1,000","35,933","1,000","35,933"
796,Cosmos - Terminal Deodoro,Santa Cruz,Volta,35.813,"1,000","35,813","0,000","0,000","0,000","0,000","1,000","35,813","2,000","71,626","4,000","143,252","12,000","429,756","9,000","322,317","9,000","322,317","12,000","429,756","12,000","429,756","3,000","107,439","2,000","71,626","2,000","71,626","1,000","35,813","0,000","0,000","0,000","0,000","1,000","35,813","2,000","71,626","3,000","107,439","9,000","322,317","9,000","322,317","9,000","322,317","9,000","322,317","9,000","322,317","3,000","107,439","2,000","71,626","2,000","71,626","1,000","35,813","0,000","0,000","0,000","0,000","1,000","35,813","2,000","71,626","3,000","107,439","9,000","322,317","9,000","322,317","9,000","322,317","9,000","322,317","9,000","322,317","3,000","107,439","2,000","71,626","2,000","71,626","1,000","35,813","0,000","0,000","0,000","0,000","1,000","35,813","1,000","35,813","2,000","71,626","7,000","250,691","6,000","214,878","6,000","214,878","7,000","250,691","7,000","250,691","2,000","71,626","1,000","35,813","1,000","35,813"
798,Urucânia - Terminal Deodoro,Santa Cruz,Ida,33.839,"0,000","0,000","0,000","0,000","1,000","33,839","3,000","101,517","4,000","135,356","4,000","135,356","11,000","372,229","6,000","203,034","7,000","236,873","11,000","372,229","8,000","270,712","2,000","67,678","2,000","67,678","0,000","0,000","0,000","0,000","0,000","0,000","1,000","33,839","2,000","67,678","3,000","101,517","2,000","67,678","6,000","203,034","6,000","203,034","7,000","236,873","9,000","304,551","7,000","236,873","2,000","67,678","2,000","67,678","0,000","0,000","0,000","0,000","0,000","0,000","0,000","0,000","1,000","33,839","2,000","67,678","2,000","67,678","6,000","203,034","6,000","203,034","6,000","203,034","6,000","203,034","6,000","203,034","2,000","67,678","2,000","67,678","1,000","33,839","0,000","0,000","0,000","0,000","1,000","33,839","2,000","67,678","2,000","67,678","2,000","67,678","7,000","236,873","4,000","135,356","4,000","135,356","7,000","236,873","5,000","169,195","1,000","33,839","1,000","33,839","0,000","0,000"
798,Urucânia - Terminal Deodoro,Santa Cruz,Volta,34.293,"1,000","34,293","0,000","0,000","0,000","0,000","0,000","0,000","1,000","34,293","2,000","68,586","12,000","411,516","6,000","205,758","6,000","205,758","12,000","411,516","9,000","308,637","2,000","68,586","2,000","68,586","2,000","68,586","1,000","34,293","0,000","0,000","0,000","0,000","0,000","0,000","1,000","34,293","2,000","68,586","6,000","205,758","6,000","205,758","6,000","205,758","7,000","240,051","8,000","274,344","2,000","68,586","2,000","68,586","2,000","68,586","1,000","34,293","0,000","0,000","0,000","0,000","0,000","0,000","0,000","0,000","2,000","68,586","6,000","205,758","6,000","205,758","6,000","205,758","6,000","205,758","6,000","205,758","2,000","68,586","2,000","68,586","2,000","68,586","1,000","34,293","0,000","0,000","0,000","0,000","0,000","0,000","1,000","34,293","1,000","34,293","7,000","240,051","4,000","137,172","4,000","137,172","7,000","240,051","6,000","205,758","1,000","34,293","1,000","34,293","1,000","34,293"
799,Metrô Pavuna - Bangu,Internorte,Ida,26.379,"1,000","26,379","0,000","0,000","0,000","0,000","1,000","26,379","3,000","79,137","3,000","79,137","12,000","316,548","9,000","237,411","9,000","237,411","11,000","290,169","10,000","263,790","2,000","52,758","2,000","52,758","2,000","52,758","1,000","26,379","0,000","0,000","0,000","0,000","0,000","0,000","1,000","26,379","3,000","79,137","9,000","237,411","9,000","237,411","9,000","237,411","9,000","237,411","6,000","158,274","2,000","52,758","1,000","26,379","2,000","52,758","0,000","0,000","0,000","0,000","0,000","0,000","0,000","0,000","0,000","0,000","2,000","52,758","6,000","158,274","6,000","158,274","6,000","158,274","6,000","158,274","5,000","131,895","1,000","26,379","1,000","26,379","2,000","52,758","1,000","26,379","0,000","0,000","0,000","0,000","1,000","26,379","2,000","52,758","2,000","52,758","7,000","184,653","6,000","158,274","6,000","158,274","7,000","184,653","6,000","158,274","1,000","26,379","1,000","26,379","1,000","26,379"
799,Metrô Pavuna - Bangu,Internorte,Volta,31.343,"2,000","62,686","1,000","31,343","0,000","0,000","0,000","0,000","1,000","31,343","3,000","94,029","11,000","344,773","9,000","282,087","9,000","282,087","11,000","344,773","11,000","344,773","3,000","94,029","2,000","62,686","2,000","62,686","1,000","31,343","0,000","0,000","0,000","0,000","0,000","0,000","0,000","0,000","2,000","62,686","9,000","282,087","9,000","282,087","9,000","282,087","9,000","282,087","8,000","250,744","2,000","62,686","1,000","31,343","2,000","62,686","1,000","31,343","0,000","0,000","0,000","0,000","0,000","0,000","0,000","0,000","1,000","31,343","6,000","188,058","6,000","188,058","6,000","188,058","6,000","188,058","5,000","156,715","2,000","62,686","1,000","31,343","1,000","31,343","1,000","31,343","1,000","31,343","0,000","0,000","0,000","0,000","1,000","31,343","2,000","62,686","7,000","219,401","6,000","188,058","6,000","188,058","7,000","219,401","7,000","219,401","2,000","62,686","1,000","31,343","1,000","31,343"
801,Bangu - Taquara,Santa Cruz,Ida,21.744,"0,000","0,000","0,000","0,000","0,000","0,000","1,000","21,744","4,000","86,976","6,000","130,464","16,000","347,904","10,000","217,440","10,000","217,440","10,000","217,440","6,000","130,464","1,000","21,744","1,000","21,744","1,000","21,744","0,000","0,000","0,000","0,000","1,000","21,744","1,000","21,744","2,000","43,488","2,000","43,488","8,000","173,952","6,000","130,464","8,000","173,952","6,000","130,464","5,000","108,720","1,000","21,744","1,000","21,744","0,000","0,000","0,000","0,000","0,000","0,000","0,000","0,000","0,000","0,000","1,000","21,744","2,000","43,488","4,000","86,976","5,000","108,720","4,000","86,976","5,000","108,720","3,000","65,232","1,000","21,744","0,000","0,000","0,000","0,000","0,000","0,000","0,000","0,000","0,000","0,000","1,000","21,744","2,000","43,488","4,000","86,976","10,000","217,440","6,000","130,464","6,000","130,464","6,000","130,464","4,000","86,976","1,000","21,744","1,000","21,744","1,000","21,744"
801,Bangu - Taquara,Santa Cruz,Volta,25.628,"1,000","25,628","0,000","0,000","0,000","0,000","1,000","25,628","1,000","25,628","2,000","51,256","13,000","333,164","9,000","230,652","9,000","230,652","13,000","333,164","9,000","230,652","2,000","51,256","2,000","51,256","1,000","25,628","1,000","25,628","0,000","0,000","1,000","25,628","1,000","25,628","1,000","25,628","1,000","25,628","6,000","153,768","6,000","153,768","7,000","179,396","6,000","153,768","5,000","128,140","1,000","25,628","2,000","51,256","1,000","25,628","0,000","0,000","0,000","0,000","0,000","0,000","0,000","0,000","0,000","0,000","1,000","25,628","4,000","102,512","5,000","128,140","3,000","76,884","5,000","128,140","4,000","102,512","1,000","25,628","1,000","25,628","0,000","0,000","1,000","25,628","0,000","0,000","0,000","0,000","1,000","25,628","1,000","25,628","1,000","25,628","8,000","205,024","6,000","153,768","6,000","153,768","8,000","205,024","6,000","153,768","1,000","25,628","1,000","25,628","1,000","25,628"
802,Terminal Campo Grande - Bangu,Santa Cruz,Ida,13.060,"0,000","0,000","0,000","0,000","0,000","0,000","1,000","13,060","1,000","13,060","3,000","39,180","18,000","235,080","13,000","169,780","13,000","169,780","15,000","195,900","10,000","130,600","2,000","26,120","1,000","13,060","1,000","13,060","0,000","0,000","0,000","0,000","0,000","0,000","0,000","0,000","1,000","13,060","2,000","26,120","8,000","104,480","10,000","130,600","10,000","130,600","9,000","117,540","6,000","78,360","1,000","13,060","1,000","13,060","0,000","0,000","0,000","0,000","0,000","0,000","0,000","0,000","0,000","0,000","1,000","13,060","1,000","13,060","6,000","78,360","6,000","78,360","5,000","65,300","5,000","65,300","5,000","65,300","1,000","13,060","1,000","13,060","0,000","0,000","0,000","0,000","0,000","0,000","0,000","0,000","1,000","13,060","1,000","13,060","2,000","26,120","11,000","143,660","8,000","104,480","8,000","104,480","9,000","117,540","6,000","78,360","1,000","13,060","1,000","13,060","1,000","13,060"
802,Terminal Campo Grande - Bangu,Santa Cruz,Volta,15.239,"1,000","15,239","0,000","0,000","0,000","0,000","1,000","15,239","2,000","30,478","4,000","60,956","18,000","274,302","13,000","198,107","14,000","213,346","18,000","274,302","13,000","198,107","2,000","30,478","2,000","30,478","1,000","15,239","1,000","15,239","0,000","0,000","0,000","0,000","0,000","0,000","1,000","15,239","2,000","30,478","8,000","121,912","10,000","152,390","10,000","152,390","9,000","137,151","6,000","91,434","1,000","15,239","1,000","15,239","1,000","15,239","0,000","0,000","0,000","0,000","0,000","0,000","0,000","0,000","1,000","15,239","2,000","30,478","6,000","91,434","6,000","91,434","6,000","91,434","6,000","91,434","5,000","76,195","2,000","30,478","1,000","15,239","1,000","15,239","1,000","15,239","0,000","0,000","0,000","0,000","1,000","15,239","1,000","15,239","2,000","30,478","11,000","167,629","8,000","121,912","9,000","137,151","11,000","167,629","8,000","121,912","1,000","15,239","1,000","15,239","1,000","15,239"
803,Jabour - Taquara,Santa Cruz,Ida,19.135,"0,000","0,000","0,000","0,000","0,000","0,000","0,000","0,000","7,000","133,945","15,000","287,025","45,000","861,075","22,000","420,970","20,000","382,700","24,000","459,240","18,000","344,430","2,000","38,270","0,000","0,000","0,000","0,000","0,000","0,000","0,000","0,000","0,000","0,000","0,000","0,000","4,000","76,540","8,000","153,080","27,000","516,645","17,000","325,295","15,000","287,025","14,000","267,890","11,000","210,485","2,000","38,270","0,000","0,000","0,000","0,000","0,000","0,000","0,000","0,000","0,000","0,000","0,000","0,000","2,000","38,270","5,000","95,675","11,000","210,485","10,000","191,350","10,000","191,350","12,000","229,620","9,000","172,215","2,000","38,270","0,000","0,000","0,000","0,000","0,000","0,000","0,000","0,000","0,000","0,000","0,000","0,000","4,000","76,540","9,000","172,215","28,000","535,780","14,000","267,890","12,000","229,620","15,000","287,025","11,000","210,485","1,000","19,135","0,000","0,000","0,000","0,000"
803,Jabour - Taquara,Santa Cruz,Volta,21.683,"0,000","0,000","0,000","0,000","0,000","0,000","0,000","0,000","0,000","0,000","3,000","65,049","36,000","780,588","18,000","390,294","18,000","390,294","30,000","650,490","22,000","477,026","4,000","86,732","5,000","108,415","0,000","0,000","0,000","0,000","0,000","0,000","0,000","0,000","0,000","0,000","0,000","0,000","2,000","43,366","22,000","477,026","14,000","303,562","15,000","325,245","15,000","325,245","13,000","281,879","3,000","65,049","3,000","65,049","0,000","0,000","0,000","0,000","0,000","0,000","0,000","0,000","0,000","0,000","0,000","0,000","1,000","21,683","9,000","195,147","8,000","173,464","8,000","173,464","9,000","195,147","11,000","238,513","3,000","65,049","3,000","65,049","0,000","0,000","0,000","0,000","0,000","0,000","0,000","0,000","0,000","0,000","0,000","0,000","2,000","43,366","22,000","477,026","11,000","238,513","11,000","238,513","19,000","411,977","14,000","303,562","2,000","43,366","3,000","65,049","0,000","0,000"
804,Terminal Curral Falso - Campo Grande,Santa Cruz,Ida,23.955,"0,000","0,000","0,000","0,000","0,000","0,000","1,000","23,955","1,000","23,955","3,000","71,865","10,000","239,550","10,000","239,550","7,000","167,685","7,000","167,685","4,000","95,820","1,000","23,955","1,000","23,955","1,000","23,955","0,000","0,000","0,000","0,000","0,000","0,000","1,000","23,955","1,000","23,955","1,000","23,955","5,000","119,775","5,000","119,775","4,000","95,820","3,000","71,865","3,000","71,865","1,000","23,955","1,000","23,955","1,000","23,955","0,000","0,000","0,000","0,000","0,000","0,000","0,000","0,000","0,000","0,000","1,000","23,955","3,000","71,865","3,000","71,865","3,000","71,865","3,000","71,865","3,000","71,865","1,000","23,955","1,000","23,955","0,000","0,000","0,000","0,000","0,000","0,000","0,000","0,000","1,000","23,955","1,000","23,955","2,000","47,910","6,000","143,730","6,000","143,730","4,000","95,820","4,000","95,820","2,000","47,910","1,000","23,955","1,000","23,955","1,000","23,955"
804,Terminal Curral Falso - Campo Grande,Santa Cruz,Volta,25.551,"0,000","0,000","0,000","0,000","0,000","0,000","1,000","25,551","1,000","25,551","1,000","25,551","7,000","178,857","7,000","178,857","6,000","153,306","6,000","153,306","4,000","102,204","1,000","25,551","1,000","25,551","1,000","25,551","0,000","0,000","0,000","0,000","0,000","0,000","0,000","0,000","1,000","25,551","1,000","25,551","3,000","76,653","3,000","76,653","3,000","76,653","4,000","102,204","3,000","76,653","1,000","25,551","1,000","25,551","1,000","25,551","0,000","0,000","0,000","0,000","0,000","0,000","0,000","0,000","0,000","0,000","1,000","25,551","3,000","76,653","3,000","76,653","4,000","102,204","3,000","76,653","3,000","76,653","1,000","25,551","1,000","25,551","0,000","0,000","0,000","0,000","0,000","0,000","0,000","0,000","1,000","25,551","1,000","25,551","1,000","25,551","4,000","102,204","4,000","102,204","4,000","102,204","4,000","102,204","2,000","51,102","1,000","25,551","1,000","25,551","1,000","25,551"
805,Terminal Alvorada - Jardim Oceânico,Transcarioca,Ida,13.688,"0,000","0,000","0,000","0,000","0,000","0,000","0,000","0,000","0,000","0,000","2,000","27,376","6,000","82,128","4,000","54,752","3,000","41,064","6,000","82,128","3,000","41,064","1,000","13,688","0,000","0,000","0,000","0,000","0,000","0,000","0,000","0,000","0,000","0,000","0,000","0,000","0,000","0,000","2,000","27,376","6,000","82,128","3,000","41,064","4,000","54,752","3,000","41,064","4,000","54,752","1,000","13,688","0,000","0,000","0,000","0,000","0,000","0,000","0,000","0,000","0,000","0,000","0,000","0,000","0,000","0,000","0,000","0,000","0,000","0,000","0,000","0,000","0,000","0,000","0,000","0,000","0,000","0,000","0,000","0,000","0,000","0,000","0,000","0,000","0,000","0,000","0,000","0,000","0,000","0,000","0,000","0,000","0,000","0,000","1,000","13,688","4,000","54,752","2,000","27,376","2,000","27,376","4,000","54,752","2,000","27,376","1,000","13,688","0,000","0,000","0,000","0,000"
805,Terminal Alvorada - Jardim Oceânico,Transcarioca,Volta,11.369,"0,000","0,000","0,000","0,000","0,000","0,000","0,000","0,000","0,000","0,000","1,000","11,369","3,000","34,107","3,000","34,107","3,000","34,107","6,000","68,214","4,000","45,476","1,000","11,369","0,000","0,000","0,000","0,000","0,000","0,000","0,000","0,000","0,000","0,000","0,000","0,000","0,000","0,000","2,000","22,738","5,000","56,845","4,000","45,476","3,000","34,107","4,000","45,476","4,000","45,476","0,000","0,000","0,000","0,000","0,000","0,000","0,000","0,000","0,000","0,000","0,000","0,000","0,000","0,000","0,000","0,000","0,000","0,000","0,000","0,000","0,000","0,000","0,000","0,000","0,000","0,000","0,000","0,000","0,000","0,000","0,000","0,000","0,000","0,000","0,000","0,000","0,000","0,000","0,000","0,000","0,000","0,000","0,000","0,000","1,000","11,369","2,000","22,738","2,000","22,738","2,000","22,738","4,000","45,476","2,000","22,738","1,000","11,369","0,000","0,000","0,000","0,000"
807,Jesuítas - Terminal Curral Falso,Santa Cruz,Ida,10.980,"0,000","0,000","0,000","0,000","0,000","0,000","1,000","10,980","1,000","10,980","3,000","32,940","7,000","76,860","3,000","32,940","4,000","43,920","6,000","65,880","3,000","32,940","1,000","10,980","1,000","10,980","0,000","0,000","0,000","0,000","0,000","0,000","0,000","0,000","1,000","10,980","1,000","10,980","1,000","10,980","4,000","43,920","3,000","32,940","3,000","32,940","3,000","32,940","3,000","32,940","1,000","10,980","1,000","10,980","0,000","0,000","0,000","0,000","0,000","0,000","0,000","0,000","0,000","0,000","1,000","10,980","1,000","10,980","3,000","32,940","3,000","32,940","3,000","32,940","3,000","32,940","3,000","32,940","1,000","10,980","1,000","10,980","0,000","0,000","0,000","0,000","0,000","0,000","0,000","0,000","1,000","10,980","1,000","10,980","2,000","21,960","4,000","43,920","2,000","21,960","2,000","21,960","4,000","43,920","2,000","21,960","1,000","10,980","1,000","10,980","0,000","0,000"
807,Jesuítas - Terminal Curral Falso,Santa Cruz,Volta,14.384,"0,000","0,000","0,000","0,000","0,000","0,000","0,000","0,000","1,000","14,384","1,000","14,384","6,000","86,304","3,000","43,152","5,000","71,920","7,000","100,688","5,000","71,920","1,000","14,384","1,000","14,384","1,000","14,384","0,000","0,000","0,000","0,000","0,000","0,000","1,000","14,384","1,000","14,384","1,000","14,384","3,000","43,152","3,000","43,152","3,000","43,152","3,000","43,152","4,000","57,536","1,000","14,384","1,000","14,384","1,000","14,384","0,000","0,000","0,000","0,000","0,000","0,000","0,000","0,000","0,000","0,000","1,000","14,384","3,000","43,152","3,000","43,152","3,000","43,152","3,000","43,152","3,000","43,152","1,000","14,384","0,000","0,000","0,000","0,000","0,000","0,000","0,000","0,000","0,000","0,000","0,000","0,000","1,000","14,384","1,000","14,384","4,000","57,536","2,000","28,768","3,000","43,152","4,000","57,536","3,000","43,152","1,000","14,384","1,000","14,384","1,000","14,384"
808,Salim - Campo Grande,Santa Cruz,Ida,6.177,"0,000","0,000","0,000","0,000","0,000","0,000","0,000","0,000","0,000","0,000","0,000","0,000","3,000","18,531","3,000","18,531","3,000","18,531","3,000","18,531","2,000","12,354","0,000","0,000","0,000","0,000","0,000","0,000","0,000","0,000","0,000","0,000","0,000","0,000","0,000","0,000","0,000","0,000","0,000","0,000","0,000","0,000","0,000","0,000","0,000","0,000","0,000","0,000","0,000","0,000","0,000","0,000","0,000","0,000","0,000","0,000","0,000","0,000","0,000","0,000","0,000","0,000","0,000","0,000","0,000","0,000","0,000","0,000","0,000","0,000","0,000","0,000","0,000","0,000","0,000","0,000","0,000","0,000","0,000","0,000","0,000","0,000","0,000","0,000","0,000","0,000","0,000","0,000","0,000","0,000","0,000","0,000","0,000","0,000","0,000","0,000","2,000","12,354","2,000","12,354","2,000","12,354","2,000","12,354","1,000","6,177","0,000","0,000","0,000","0,000","0,000","0,000"
808,Salim - Campo Grande,Santa Cruz,Volta,6.846,"0,000","0,000","0,000","0,000","0,000","0,000","0,000","0,000","0,000","0,000","0,000","0,000","2,000","13,692","3,000","20,538","3,000","20,538","3,000","20,538","3,000","20,538","0,000","0,000","0,000","0,000","0,000","0,000","0,000","0,000","0,000","0,000","0,000","0,000","0,000","0,000","0,000","0,000","0,000","0,000","0,000","0,000","0,000","0,000","0,000","0,000","0,000","0,000","0,000","0,000","0,000","0,000","0,000","0,000","0,000","0,000","0,000","0,000","0,000","0,000","0,000","0,000","0,000","0,000","0,000","0,000","0,000","0,000","0,000","0,000","0,000","0,000","0,000","0,000","0,000","0,000","0,000","0,000","0,000","0,000","0,000","0,000","0,000","0,000","0,000","0,000","0,000","0,000","0,000","0,000","0,000","0,000","0,000","0,000","0,000","0,000","1,000","6,846","2,000","13,692","2,000","13,692","2,000","13,692","2,000","13,692","0,000","0,000","0,000","0,000","0,000","0,000"
809,Sagrado Coração - Santa Cruz,Santa Cruz,Ida,7.103,"0,000","0,000","0,000","0,000","0,000","0,000","0,000","0,000","1,000","7,103","2,000","14,206","5,000","35,515","5,000","35,515","4,000","28,412","3,000","21,309","3,000","21,309","1,000","7,103","1,000","7,103","1,000","7,103","0,000","0,000","0,000","0,000","0,000","0,000","0,000","0,000","1,000","7,103","1,000","7,103","4,000","28,412","3,000","21,309","3,000","21,309","3,000","21,309","3,000","21,309","1,000","7,103","1,000","7,103","0,000","0,000","0,000","0,000","0,000","0,000","0,000","0,000","0,000","0,000","1,000","7,103","1,000","7,103","3,000","21,309","3,000","21,309","3,000","21,309","3,000","21,309","3,000","21,309","1,000","7,103","1,000","7,103","0,000","0,000","0,000","0,000","0,000","0,000","0,000","0,000","0,000","0,000","1,000","7,103","1,000","7,103","3,000","21,309","3,000","21,309","2,000","14,206","2,000","14,206","2,000","14,206","1,000","7,103","1,000","7,103","1,000","7,103"
809,Sagrado Coração - Santa Cruz,Santa Cruz,Volta,7.786,"0,000","0,000","0,000","0,000","0,000","0,000","0,000","0,000","0,000","0,000","1,000","7,786","3,000","23,358","3,000","23,358","3,000","23,358","4,000","31,144","6,000","46,716","1,000","7,786","1,000","7,786","0,000","0,000","0,000","0,000","0,000","0,000","0,000","0,000","0,000","0,000","1,000","7,786","1,000","7,786","3,000","23,358","3,000","23,358","3,000","23,358","3,000","23,358","3,000","23,358","1,000","7,786","1,000","7,786","1,000","7,786","0,000","0,000","0,000","0,000","0,000","0,000","0,000","0,000","0,000","0,000","1,000","7,786","3,000","23,358","3,000","23,358","3,000","23,358","3,000","23,358","3,000","23,358","1,000","7,786","1,000","7,786","0,000","0,000","0,000","0,000","0,000","0,000","0,000","0,000","0,000","0,000","0,000","0,000","1,000","7,786","2,000","15,572","2,000","15,572","2,000","15,572","2,000","15,572","4,000","31,144","1,000","7,786","1,000","7,786","0,000","0,000"
810,Terminal Taquara - Pontal,Transcarioca,Ida,26.627,"0,000","0,000","0,000","0,000","0,000","0,000","0,000","0,000","4,000","106,508","5,000","133,135","15,000","399,405","9,000","239,643","11,000","292,897","14,000","372,778","7,000","186,389","2,000","53,254","0,000","0,000","0,000","0,000","0,000","0,000","0,000","0,000","0,000","0,000","0,000","0,000","1,000","26,627","2,000","53,254","8,000","213,016","7,000","186,389","6,000","159,762","7,000","186,389","6,000","159,762","1,000","26,627","0,000","0,000","0,000","0,000","0,000","0,000","0,000","0,000","0,000","0,000","0,000","0,000","1,000","26,627","2,000","53,254","6,000","159,762","6,000","159,762","6,000","159,762","6,000","159,762","5,000","133,135","1,000","26,627","0,000","0,000","0,000","0,000","0,000","0,000","0,000","0,000","0,000","0,000","0,000","0,000","2,000","53,254","3,000","79,881","9,000","239,643","6,000","159,762","7,000","186,389","9,000","239,643","4,000","106,508","1,000","26,627","0,000","0,000","0,000","0,000"
810,Terminal Taquara - Pontal,Transcarioca,Volta,26.846,"0,000","0,000","0,000","0,000","0,000","0,000","0,000","0,000","0,000","0,000","4,000","107,384","15,000","402,690","10,000","268,460","8,000","214,768","15,000","402,690","10,000","268,460","2,000","53,692","2,000","53,692","0,000","0,000","0,000","0,000","0,000","0,000","0,000","0,000","0,000","0,000","0,000","0,000","2,000","53,692","6,000","161,076","6,000","161,076","7,000","187,922","7,000","187,922","3,000","80,538","1,000","26,846","2,000","53,692","0,000","0,000","0,000","0,000","0,000","0,000","0,000","0,000","0,000","0,000","0,000","0,000","1,000","26,846","6,000","161,076","4,000","107,384","5,000","134,230","6,000","161,076","4,000","107,384","1,000","26,846","1,000","26,846","0,000","0,000","0,000","0,000","0,000","0,000","0,000","0,000","0,000","0,000","0,000","0,000","2,000","53,692","9,000","241,614","6,000","161,076","5,000","134,230","9,000","241,614","6,000","161,076","1,000","26,846","1,000","26,846","0,000","0,000"
812,Carobinha - Bangu,Santa Cruz,Ida,17.620,"0,000","0,000","0,000","0,000","0,000","0,000","1,000","17,620","2,000","35,240","5,000","88,100","17,000","299,540","13,000","229,060","11,000","193,820","12,000","211,440","8,000","140,960","1,000","17,620","1,000","17,620","1,000","17,620","0,000","0,000","0,000","0,000","0,000","0,000","0,000","0,000","1,000","17,620","2,000","35,240","9,000","158,580","9,000","158,580","6,000","105,720","8,000","140,960","6,000","105,720","1,000","17,620","1,000","17,620","1,000","17,620","0,000","0,000","0,000","0,000","0,000","0,000","0,000","0,000","0,000","0,000","1,000","17,620","6,000","105,720","6,000","105,720","6,000","105,720","6,000","105,720","6,000","105,720","1,000","17,620","1,000","17,620","1,000","17,620","0,000","0,000","0,000","0,000","0,000","0,000","1,000","17,620","1,000","17,620","3,000","52,860","11,000","193,820","8,000","140,960","7,000","123,340","7,000","123,340","5,000","88,100","1,000","17,620","1,000","17,620","1,000","17,620"
812,Carobinha - Bangu,Santa Cruz,Volta,18.518,"1,000","18,518","0,000","0,000","0,000","0,000","0,000","0,000","1,000","18,518","4,000","74,072","14,000","259,252","11,000","203,698","9,000","166,662","12,000","222,216","9,000","166,662","2,000","37,036","1,000","18,518","1,000","18,518","1,000","18,518","0,000","0,000","0,000","0,000","0,000","0,000","1,000","18,518","1,000","18,518","7,000","129,626","8,000","148,144","6,000","111,108","6,000","111,108","6,000","111,108","2,000","37,036","1,000","18,518","1,000","18,518","0,000","0,000","0,000","0,000","0,000","0,000","0,000","0,000","1,000","18,518","1,000","18,518","6,000","111,108","6,000","111,108","6,000","111,108","6,000","111,108","6,000","111,108","1,000","18,518","1,000","18,518","0,000","0,000","1,000","18,518","0,000","0,000","0,000","0,000","0,000","0,000","1,000","18,518","2,000","37,036","9,000","166,662","7,000","129,626","6,000","111,108","7,000","129,626","6,000","111,108","1,000","18,518","1,000","18,518","1,000","18,518"
817,Piabas - Vargem Grande,Transcarioca,Ida,18.849,"0,000","0,000","0,000","0,000","0,000","0,000","0,000","0,000","0,000","0,000","1,000","18,849","5,000","94,245","3,000","56,547","3,000","56,547","5,000","94,245","3,000","56,547","1,000","18,849","1,000","18,849","0,000","0,000","0,000","0,000","0,000","0,000","0,000","0,000","0,000","0,000","0,000","0,000","1,000","18,849","3,000","56,547","3,000","56,547","3,000","56,547","3,000","56,547","3,000","56,547","1,000","18,849","1,000","18,849","0,000","0,000","0,000","0,000","0,000","0,000","0,000","0,000","0,000","0,000","0,000","0,000","1,000","18,849","3,000","56,547","3,000","56,547","3,000","56,547","3,000","56,547","3,000","56,547","1,000","18,849","0,000","0,000","0,000","0,000","0,000","0,000","0,000","0,000","0,000","0,000","0,000","0,000","0,000","0,000","1,000","18,849","3,000","56,547","2,000","37,698","2,000","37,698","3,000","56,547","2,000","37,698","1,000","18,849","1,000","18,849","0,000","0,000"
817,Piabas - Vargem Grande,Transcarioca,Volta,16.192,"0,000","0,000","0,000","0,000","0,000","0,000","0,000","0,000","0,000","0,000","1,000","16,192","5,000","80,960","3,000","48,576","3,000","48,576","4,000","64,768","4,000","64,768","1,000","16,192","1,000","16,192","1,000","16,192","0,000","0,000","0,000","0,000","0,000","0,000","0,000","0,000","0,000","0,000","1,000","16,192","3,000","48,576","3,000","48,576","3,000","48,576","3,000","48,576","3,000","48,576","1,000","16,192","1,000","16,192","0,000","0,000","0,000","0,000","0,000","0,000","0,000","0,000","0,000","0,000","1,000","16,192","1,000","16,192","3,000","48,576","3,000","48,576","3,000","48,576","3,000","48,576","3,000","48,576","0,000","0,000","0,000","0,000","0,000","0,000","0,000","0,000","0,000","0,000","0,000","0,000","0,000","0,000","0,000","0,000","1,000","16,192","3,000","48,576","2,000","32,384","2,000","32,384","2,000","32,384","2,000","32,384","1,000","16,192","1,000","16,192","1,000","16,192"
819,Jardim Bangu - Bangu,Santa Cruz,Ida,8.774,"0,000","0,000","0,000","0,000","0,000","0,000","0,000","0,000","1,000","8,774","1,000","8,774","9,000","78,966","7,000","61,418","6,000","52,644","3,000","26,322","3,000","26,322","1,000","8,774","1,000","8,774","0,000","0,000","0,000","0,000","0,000","0,000","0,000","0,000","0,000","0,000","1,000","8,774","1,000","8,774","3,000","26,322","5,000","43,870","3,000","26,322","3,000","26,322","3,000","26,322","1,000","8,774","1,000","8,774","0,000","0,000","0,000","0,000","0,000","0,000","0,000","0,000","0,000","0,000","0,000","0,000","1,000","8,774","3,000","26,322","3,000","26,322","3,000","26,322","3,000","26,322","3,000","26,322","1,000","8,774","1,000","8,774","0,000","0,000","0,000","0,000","0,000","0,000","0,000","0,000","0,000","0,000","1,000","8,774","1,000","8,774","6,000","52,644","4,000","35,096","4,000","35,096","2,000","17,548","2,000","17,548","1,000","8,774","1,000","8,774","0,000","0,000"
819,Jardim Bangu - Bangu,Santa Cruz,Volta,8.502,"0,000","0,000","0,000","0,000","0,000","0,000","0,000","0,000","1,000","8,502","1,000","8,502","8,000","68,016","4,000","34,008","7,000","59,514","6,000","51,012","5,000","42,510","1,000","8,502","1,000","8,502","0,000","0,000","0,000","0,000","0,000","0,000","0,000","0,000","0,000","0,000","0,000","0,000","1,000","8,502","3,000","25,506","4,000","34,008","4,000","34,008","3,000","25,506","3,000","25,506","1,000","8,502","1,000","8,502","1,000","8,502","0,000","0,000","0,000","0,000","0,000","0,000","0,000","0,000","0,000","0,000","0,000","0,000","3,000","25,506","3,000","25,506","3,000","25,506","3,000","25,506","3,000","25,506","1,000","8,502","1,000","8,502","1,000","8,502","0,000","0,000","0,000","0,000","0,000","0,000","0,000","0,000","1,000","8,502","1,000","8,502","5,000","42,510","2,000","17,004","4,000","34,008","4,000","34,008","3,000","25,506","1,000","8,502","1,000","8,502","0,000","0,000"
820,Rio da Prata - Terminal Mato Alto,Santa Cruz,Ida,15.806,"1,000","15,806","0,000","0,000","0,000","0,000","2,000","31,612","4,000","63,224","4,000","63,224","10,000","158,060","9,000","142,254","9,000","142,254","11,000","173,866","10,000","158,060","2,000","31,612","2,000","31,612","2,000","31,612","0,000","0,000","0,000","0,000","0,000","0,000","1,000","15,806","3,000","47,418","3,000","47,418","8,000","126,448","7,000","110,642","6,000","94,836","6,000","94,836","6,000","94,836","2,000","31,612","2,000","31,612","2,000","31,612","0,000","0,000","0,000","0,000","0,000","0,000","1,000","15,806","1,000","15,806","2,000","31,612","4,000","63,224","4,000","63,224","4,000","63,224","4,000","63,224","4,000","63,224","1,000","15,806","1,000","15,806","1,000","15,806","1,000","15,806","0,000","0,000","0,000","0,000","1,000","15,806","2,000","31,612","2,000","31,612","6,000","94,836","6,000","94,836","6,000","94,836","7,000","110,642","6,000","94,836","1,000","15,806","1,000","15,806","1,000","15,806"
820,Rio da Prata - Terminal Mato Alto,Santa Cruz,Volta,15.549,"2,000","31,098","0,000","0,000","0,000","0,000","0,000","0,000","3,000","46,647","4,000","62,196","11,000","171,039","9,000","139,941","9,000","139,941","10,000","155,490","11,000","171,039","3,000","46,647","2,000","31,098","2,000","31,098","2,000","31,098","0,000","0,000","0,000","0,000","0,000","0,000","2,000","31,098","3,000","46,647","8,000","124,392","7,000","108,843","6,000","93,294","6,000","93,294","6,000","93,294","2,000","31,098","2,000","31,098","2,000","31,098","1,000","15,549","0,000","0,000","0,000","0,000","0,000","0,000","1,000","15,549","2,000","31,098","4,000","62,196","4,000","62,196","4,000","62,196","4,000","62,196","4,000","62,196","1,000","15,549","1,000","15,549","1,000","15,549","1,000","15,549","0,000","0,000","0,000","0,000","0,000","0,000","2,000","31,098","2,000","31,098","7,000","108,843","6,000","93,294","6,000","93,294","6,000","93,294","7,000","108,843","2,000","31,098","1,000","15,549","1,000","15,549"
821,Campo Grande - Corcundinha,Santa Cruz,Circular,13.031,"0,000","0,000","0,000","0,000","0,000","0,000","0,000","0,000","2,000","26,062","2,000","26,062","17,000","221,527","13,000","169,403","12,000","156,372","14,000","182,434","9,000","117,279","1,000","13,031","0,000","0,000","0,000","0,000","0,000","0,000","0,000","0,000","0,000","0,000","1,000","13,031","1,000","13,031","1,000","13,031","7,000","91,217","7,000","91,217","7,000","91,217","7,000","91,217","4,000","52,124","1,000","13,031","1,000","13,031","1,000","13,031","0,000","0,000","0,000","0,000","0,000","0,000","0,000","0,000","0,000","0,000","1,000","13,031","6,000","78,186","5,000","65,155","5,000","65,155","5,000","65,155","3,000","39,093","1,000","13,031","0,000","0,000","0,000","0,000","0,000","0,000","0,000","0,000","0,000","0,000","0,000","0,000","1,000","13,031","1,000","13,031","11,000","143,341","8,000","104,248","7,000","91,217","9,000","117,279","6,000","78,186","1,000","13,031","0,000","0,000","0,000","0,000"
822,Campo Grande - Corcundinha,Santa Cruz,Circular,13.419,"1,000","13,419","1,000","13,419","0,000","0,000","1,000","13,419","1,000","13,419","2,000","26,838","10,000","134,190","7,000","93,933","9,000","120,771","9,000","120,771","5,000","67,095","1,000","13,419","1,000","13,419","1,000","13,419","1,000","13,419","0,000","0,000","0,000","0,000","1,000","13,419","1,000","13,419","2,000","26,838","5,000","67,095","6,000","80,514","5,000","67,095","6,000","80,514","3,000","40,257","1,000","13,419","1,000","13,419","0,000","0,000","0,000","0,000","0,000","0,000","0,000","0,000","0,000","0,000","1,000","13,419","1,000","13,419","3,000","40,257","3,000","40,257","3,000","40,257","3,000","40,257","3,000","40,257","1,000","13,419","1,000","13,419","0,000","0,000","1,000","13,419","1,000","13,419","0,000","0,000","1,000","13,419","1,000","13,419","1,000","13,419","6,000","80,514","4,000","53,676","6,000","80,514","6,000","80,514","3,000","40,257","1,000","13,419","1,000","13,419","1,000","13,419"
825,Campo Grande - Jesuítas,Santa Cruz,Ida,22.678,"0,000","0,000","0,000","0,000","0,000","0,000","0,000","0,000","0,000","0,000","2,000","45,356","7,000","158,746","5,000","113,390","5,000","113,390","8,000","181,424","5,000","113,390","1,000","22,678","0,000","0,000","0,000","0,000","0,000","0,000","0,000","0,000","0,000","0,000","0,000","0,000","0,000","0,000","1,000","22,678","3,000","68,034","4,000","90,712","4,000","90,712","4,000","90,712","3,000","68,034","1,000","22,678","0,000","0,000","0,000","0,000","0,000","0,000","0,000","0,000","0,000","0,000","0,000","0,000","0,000","0,000","1,000","22,678","3,000","68,034","3,000","68,034","3,000","68,034","3,000","68,034","3,000","68,034","1,000","22,678","0,000","0,000","0,000","0,000","0,000","0,000","0,000","0,000","0,000","0,000","0,000","0,000","0,000","0,000","1,000","22,678","4,000","90,712","3,000","68,034","3,000","68,034","5,000","113,390","3,000","68,034","1,000","22,678","0,000","0,000","0,000","0,000"
825,Campo Grande - Jesuítas,Santa Cruz,Volta,21.132,"0,000","0,000","0,000","0,000","0,000","0,000","0,000","0,000","0,000","0,000","2,000","42,264","9,000","190,188","6,000","126,792","4,000","84,528","5,000","105,660","3,000","63,396","1,000","21,132","1,000","21,132","0,000","0,000","0,000","0,000","0,000","0,000","0,000","0,000","0,000","0,000","0,000","0,000","1,000","21,132","4,000","84,528","4,000","84,528","4,000","84,528","3,000","63,396","3,000","63,396","1,000","21,132","1,000","21,132","0,000","0,000","0,000","0,000","0,000","0,000","0,000","0,000","0,000","0,000","0,000","0,000","1,000","21,132","3,000","63,396","3,000","63,396","3,000","63,396","3,000","63,396","3,000","63,396","1,000","21,132","1,000","21,132","0,000","0,000","0,000","0,000","0,000","0,000","0,000","0,000","0,000","0,000","0,000","0,000","1,000","21,132","6,000","126,792","4,000","84,528","2,000","42,264","3,000","63,396","2,000","42,264","1,000","21,132","1,000","21,132","0,000","0,000"
829,Gardênia Azul - Freguesia,Transcarioca,Circular,6.008,"0,000","0,000","0,000","0,000","0,000","0,000","0,000","0,000","0,000","0,000","1,000","6,008","10,000","60,080","9,000","54,072","7,000","42,056","10,000","60,080","6,000","36,048","1,000","6,008","1,000","6,008","0,000","0,000","0,000","0,000","0,000","0,000","0,000","0,000","0,000","0,000","0,000","0,000","1,000","6,008","3,000","18,024","6,000","36,048","6,000","36,048","4,000","24,032","3,000","18,024","1,000","6,008","1,000","6,008","0,000","0,000","0,000","0,000","0,000","0,000","0,000","0,000","0,000","0,000","0,000","0,000","0,000","0,000","0,000","0,000","0,000","0,000","0,000","0,000","0,000","0,000","0,000","0,000","0,000","0,000","0,000","0,000","0,000","0,000","0,000","0,000","0,000","0,000","0,000","0,000","0,000","0,000","0,000","0,000","1,000","6,008","6,000","36,048","6,000","36,048","4,000","24,032","6,000","36,048","4,000","24,032","1,000","6,008","1,000","6,008","0,000","0,000"
830,Pedregoso - Campo Grande,Santa Cruz,Ida,11.299,"0,000","0,000","0,000","0,000","0,000","0,000","0,000","0,000","2,000","22,598","4,000","45,196","15,000","169,485","9,000","101,691","9,000","101,691","11,000","124,289","8,000","90,392","1,000","11,299","1,000","11,299","0,000","0,000","0,000","0,000","0,000","0,000","0,000","0,000","0,000","0,000","1,000","11,299","2,000","22,598","8,000","90,392","7,000","79,093","7,000","79,093","6,000","67,794","4,000","45,196","1,000","11,299","1,000","11,299","0,000","0,000","0,000","0,000","0,000","0,000","0,000","0,000","0,000","0,000","1,000","11,299","1,000","11,299","5,000","56,495","4,000","45,196","3,000","33,897","4,000","45,196","3,000","33,897","1,000","11,299","0,000","0,000","0,000","0,000","0,000","0,000","0,000","0,000","0,000","0,000","0,000","0,000","1,000","11,299","2,000","22,598","9,000","101,691","6,000","67,794","6,000","67,794","7,000","79,093","5,000","56,495","1,000","11,299","1,000","11,299","0,000","0,000"
830,Pedregoso - Campo Grande,Santa Cruz,Volta,10.745,"0,000","0,000","0,000","0,000","0,000","0,000","0,000","0,000","1,000","10,745","3,000","32,235","12,000","128,940","9,000","96,705","11,000","118,195","10,000","107,450","10,000","107,450","1,000","10,745","0,000","0,000","0,000","0,000","0,000","0,000","0,000","0,000","0,000","0,000","0,000","0,000","1,000","10,745","2,000","21,490","7,000","75,215","6,000","64,470","8,000","85,960","6,000","64,470","5,000","53,725","1,000","10,745","0,000","0,000","0,000","0,000","0,000","0,000","0,000","0,000","0,000","0,000","0,000","0,000","0,000","0,000","1,000","10,745","3,000","32,235","4,000","42,980","4,000","42,980","3,000","32,235","3,000","32,235","1,000","10,745","0,000","0,000","0,000","0,000","0,000","0,000","0,000","0,000","0,000","0,000","0,000","0,000","1,000","10,745","2,000","21,490","7,000","75,215","6,000","64,470","7,000","75,215","6,000","64,470","6,000","64,470","1,000","10,745","0,000","0,000","0,000","0,000"
831,Colônia - Terminal Taquara,Transcarioca,Ida,6.085,"0,000","0,000","0,000","0,000","0,000","0,000","0,000","0,000","1,000","6,085","3,000","18,255","9,000","54,765","3,000","18,255","4,000","24,340","3,000","18,255","3,000","18,255","1,000","6,085","1,000","6,085","0,000","0,000","0,000","0,000","0,000","0,000","0,000","0,000","0,000","0,000","0,000","0,000","1,000","6,085","3,000","18,255","3,000","18,255","3,000","18,255","3,000","18,255","3,000","18,255","1,000","6,085","1,000","6,085","0,000","0,000","0,000","0,000","0,000","0,000","0,000","0,000","0,000","0,000","0,000","0,000","1,000","6,085","3,000","18,255","3,000","18,255","3,000","18,255","3,000","18,255","3,000","18,255","1,000","6,085","1,000","6,085","0,000","0,000","0,000","0,000","0,000","0,000","0,000","0,000","0,000","0,000","1,000","6,085","2,000","12,170","6,000","36,510","2,000","12,170","2,000","12,170","2,000","12,170","2,000","12,170","1,000","6,085","1,000","6,085","0,000","0,000"
831,Colônia - Terminal Taquara,Transcarioca,Volta,4.960,"0,000","0,000","0,000","0,000","0,000","0,000","0,000","0,000","1,000","4,960","1,000","4,960","8,000","39,680","3,000","14,880","3,000","14,880","4,000","19,840","5,000","24,800","1,000","4,960","0,000","0,000","0,000","0,000","0,000","0,000","0,000","0,000","0,000","0,000","0,000","0,000","0,000","0,000","1,000","4,960","3,000","14,880","3,000","14,880","3,000","14,880","3,000","14,880","3,000","14,880","1,000","4,960","0,000","0,000","0,000","0,000","0,000","0,000","0,000","0,000","0,000","0,000","0,000","0,000","0,000","0,000","0,000","0,000","3,000","14,880","3,000","14,880","3,000","14,880","3,000","14,880","3,000","14,880","1,000","4,960","0,000","0,000","0,000","0,000","0,000","0,000","0,000","0,000","0,000","0,000","0,000","0,000","1,000","4,960","1,000","4,960","5,000","24,800","2,000","9,920","2,000","9,920","2,000","9,920","3,000","14,880","1,000","4,960","0,000","0,000","0,000","0,000"
833,Conjunto Manguariba - Campo Grande,Santa Cruz,Ida,12.128,"0,000","0,000","0,000","0,000","0,000","0,000","1,000","12,128","1,000","12,128","1,000","12,128","3,000","36,384","3,000","36,384","4,000","48,512","3,000","36,384","3,000","36,384","1,000","12,128","1,000","12,128","1,000","12,128","0,000","0,000","0,000","0,000","0,000","0,000","0,000","0,000","1,000","12,128","1,000","12,128","3,000","36,384","3,000","36,384","3,000","36,384","3,000","36,384","3,000","36,384","1,000","12,128","1,000","12,128","0,000","0,000","0,000","0,000","0,000","0,000","0,000","0,000","0,000","0,000","1,000","12,128","1,000","12,128","3,000","36,384","3,000","36,384","3,000","36,384","3,000","36,384","2,000","24,256","0,000","0,000","0,000","0,000","0,000","0,000","0,000","0,000","0,000","0,000","0,000","0,000","1,000","12,128","1,000","12,128","1,000","12,128","2,000","24,256","2,000","24,256","2,000","24,256","2,000","24,256","2,000","24,256","1,000","12,128","1,000","12,128","1,000","12,128"
833,Conjunto Manguariba - Campo Grande,Santa Cruz,Volta,12.127,"0,000","0,000","0,000","0,000","0,000","0,000","0,000","0,000","1,000","12,127","1,000","12,127","3,000","36,381","3,000","36,381","3,000","36,381","3,000","36,381","3,000","36,381","1,000","12,127","1,000","12,127","1,000","12,127","0,000","0,000","0,000","0,000","0,000","0,000","0,000","0,000","1,000","12,127","1,000","12,127","3,000","36,381","3,000","36,381","3,000","36,381","3,000","36,381","3,000","36,381","1,000","12,127","1,000","12,127","1,000","12,127","0,000","0,000","0,000","0,000","0,000","0,000","0,000","0,000","0,000","0,000","1,000","12,127","3,000","36,381","3,000","36,381","3,000","36,381","3,000","36,381","3,000","36,381","0,000","0,000","0,000","0,000","0,000","0,000","0,000","0,000","0,000","0,000","0,000","0,000","0,000","0,000","1,000","12,127","1,000","12,127","2,000","24,254","2,000","24,254","2,000","24,254","2,000","24,254","2,000","24,254","1,000","12,127","1,000","12,127","1,000","12,127"
834,Terminal Campo Grande - Cabuçu de Baixo,Santa Cruz,Ida,10.910,"0,000","0,000","0,000","0,000","0,000","0,000","1,000","10,910","1,000","10,910","2,000","21,820","8,000","87,280","8,000","87,280","9,000","98,190","10,000","109,100","11,000","120,010","3,000","32,730","2,000","21,820","1,000","10,910","0,000","0,000","0,000","0,000","0,000","0,000","0,000","0,000","1,000","10,910","1,000","10,910","3,000","32,730","6,000","65,460","6,000","65,460","6,000","65,460","6,000","65,460","1,000","10,910","1,000","10,910","0,000","0,000","0,000","0,000","0,000","0,000","0,000","0,000","0,000","0,000","1,000","10,910","1,000","10,910","3,000","32,730","3,000","32,730","3,000","32,730","3,000","32,730","4,000","43,640","1,000","10,910","1,000","10,910","0,000","0,000","0,000","0,000","0,000","0,000","0,000","0,000","1,000","10,910","1,000","10,910","1,000","10,910","5,000","54,550","5,000","54,550","6,000","65,460","6,000","65,460","7,000","76,370","2,000","21,820","1,000","10,910","1,000","10,910"
834,Terminal Campo Grande - Cabuçu de Baixo,Santa Cruz,Volta,8.410,"0,000","0,000","0,000","0,000","0,000","0,000","1,000","8,410","1,000","8,410","4,000","33,640","11,000","92,510","8,000","67,280","7,000","58,870","7,000","58,870","9,000","75,690","1,000","8,410","1,000","8,410","0,000","0,000","0,000","0,000","0,000","0,000","0,000","0,000","0,000","0,000","1,000","8,410","2,000","16,820","6,000","50,460","5,000","42,050","4,000","33,640","3,000","25,230","3,000","25,230","1,000","8,410","1,000","8,410","1,000","8,410","0,000","0,000","0,000","0,000","0,000","0,000","0,000","0,000","1,000","8,410","1,000","8,410","3,000","25,230","3,000","25,230","3,000","25,230","3,000","25,230","3,000","25,230","1,000","8,410","1,000","8,410","0,000","0,000","0,000","0,000","0,000","0,000","0,000","0,000","1,000","8,410","1,000","8,410","2,000","16,820","7,000","58,870","5,000","42,050","4,000","33,640","4,000","33,640","6,000","50,460","1,000","8,410","1,000","8,410","0,000","0,000"
835,Largo do Correia - Terminal Campo Grande,Santa Cruz,Ida,9.100,"0,000","0,000","0,000","0,000","0,000","0,000","1,000","9,100","2,000","18,200","4,000","36,400","21,000","191,100","12,000","109,200","13,000","118,300","14,000","127,400","10,000","91,000","1,000","9,100","1,000","9,100","1,000","9,100","0,000","0,000","0,000","0,000","0,000","0,000","1,000","9,100","1,000","9,100","2,000","18,200","12,000","109,200","11,000","100,100","9,000","81,900","10,000","91,000","6,000","54,600","1,000","9,100","2,000","18,200","1,000","9,100","0,000","0,000","0,000","0,000","0,000","0,000","0,000","0,000","1,000","9,100","1,000","9,100","7,000","63,700","6,000","54,600","6,000","54,600","6,000","54,600","4,000","36,400","1,000","9,100","1,000","9,100","1,000","9,100","0,000","0,000","0,000","0,000","0,000","0,000","1,000","9,100","1,000","9,100","2,000","18,200","13,000","118,300","7,000","63,700","8,000","72,800","9,000","81,900","6,000","54,600","1,000","9,100","1,000","9,100","1,000","9,100"
835,Largo do Correia - Terminal Campo Grande,Santa Cruz,Volta,9.869,"0,000","0,000","0,000","0,000","0,000","0,000","0,000","0,000","1,000","9,869","4,000","39,476","20,000","197,380","15,000","148,035","16,000","157,904","16,000","157,904","12,000","118,428","2,000","19,738","1,000","9,869","1,000","9,869","0,000","0,000","0,000","0,000","0,000","0,000","0,000","0,000","1,000","9,869","2,000","19,738","14,000","138,166","13,000","128,297","12,000","118,428","12,000","118,428","9,000","88,821","1,000","9,869","2,000","19,738","1,000","9,869","0,000","0,000","0,000","0,000","0,000","0,000","0,000","0,000","1,000","9,869","1,000","9,869","7,000","69,083","7,000","69,083","6,000","59,214","7,000","69,083","5,000","49,345","2,000","19,738","1,000","9,869","1,000","9,869","0,000","0,000","0,000","0,000","0,000","0,000","0,000","0,000","1,000","9,869","2,000","19,738","12,000","118,428","9,000","88,821","10,000","98,690","10,000","98,690","7,000","69,083","1,000","9,869","1,000","9,869","1,000","9,869"
836,Rio da Prata - Terminal Campo Grande,Santa Cruz,Ida,9.091,"1,000","9,091","0,000","0,000","0,000","0,000","0,000","0,000","1,000","9,091","3,000","27,273","10,000","90,910","7,000","63,637","7,000","63,637","6,000","54,546","6,000","54,546","1,000","9,091","1,000","9,091","1,000","9,091","0,000","0,000","0,000","0,000","0,000","0,000","0,000","0,000","1,000","9,091","1,000","9,091","4,000","36,364","6,000","54,546","4,000","36,364","3,000","27,273","3,000","27,273","1,000","9,091","1,000","9,091","0,000","0,000","0,000","0,000","0,000","0,000","0,000","0,000","0,000","0,000","1,000","9,091","1,000","9,091","3,000","27,273","3,000","27,273","3,000","27,273","3,000","27,273","3,000","27,273","1,000","9,091","1,000","9,091","1,000","9,091","1,000","9,091","0,000","0,000","0,000","0,000","0,000","0,000","1,000","9,091","2,000","18,182","6,000","54,546","4,000","36,364","4,000","36,364","4,000","36,364","4,000","36,364","1,000","9,091","1,000","9,091","1,000","9,091"
836,Rio da Prata - Terminal Campo Grande,Santa Cruz,Volta,10.326,"0,000","0,000","0,000","0,000","0,000","0,000","0,000","0,000","1,000","10,326","1,000","10,326","8,000","82,608","5,000","51,630","6,000","61,956","6,000","61,956","7,000","72,282","2,000","20,652","1,000","10,326","1,000","10,326","0,000","0,000","0,000","0,000","0,000","0,000","0,000","0,000","1,000","10,326","1,000","10,326","3,000","30,978","3,000","30,978","3,000","30,978","3,000","30,978","4,000","41,304","1,000","10,326","1,000","10,326","1,000","10,326","0,000","0,000","0,000","0,000","0,000","0,000","0,000","0,000","0,000","0,000","1,000","10,326","3,000","30,978","3,000","30,978","3,000","30,978","3,000","30,978","3,000","30,978","1,000","10,326","1,000","10,326","0,000","0,000","0,000","0,000","0,000","0,000","0,000","0,000","0,000","0,000","1,000","10,326","1,000","10,326","5,000","51,630","3,000","30,978","4,000","41,304","4,000","41,304","4,000","41,304","1,000","10,326","1,000","10,326","1,000","10,326"
837,Terminal Campo Grande - Conjunto da Marinha,Santa Cruz,Ida,8.520,"1,000","8,520","0,000","0,000","0,000","0,000","1,000","8,520","1,000","8,520","2,000","17,040","12,000","102,240","10,000","85,200","10,000","85,200","10,000","85,200","10,000","85,200","2,000","17,040","2,000","17,040","1,000","8,520","1,000","8,520","0,000","0,000","0,000","0,000","0,000","0,000","1,000","8,520","1,000","8,520","6,000","51,120","6,000","51,120","7,000","59,640","6,000","51,120","5,000","42,600","1,000","8,520","1,000","8,520","1,000","8,520","0,000","0,000","0,000","0,000","0,000","0,000","0,000","0,000","1,000","8,520","1,000","8,520","3,000","25,560","5,000","42,600","3,000","25,560","3,000","25,560","3,000","25,560","1,000","8,520","1,000","8,520","0,000","0,000","1,000","8,520","0,000","0,000","0,000","0,000","1,000","8,520","1,000","8,520","1,000","8,520","7,000","59,640","6,000","51,120","6,000","51,120","6,000","51,120","6,000","51,120","1,000","8,520","1,000","8,520","1,000","8,520"
837,Terminal Campo Grande - Conjunto da Marinha,Santa Cruz,Volta,6.532,"1,000","6,532","0,000","0,000","0,000","0,000","1,000","6,532","2,000","13,064","3,000","19,596","9,000","58,788","7,000","45,724","7,000","45,724","8,000","52,256","8,000","52,256","1,000","6,532","1,000","6,532","0,000","0,000","1,000","6,532","0,000","0,000","0,000","0,000","0,000","0,000","1,000","6,532","1,000","6,532","5,000","32,660","6,000","39,192","6,000","39,192","3,000","19,596","3,000","19,596","1,000","6,532","1,000","6,532","0,000","0,000","0,000","0,000","0,000","0,000","0,000","0,000","0,000","0,000","1,000","6,532","1,000","6,532","3,000","19,596","3,000","19,596","3,000","19,596","3,000","19,596","3,000","19,596","1,000","6,532","0,000","0,000","0,000","0,000","1,000","6,532","0,000","0,000","0,000","0,000","1,000","6,532","1,000","6,532","2,000","13,064","6,000","39,192","4,000","26,128","4,000","26,128","5,000","32,660","5,000","32,660","1,000","6,532","1,000","6,532","0,000","0,000"
838,Terminal Campo Grande - Terminal Magarça,Santa Cruz,Ida,14.404,"0,000","0,000","0,000","0,000","1,000","14,404","2,000","28,808","6,000","86,424","12,000","172,848","47,000","676,988","33,000","475,332","32,000","460,928","42,000","604,968","28,000","403,312","5,000","72,020","3,000","43,212","1,000","14,404","0,000","0,000","0,000","0,000","0,000","0,000","2,000","28,808","4,000","57,616","7,000","100,828","30,000","432,120","31,000","446,524","37,000","532,948","32,000","460,928","18,000","259,272","3,000","43,212","3,000","43,212","2,000","28,808","0,000","0,000","0,000","0,000","0,000","0,000","0,000","0,000","1,000","14,404","3,000","43,212","15,000","216,060","18,000","259,272","19,000","273,676","16,000","230,464","14,000","201,656","5,000","72,020","2,000","28,808","2,000","28,808","0,000","0,000","0,000","0,000","1,000","14,404","1,000","14,404","4,000","57,616","7,000","100,828","29,000","417,716","20,000","288,080","20,000","288,080","26,000","374,504","17,000","244,868","3,000","43,212","2,000","28,808","1,000","14,404"
838,Terminal Campo Grande - Terminal Magarça,Santa Cruz,Volta,13.747,"1,000","13,747","0,000","0,000","1,000","13,747","1,000","13,747","3,000","41,241","6,000","82,482","39,000","536,133","27,000","371,169","28,000","384,916","43,000","591,121","32,000","439,904","5,000","68,735","3,000","41,241","2,000","27,494","2,000","27,494","0,000","0,000","0,000","0,000","1,000","13,747","2,000","27,494","4,000","54,988","27,000","371,169","30,000","412,410","30,000","412,410","26,000","357,422","20,000","274,940","4,000","54,988","3,000","41,241","2,000","27,494","2,000","27,494","0,000","0,000","0,000","0,000","0,000","0,000","1,000","13,747","2,000","27,494","12,000","164,964","15,000","206,205","16,000","219,952","16,000","219,952","12,000","164,964","5,000","68,735","2,000","27,494","2,000","27,494","1,000","13,747","0,000","0,000","1,000","13,747","1,000","13,747","2,000","27,494","4,000","54,988","24,000","329,928","17,000","233,699","17,000","233,699","27,000","371,169","20,000","274,940","3,000","41,241","2,000","27,494","1,000","13,747"
840,São Fernando - Campo Grande,Santa Cruz,Ida,21.696,"0,000","0,000","0,000","0,000","0,000","0,000","0,000","0,000","0,000","0,000","2,000","43,392","12,000","260,352","10,000","216,960","10,000","216,960","9,000","195,264","7,000","151,872","1,000","21,696","0,000","0,000","0,000","0,000","0,000","0,000","0,000","0,000","0,000","0,000","0,000","0,000","0,000","0,000","1,000","21,696","6,000","130,176","7,000","151,872","6,000","130,176","5,000","108,480","3,000","65,088","1,000","21,696","0,000","0,000","0,000","0,000","0,000","0,000","0,000","0,000","0,000","0,000","0,000","0,000","0,000","0,000","1,000","21,696","6,000","130,176","6,000","130,176","4,000","86,784","4,000","86,784","3,000","65,088","1,000","21,696","0,000","0,000","0,000","0,000","0,000","0,000","0,000","0,000","0,000","0,000","0,000","0,000","0,000","0,000","1,000","21,696","7,000","151,872","6,000","130,176","6,000","130,176","6,000","130,176","4,000","86,784","1,000","21,696","0,000","0,000","0,000","0,000"
840,São Fernando - Campo Grande,Santa Cruz,Volta,22.085,"0,000","0,000","0,000","0,000","0,000","0,000","0,000","0,000","0,000","0,000","1,000","22,085","10,000","220,850","9,000","198,765","7,000","154,595","11,000","242,935","8,000","176,680","2,000","44,170","2,000","44,170","0,000","0,000","0,000","0,000","0,000","0,000","0,000","0,000","0,000","0,000","0,000","0,000","1,000","22,085","5,000","110,425","5,000","110,425","7,000","154,595","7,000","154,595","3,000","66,255","1,000","22,085","2,000","44,170","0,000","0,000","0,000","0,000","0,000","0,000","0,000","0,000","0,000","0,000","0,000","0,000","1,000","22,085","4,000","88,340","6,000","132,510","4,000","88,340","3,000","66,255","4,000","88,340","1,000","22,085","1,000","22,085","0,000","0,000","0,000","0,000","0,000","0,000","0,000","0,000","0,000","0,000","0,000","0,000","1,000","22,085","6,000","132,510","6,000","132,510","4,000","88,340","7,000","154,595","5,000","110,425","1,000","22,085","1,000","22,085","0,000","0,000"
841,Campo Grande - Inhoaíba,Santa Cruz,Ida,10.306,"0,000","0,000","0,000","0,000","0,000","0,000","0,000","0,000","1,000","10,306","1,000","10,306","9,000","92,754","5,000","51,530","7,000","72,142","6,000","61,836","5,000","51,530","1,000","10,306","1,000","10,306","1,000","10,306","0,000","0,000","0,000","0,000","0,000","0,000","0,000","0,000","1,000","10,306","1,000","10,306","3,000","30,918","4,000","41,224","3,000","30,918","4,000","41,224","3,000","30,918","1,000","10,306","0,000","0,000","0,000","0,000","0,000","0,000","0,000","0,000","0,000","0,000","0,000","0,000","1,000","10,306","1,000","10,306","3,000","30,918","3,000","30,918","3,000","30,918","3,000","30,918","3,000","30,918","0,000","0,000","0,000","0,000","0,000","0,000","0,000","0,000","0,000","0,000","0,000","0,000","0,000","0,000","1,000","10,306","1,000","10,306","6,000","61,836","3,000","30,918","4,000","41,224","4,000","41,224","3,000","30,918","1,000","10,306","1,000","10,306","1,000","10,306"
841,Campo Grande - Inhoaíba,Santa Cruz,Volta,11.337,"0,000","0,000","0,000","0,000","0,000","0,000","1,000","11,337","1,000","11,337","1,000","11,337","11,000","124,707","6,000","68,022","5,000","56,685","4,000","45,348","3,000","34,011","1,000","11,337","1,000","11,337","0,000","0,000","0,000","0,000","0,000","0,000","0,000","0,000","1,000","11,337","1,000","11,337","1,000","11,337","6,000","68,022","4,000","45,348","3,000","34,011","3,000","34,011","3,000","34,011","1,000","11,337","1,000","11,337","0,000","0,000","0,000","0,000","0,000","0,000","0,000","0,000","0,000","0,000","1,000","11,337","1,000","11,337","4,000","45,348","3,000","34,011","3,000","34,011","3,000","34,011","2,000","22,674","0,000","0,000","0,000","0,000","0,000","0,000","0,000","0,000","0,000","0,000","0,000","0,000","1,000","11,337","1,000","11,337","1,000","11,337","7,000","79,359","4,000","45,348","3,000","34,011","2,000","22,674","2,000","22,674","1,000","11,337","1,000","11,337","0,000","0,000"
842,Paciência - Campo Grande,Santa Cruz,Ida,10.889,"0,000","0,000","0,000","0,000","0,000","0,000","0,000","0,000","1,000","10,889","1,000","10,889","6,000","65,334","6,000","65,334","4,000","43,556","4,000","43,556","3,000","32,667","1,000","10,889","1,000","10,889","0,000","0,000","0,000","0,000","0,000","0,000","0,000","0,000","0,000","0,000","1,000","10,889","1,000","10,889","3,000","32,667","5,000","54,445","3,000","32,667","3,000","32,667","3,000","32,667","1,000","10,889","1,000","10,889","1,000","10,889","0,000","0,000","0,000","0,000","0,000","0,000","0,000","0,000","1,000","10,889","1,000","10,889","4,000","43,556","3,000","32,667","3,000","32,667","3,000","32,667","3,000","32,667","1,000","10,889","0,000","0,000","0,000","0,000","0,000","0,000","0,000","0,000","0,000","0,000","0,000","0,000","1,000","10,889","1,000","10,889","4,000","43,556","4,000","43,556","2,000","21,778","2,000","21,778","2,000","21,778","1,000","10,889","1,000","10,889","0,000","0,000"
842,Paciência - Campo Grande,Santa Cruz,Volta,11.717,"0,000","0,000","0,000","0,000","0,000","0,000","0,000","0,000","1,000","11,717","1,000","11,717","3,000","35,151","3,000","35,151","4,000","46,868","5,000","58,585","4,000","46,868","1,000","11,717","1,000","11,717","0,000","0,000","0,000","0,000","0,000","0,000","0,000","0,000","0,000","0,000","1,000","11,717","1,000","11,717","3,000","35,151","3,000","35,151","4,000","46,868","3,000","35,151","3,000","35,151","1,000","11,717","1,000","11,717","0,000","0,000","0,000","0,000","0,000","0,000","0,000","0,000","0,000","0,000","1,000","11,717","1,000","11,717","3,000","35,151","3,000","35,151","3,000","35,151","3,000","35,151","3,000","35,151","1,000","11,717","1,000","11,717","0,000","0,000","0,000","0,000","0,000","0,000","0,000","0,000","0,000","0,000","1,000","11,717","1,000","11,717","2,000","23,434","2,000","23,434","2,000","23,434","3,000","35,151","2,000","23,434","1,000","11,717","1,000","11,717","0,000","0,000"
843,Boa Esperança - Campo Grande,Santa Cruz,Circular,12.218,"0,000","0,000","0,000","0,000","0,000","0,000","0,000","0,000","1,000","12,218","2,000","24,436","12,000","146,616","10,000","122,180","10,000","122,180","10,000","122,180","7,000","85,526","2,000","24,436","1,000","12,218","1,000","12,218","0,000","0,000","0,000","0,000","0,000","0,000","0,000","0,000","1,000","12,218","1,000","12,218","5,000","61,090","6,000","73,308","6,000","73,308","4,000","48,872","4,000","48,872","1,000","12,218","1,000","12,218","0,000","0,000","0,000","0,000","0,000","0,000","0,000","0,000","0,000","0,000","1,000","12,218","1,000","12,218","3,000","36,654","3,000","36,654","3,000","36,654","3,000","36,654","3,000","36,654","1,000","12,218","1,000","12,218","0,000","0,000","0,000","0,000","0,000","0,000","0,000","0,000","0,000","0,000","1,000","12,218","1,000","12,218","7,000","85,526","6,000","73,308","6,000","73,308","6,000","73,308","4,000","48,872","1,000","12,218","1,000","12,218","1,000","12,218"
844,Jardim Oceânico - Barrinha,Transcarioca,Circular,6.790,"0,000","0,000","0,000","0,000","0,000","0,000","0,000","0,000","0,000","0,000","0,000","0,000","0,000","0,000","2,000","13,580","3,000","20,370","5,000","33,950","2,000","13,580","0,000","0,000","0,000","0,000","0,000","0,000","0,000","0,000","0,000","0,000","0,000","0,000","0,000","0,000","0,000","0,000","0,000","0,000","0,000","0,000","0,000","0,000","0,000","0,000","0,000","0,000","0,000","0,000","0,000","0,000","0,000","0,000","0,000","0,000","0,000","0,000","0,000","0,000","0,000","0,000","0,000","0,000","0,000","0,000","0,000","0,000","0,000","0,000","0,000","0,000","0,000","0,000","0,000","0,000","0,000","0,000","0,000","0,000","0,000","0,000","0,000","0,000","0,000","0,000","0,000","0,000","0,000","0,000","0,000","0,000","0,000","0,000","0,000","0,000","0,000","0,000","1,000","6,790","2,000","13,580","3,000","20,370","1,000","6,790","0,000","0,000","0,000","0,000","0,000","0,000"
845,Cantagalo - Terminal Campo Grande,Santa Cruz,Ida,11.920,"2,000","23,840","0,000","0,000","0,000","0,000","0,000","0,000","3,000","35,760","3,000","35,760","9,000","107,280","7,000","83,440","6,000","71,520","8,000","95,360","9,000","107,280","3,000","35,760","2,000","23,840","2,000","23,840","1,000","11,920","1,000","11,920","0,000","0,000","0,000","0,000","2,000","23,840","2,000","23,840","6,000","71,520","6,000","71,520","6,000","71,520","6,000","71,520","6,000","71,520","2,000","23,840","1,000","11,920","1,000","11,920","0,000","0,000","0,000","0,000","0,000","0,000","0,000","0,000","1,000","11,920","1,000","11,920","4,000","47,680","3,000","35,760","3,000","35,760","3,000","35,760","3,000","35,760","1,000","11,920","1,000","11,920","0,000","0,000","1,000","11,920","0,000","0,000","0,000","0,000","0,000","0,000","2,000","23,840","2,000","23,840","6,000","71,520","4,000","47,680","4,000","47,680","5,000","59,600","6,000","71,520","2,000","23,840","1,000","11,920","1,000","11,920"
845,Cantagalo - Terminal Campo Grande,Santa Cruz,Volta,12.332,"1,000","12,332","0,000","0,000","0,000","0,000","2,000","24,664","3,000","36,996","3,000","36,996","9,000","110,988","6,000","73,992","6,000","73,992","9,000","110,988","9,000","110,988","2,000","24,664","2,000","24,664","2,000","24,664","1,000","12,332","0,000","0,000","0,000","0,000","1,000","12,332","2,000","24,664","2,000","24,664","6,000","73,992","6,000","73,992","6,000","73,992","6,000","73,992","6,000","73,992","2,000","24,664","1,000","12,332","1,000","12,332","0,000","0,000","0,000","0,000","0,000","0,000","0,000","0,000","1,000","12,332","1,000","12,332","4,000","49,328","3,000","36,996","3,000","36,996","3,000","36,996","3,000","36,996","1,000","12,332","1,000","12,332","0,000","0,000","1,000","12,332","0,000","0,000","0,000","0,000","1,000","12,332","2,000","24,664","2,000","24,664","6,000","73,992","4,000","49,328","4,000","49,328","6,000","73,992","6,000","73,992","1,000","12,332","1,000","12,332","1,000","12,332"
846,Rio da Prata - Terminal Campo Grande,Santa Cruz,Ida,7.503,"0,000","0,000","0,000","0,000","0,000","0,000","0,000","0,000","0,000","0,000","5,000","37,515","21,000","157,563","13,000","97,539","11,000","82,533","12,000","90,036","7,000","52,521","1,000","7,503","1,000","7,503","0,000","0,000","0,000","0,000","0,000","0,000","0,000","0,000","0,000","0,000","0,000","0,000","1,000","7,503","11,000","82,533","13,000","97,539","8,000","60,024","7,000","52,521","6,000","45,018","1,000","7,503","1,000","7,503","0,000","0,000","0,000","0,000","0,000","0,000","0,000","0,000","0,000","0,000","0,000","0,000","1,000","7,503","7,000","52,521","6,000","45,018","6,000","45,018","6,000","45,018","6,000","45,018","1,000","7,503","1,000","7,503","0,000","0,000","0,000","0,000","0,000","0,000","0,000","0,000","0,000","0,000","0,000","0,000","3,000","22,509","13,000","97,539","8,000","60,024","7,000","52,521","7,000","52,521","4,000","30,012","1,000","7,503","1,000","7,503","0,000","0,000"
846,Rio da Prata - Terminal Campo Grande,Santa Cruz,Volta,7.664,"0,000","0,000","0,000","0,000","0,000","0,000","0,000","0,000","0,000","0,000","0,000","0,000","15,000","114,960","13,000","99,632","17,000","130,288","17,000","130,288","18,000","137,952","3,000","22,992","3,000","22,992","1,000","7,664","0,000","0,000","0,000","0,000","0,000","0,000","0,000","0,000","0,000","0,000","0,000","0,000","6,000","45,984","9,000","68,976","12,000","91,968","11,000","84,304","10,000","76,640","2,000","15,328","2,000","15,328","2,000","15,328","0,000","0,000","0,000","0,000","0,000","0,000","0,000","0,000","0,000","0,000","0,000","0,000","6,000","45,984","6,000","45,984","7,000","53,648","6,000","45,984","6,000","45,984","2,000","15,328","2,000","15,328","2,000","15,328","0,000","0,000","0,000","0,000","0,000","0,000","0,000","0,000","0,000","0,000","0,000","0,000","9,000","68,976","8,000","61,312","11,000","84,304","11,000","84,304","11,000","84,304","2,000","15,328","2,000","15,328","1,000","7,664"
847,Rio da Prata - Terminal Campo Grande,Santa Cruz,Ida,7.011,"0,000","0,000","0,000","0,000","0,000","0,000","0,000","0,000","0,000","0,000","1,000","7,011","12,000","84,132","7,000","49,077","6,000","42,066","12,000","84,132","6,000","42,066","1,000","7,011","1,000","7,011","0,000","0,000","0,000","0,000","0,000","0,000","0,000","0,000","0,000","0,000","0,000","0,000","1,000","7,011","6,000","42,066","6,000","42,066","5,000","35,055","6,000","42,066","6,000","42,066","1,000","7,011","1,000","7,011","0,000","0,000","0,000","0,000","0,000","0,000","0,000","0,000","0,000","0,000","0,000","0,000","1,000","7,011","6,000","42,066","6,000","42,066","6,000","42,066","6,000","42,066","6,000","42,066","1,000","7,011","1,000","7,011","0,000","0,000","0,000","0,000","0,000","0,000","0,000","0,000","0,000","0,000","0,000","0,000","1,000","7,011","7,000","49,077","4,000","28,044","4,000","28,044","7,000","49,077","4,000","28,044","1,000","7,011","1,000","7,011","0,000","0,000"
847,Rio da Prata - Terminal Campo Grande,Santa Cruz,Volta,7.188,"0,000","0,000","0,000","0,000","0,000","0,000","0,000","0,000","0,000","0,000","0,000","0,000","12,000","86,256","6,000","43,128","8,000","57,504","12,000","86,256","9,000","64,692","1,000","7,188","1,000","7,188","1,000","7,188","0,000","0,000","0,000","0,000","0,000","0,000","0,000","0,000","0,000","0,000","0,000","0,000","6,000","43,128","5,000","35,940","6,000","43,128","6,000","43,128","6,000","43,128","1,000","7,188","1,000","7,188","1,000","7,188","0,000","0,000","0,000","0,000","0,000","0,000","0,000","0,000","0,000","0,000","0,000","0,000","6,000","43,128","6,000","43,128","6,000","43,128","6,000","43,128","6,000","43,128","1,000","7,188","1,000","7,188","0,000","0,000","0,000","0,000","0,000","0,000","0,000","0,000","0,000","0,000","0,000","0,000","0,000","0,000","7,000","50,316","4,000","28,752","5,000","35,940","7,000","50,316","6,000","43,128","1,000","7,188","1,000","7,188","1,000","7,188"
848,Terminal Campo Grande - Monte Santo,Santa Cruz,Circular,9.618,"1,000","9,618","0,000","0,000","1,000","9,618","2,000","19,236","3,000","28,854","5,000","48,090","24,000","230,832","20,000","192,360","19,000","182,742","24,000","230,832","16,000","153,888","3,000","28,854","3,000","28,854","1,000","9,618","0,000","0,000","0,000","0,000","1,000","9,618","1,000","9,618","2,000","19,236","2,000","19,236","13,000","125,034","18,000","173,124","15,000","144,270","15,000","144,270","10,000","96,180","2,000","19,236","2,000","19,236","1,000","9,618","0,000","0,000","0,000","0,000","1,000","9,618","1,000","9,618","1,000","9,618","1,000","9,618","6,000","57,708","8,000","76,944","6,000","57,708","6,000","57,708","6,000","57,708","1,000","9,618","1,000","9,618","1,000","9,618","1,000","9,618","0,000","0,000","1,000","9,618","1,000","9,618","2,000","19,236","3,000","28,854","15,000","144,270","12,000","115,416","12,000","115,416","15,000","144,270","10,000","96,180","2,000","19,236","2,000","19,236","1,000","9,618"
849,Base Aérea de Santa Cruz - Campo Grande,Santa Cruz,Ida,17.829,"1,000","17,829","0,000","0,000","0,000","0,000","1,000","17,829","1,000","17,829","1,000","17,829","9,000","160,461","5,000","89,145","6,000","106,974","4,000","71,316","3,000","53,487","1,000","17,829","1,000","17,829","1,000","17,829","0,000","0,000","0,000","0,000","0,000","0,000","1,000","17,829","1,000","17,829","1,000","17,829","4,000","71,316","4,000","71,316","3,000","53,487","3,000","53,487","3,000","53,487","1,000","17,829","1,000","17,829","1,000","17,829","1,000","17,829","0,000","0,000","0,000","0,000","0,000","0,000","1,000","17,829","1,000","17,829","3,000","53,487","3,000","53,487","3,000","53,487","3,000","53,487","3,000","53,487","1,000","17,829","1,000","17,829","1,000","17,829","1,000","17,829","0,000","0,000","0,000","0,000","1,000","17,829","1,000","17,829","1,000","17,829","6,000","106,974","3,000","53,487","4,000","71,316","2,000","35,658","2,000","35,658","1,000","17,829","1,000","17,829","1,000","17,829"
849,Base Aérea de Santa Cruz - Campo Grande,Santa Cruz,Volta,18.731,"0,000","0,000","0,000","0,000","0,000","0,000","1,000","18,731","1,000","18,731","1,000","18,731","6,000","112,386","4,000","74,924","7,000","131,117","6,000","112,386","6,000","112,386","1,000","18,731","1,000","18,731","1,000","18,731","0,000","0,000","0,000","0,000","0,000","0,000","0,000","0,000","1,000","18,731","1,000","18,731","3,000","56,193","4,000","74,924","4,000","74,924","3,000","56,193","3,000","56,193","1,000","18,731","1,000","18,731","1,000","18,731","1,000","18,731","0,000","0,000","0,000","0,000","0,000","0,000","1,000","18,731","1,000","18,731","3,000","56,193","3,000","56,193","3,000","56,193","3,000","56,193","3,000","56,193","1,000","18,731","1,000","18,731","1,000","18,731","0,000","0,000","0,000","0,000","0,000","0,000","1,000","18,731","1,000","18,731","1,000","18,731","4,000","74,924","2,000","37,462","4,000","74,924","4,000","74,924","4,000","74,924","1,000","18,731","1,000","18,731","1,000","18,731"
850,Mendanha - Campo Grande,Santa Cruz,Ida,9.559,"0,000","0,000","0,000","0,000","0,000","0,000","0,000","0,000","1,000","9,559","2,000","19,118","11,000","105,149","9,000","86,031","9,000","86,031","10,000","95,590","8,000","76,472","1,000","9,559","1,000","9,559","0,000","0,000","0,000","0,000","0,000","0,000","0,000","0,000","0,000","0,000","1,000","9,559","1,000","9,559","6,000","57,354","9,000","86,031","7,000","66,913","6,000","57,354","4,000","38,236","1,000","9,559","1,000","9,559","0,000","0,000","0,000","0,000","0,000","0,000","0,000","0,000","0,000","0,000","1,000","9,559","1,000","9,559","4,000","38,236","6,000","57,354","3,000","28,677","5,000","47,795","4,000","38,236","1,000","9,559","0,000","0,000","0,000","0,000","0,000","0,000","0,000","0,000","0,000","0,000","0,000","0,000","1,000","9,559","1,000","9,559","7,000","66,913","6,000","57,354","6,000","57,354","6,000","57,354","5,000","47,795","1,000","9,559","1,000","9,559","0,000","0,000"
850,Mendanha - Campo Grande,Santa Cruz,Volta,8.984,"0,000","0,000","0,000","0,000","0,000","0,000","0,000","0,000","1,000","8,984","1,000","8,984","8,000","71,872","8,000","71,872","10,000","89,840","9,000","80,856","9,000","80,856","2,000","17,968","1,000","8,984","0,000","0,000","0,000","0,000","0,000","0,000","0,000","0,000","0,000","0,000","1,000","8,984","1,000","8,984","6,000","53,904","7,000","62,888","8,000","71,872","6,000","53,904","5,000","44,920","1,000","8,984","1,000","8,984","0,000","0,000","0,000","0,000","0,000","0,000","0,000","0,000","0,000","0,000","1,000","8,984","1,000","8,984","3,000","26,952","4,000","35,936","6,000","53,904","3,000","26,952","4,000","35,936","1,000","8,984","0,000","0,000","0,000","0,000","0,000","0,000","0,000","0,000","0,000","0,000","0,000","0,000","1,000","8,984","1,000","8,984","5,000","44,920","5,000","44,920","6,000","53,904","6,000","53,904","6,000","53,904","1,000","8,984","1,000","8,984","0,000","0,000"
851,Campo Grande - Escola Amazonas,Santa Cruz,Circular,17.548,"1,000","17,548","0,000","0,000","0,000","0,000","1,000","17,548","1,000","17,548","2,000","35,096","11,000","193,028","9,000","157,932","10,000","175,480","11,000","193,028","7,000","122,836","2,000","35,096","1,000","17,548","1,000","17,548","1,000","17,548","0,000","0,000","0,000","0,000","1,000","17,548","1,000","17,548","1,000","17,548","5,000","87,740","6,000","105,288","6,000","105,288","5,000","87,740","3,000","52,644","1,000","17,548","1,000","17,548","0,000","0,000","0,000","0,000","0,000","0,000","0,000","0,000","0,000","0,000","1,000","17,548","1,000","17,548","3,000","52,644","3,000","52,644","3,000","52,644","3,000","52,644","3,000","52,644","1,000","17,548","1,000","17,548","0,000","0,000","1,000","17,548","0,000","0,000","0,000","0,000","1,000","17,548","1,000","17,548","1,000","17,548","7,000","122,836","6,000","105,288","6,000","105,288","7,000","122,836","4,000","70,192","1,000","17,548","1,000","17,548","1,000","17,548"
852,Terminal Campo Grande - Pedra de Guaratiba,Santa Cruz,Circular,40.861,"0,000","0,000","0,000","0,000","0,000","0,000","1,000","40,861","2,000","81,722","4,000","163,444","12,000","490,332","9,000","367,749","9,000","367,749","12,000","490,332","6,000","245,166","1,000","40,861","1,000","40,861","0,000","0,000","0,000","0,000","0,000","0,000","0,000","0,000","1,000","40,861","1,000","40,861","2,000","81,722","7,000","286,027","7,000","286,027","7,000","286,027","7,000","286,027","5,000","204,305","1,000","40,861","0,000","0,000","0,000","0,000","0,000","0,000","0,000","0,000","0,000","0,000","0,000","0,000","1,000","40,861","1,000","40,861","3,000","122,583","3,000","122,583","5,000","204,305","4,000","163,444","5,000","204,305","2,000","81,722","1,000","40,861","0,000","0,000","0,000","0,000","0,000","0,000","0,000","0,000","1,000","40,861","1,000","40,861","2,000","81,722","7,000","286,027","6,000","245,166","6,000","245,166","7,000","286,027","4,000","163,444","1,000","40,861","1,000","40,861","0,000","0,000"
853,Terminal Mato Alto - Terminal Deodoro,Santa Cruz,Ida,35.718,"0,000","0,000","0,000","0,000","0,000","0,000","2,000","71,436","7,000","250,026","7,000","250,026","20,000","714,360","14,000","500,052","12,000","428,616","19,000","678,642","14,000","500,052","3,000","107,154","3,000","107,154","1,000","35,718","0,000","0,000","0,000","0,000","0,000","0,000","1,000","35,718","3,000","107,154","4,000","142,872","11,000","392,898","9,000","321,462","10,000","357,180","11,000","392,898","9,000","321,462","2,000","71,436","2,000","71,436","1,000","35,718","0,000","0,000","0,000","0,000","0,000","0,000","1,000","35,718","2,000","71,436","2,000","71,436","8,000","285,744","9,000","321,462","7,000","250,026","9,000","321,462","9,000","321,462","2,000","71,436","2,000","71,436","1,000","35,718","0,000","0,000","0,000","0,000","0,000","0,000","1,000","35,718","4,000","142,872","4,000","142,872","12,000","428,616","9,000","321,462","7,000","250,026","12,000","428,616","9,000","321,462","2,000","71,436","2,000","71,436","1,000","35,718"
853,Terminal Mato Alto - Terminal Deodoro,Santa Cruz,Volta,36.338,"1,000","36,338","0,000","0,000","0,000","0,000","1,000","36,338","3,000","109,014","6,000","218,028","18,000","654,084","10,000","363,380","12,000","436,056","15,000","545,070","13,000","472,394","3,000","109,014","2,000","72,676","2,000","72,676","1,000","36,338","0,000","0,000","0,000","0,000","1,000","36,338","1,000","36,338","3,000","109,014","11,000","399,718","9,000","327,042","9,000","327,042","10,000","363,380","9,000","327,042","3,000","109,014","2,000","72,676","2,000","72,676","1,000","36,338","0,000","0,000","0,000","0,000","1,000","36,338","1,000","36,338","2,000","72,676","7,000","254,366","9,000","327,042","6,000","218,028","7,000","254,366","8,000","290,704","3,000","109,014","1,000","36,338","1,000","36,338","1,000","36,338","0,000","0,000","0,000","0,000","1,000","36,338","2,000","72,676","4,000","145,352","11,000","399,718","6,000","218,028","7,000","254,366","9,000","327,042","8,000","290,704","2,000","72,676","1,000","36,338","1,000","36,338"
854,Terminal Campo Grande - Ilha de Guaratiba,Santa Cruz,Ida,25.698,"0,000","0,000","0,000","0,000","0,000","0,000","0,000","0,000","2,000","51,396","2,000","51,396","9,000","231,282","5,000","128,490","6,000","154,188","6,000","154,188","4,000","102,792","1,000","25,698","0,000","0,000","0,000","0,000","0,000","0,000","0,000","0,000","0,000","0,000","1,000","25,698","1,000","25,698","1,000","25,698","4,000","102,792","3,000","77,094","3,000","77,094","3,000","77,094","3,000","77,094","1,000","25,698","0,000","0,000","0,000","0,000","0,000","0,000","0,000","0,000","0,000","0,000","1,000","25,698","1,000","25,698","1,000","25,698","3,000","77,094","3,000","77,094","3,000","77,094","3,000","77,094","3,000","77,094","1,000","25,698","1,000","25,698","0,000","0,000","0,000","0,000","0,000","0,000","0,000","0,000","0,000","0,000","1,000","25,698","1,000","25,698","6,000","154,188","3,000","77,094","4,000","102,792","4,000","102,792","2,000","51,396","1,000","25,698","0,000","0,000","0,000","0,000"
854,Terminal Campo Grande - Ilha de Guaratiba,Santa Cruz,Volta,23.088,"0,000","0,000","0,000","0,000","0,000","0,000","0,000","0,000","1,000","23,088","1,000","23,088","8,000","184,704","5,000","115,440","6,000","138,528","7,000","161,616","6,000","138,528","1,000","23,088","1,000","23,088","0,000","0,000","0,000","0,000","0,000","0,000","0,000","0,000","0,000","0,000","1,000","23,088","1,000","23,088","3,000","69,264","3,000","69,264","4,000","92,352","3,000","69,264","3,000","69,264","1,000","23,088","1,000","23,088","0,000","0,000","0,000","0,000","0,000","0,000","0,000","0,000","0,000","0,000","1,000","23,088","1,000","23,088","3,000","69,264","3,000","69,264","3,000","69,264","3,000","69,264","3,000","69,264","1,000","23,088","1,000","23,088","1,000","23,088","0,000","0,000","0,000","0,000","0,000","0,000","0,000","0,000","1,000","23,088","1,000","23,088","5,000","115,440","3,000","69,264","4,000","92,352","4,000","92,352","4,000","92,352","1,000","23,088","1,000","23,088","0,000","0,000"
855,Terminal Magarça - Terminal Deodoro,Santa Cruz,Ida,33.955,"1,000","33,955","1,000","33,955","1,000","33,955","3,000","101,865","6,000","203,730","7,000","237,685","17,000","577,235","14,000","475,370","13,000","441,415","18,000","611,190","11,000","373,505","2,000","67,910","2,000","67,910","2,000","67,910","1,000","33,955","1,000","33,955","1,000","33,955","1,000","33,955","3,000","101,865","3,000","101,865","9,000","305,595","10,000","339,550","7,000","237,685","9,000","305,595","6,000","203,730","2,000","67,910","2,000","67,910","2,000","67,910","0,000","0,000","1,000","33,955","0,000","0,000","1,000","33,955","2,000","67,910","2,000","67,910","6,000","203,730","6,000","203,730","6,000","203,730","6,000","203,730","5,000","169,775","2,000","67,910","1,000","33,955","1,000","33,955","1,000","33,955","1,000","33,955","1,000","33,955","2,000","67,910","4,000","135,820","4,000","135,820","11,000","373,505","9,000","305,595","8,000","271,640","11,000","373,505","7,000","237,685","1,000","33,955","1,000","33,955","1,000","33,955"
855,Terminal Magarça - Terminal Deodoro,Santa Cruz,Volta,35.210,"1,000","35,210","1,000","35,210","1,000","35,210","1,000","35,210","2,000","70,420","5,000","176,050","16,000","563,360","12,000","422,520","13,000","457,730","18,000","633,780","12,000","422,520","3,000","105,630","2,000","70,420","2,000","70,420","2,000","70,420","1,000","35,210","1,000","35,210","1,000","35,210","1,000","35,210","3,000","105,630","9,000","316,890","10,000","352,100","9,000","316,890","8,000","281,680","7,000","246,470","3,000","105,630","2,000","70,420","2,000","70,420","1,000","35,210","1,000","35,210","0,000","0,000","1,000","35,210","1,000","35,210","1,000","35,210","6,000","211,260","6,000","211,260","6,000","211,260","5,000","176,050","6,000","211,260","2,000","70,420","1,000","35,210","1,000","35,210","1,000","35,210","1,000","35,210","1,000","35,210","1,000","35,210","1,000","35,210","3,000","105,630","10,000","352,100","7,000","246,470","8,000","281,680","11,000","387,310","7,000","246,470","2,000","70,420","1,000","35,210","1,000","35,210"
857,Terminal Campo Grande - Terminal Pingo d'Água,Santa Cruz,Ida,27.461,"0,000","0,000","0,000","0,000","0,000","0,000","0,000","0,000","2,000","54,922","4,000","109,844","13,000","356,993","10,000","274,610","9,000","247,149","12,000","329,532","12,000","329,532","2,000","54,922","0,000","0,000","0,000","0,000","0,000","0,000","0,000","0,000","0,000","0,000","0,000","0,000","2,000","54,922","2,000","54,922","7,000","192,227","7,000","192,227","7,000","192,227","6,000","164,766","6,000","164,766","1,000","27,461","0,000","0,000","0,000","0,000","0,000","0,000","0,000","0,000","0,000","0,000","0,000","0,000","1,000","27,461","1,000","27,461","6,000","164,766","5,000","137,305","6,000","164,766","6,000","164,766","5,000","137,305","0,000","0,000","0,000","0,000","0,000","0,000","0,000","0,000","0,000","0,000","0,000","0,000","0,000","0,000","1,000","27,461","2,000","54,922","8,000","219,688","6,000","164,766","6,000","164,766","7,000","192,227","7,000","192,227","1,000","27,461","0,000","0,000","0,000","0,000"
857,Terminal Campo Grande - Terminal Pingo d'Água,Santa Cruz,Volta,25.967,"0,000","0,000","0,000","0,000","0,000","0,000","0,000","0,000","0,000","0,000","4,000","103,868","14,000","363,538","8,000","207,736","9,000","233,703","12,000","311,604","9,000","233,703","2,000","51,934","2,000","51,934","0,000","0,000","0,000","0,000","0,000","0,000","0,000","0,000","0,000","0,000","0,000","0,000","2,000","51,934","8,000","207,736","7,000","181,769","5,000","129,835","6,000","155,802","5,000","129,835","1,000","25,967","2,000","51,934","0,000","0,000","0,000","0,000","0,000","0,000","0,000","0,000","0,000","0,000","0,000","0,000","1,000","25,967","6,000","155,802","5,000","129,835","5,000","129,835","5,000","129,835","5,000","129,835","1,000","25,967","0,000","0,000","0,000","0,000","0,000","0,000","0,000","0,000","0,000","0,000","0,000","0,000","0,000","0,000","2,000","51,934","9,000","233,703","5,000","129,835","6,000","155,802","7,000","181,769","6,000","155,802","1,000","25,967","1,000","25,967","0,000","0,000"
859,Covanca - Largo do Tanque,Transcarioca,Ida,2.920,"0,000","0,000","0,000","0,000","0,000","0,000","0,000","0,000","2,000","5,840","5,000","14,600","18,000","52,560","9,000","26,280","7,000","20,440","10,000","29,200","11,000","32,120","1,000","2,920","1,000","2,920","0,000","0,000","0,000","0,000","0,000","0,000","0,000","0,000","0,000","0,000","0,000","0,000","2,000","5,840","10,000","29,200","9,000","26,280","6,000","17,520","5,000","14,600","6,000","17,520","1,000","2,920","1,000","2,920","0,000","0,000","0,000","0,000","0,000","0,000","0,000","0,000","0,000","0,000","0,000","0,000","1,000","2,920","4,000","11,680","6,000","17,520","3,000","8,760","4,000","11,680","3,000","8,760","1,000","2,920","0,000","0,000","0,000","0,000","0,000","0,000","0,000","0,000","0,000","0,000","0,000","0,000","1,000","2,920","3,000","8,760","11,000","32,120","6,000","17,520","4,000","11,680","6,000","17,520","7,000","20,440","1,000","2,920","1,000","2,920","0,000","0,000"
859,Covanca - Largo do Tanque,Transcarioca,Volta,2.669,"0,000","0,000","0,000","0,000","0,000","0,000","0,000","0,000","0,000","0,000","1,000","2,669","15,000","40,035","6,000","16,014","10,000","26,690","12,000","32,028","13,000","34,697","2,000","5,338","1,000","2,669","1,000","2,669","0,000","0,000","0,000","0,000","0,000","0,000","0,000","0,000","0,000","0,000","1,000","2,669","8,000","21,352","8,000","21,352","7,000","18,683","7,000","18,683","7,000","18,683","1,000","2,669","1,000","2,669","0,000","0,000","0,000","0,000","0,000","0,000","0,000","0,000","0,000","0,000","0,000","0,000","0,000","0,000","3,000","8,007","3,000","8,007","4,000","10,676","4,000","10,676","3,000","8,007","1,000","2,669","1,000","2,669","0,000","0,000","0,000","0,000","0,000","0,000","0,000","0,000","0,000","0,000","0,000","0,000","1,000","2,669","9,000","24,021","4,000","10,676","6,000","16,014","7,000","18,683","8,000","21,352","1,000","2,669","1,000","2,669","1,000","2,669"
861,Rio das Pedras - Curicica,Transcarioca,Ida,19.680,"0,000","0,000","0,000","0,000","0,000","0,000","1,000","19,680","4,000","78,720","5,000","98,400","16,000","314,880","13,000","255,840","13,000","255,840","15,000","295,200","11,000","216,480","2,000","39,360","0,000","0,000","0,000","0,000","0,000","0,000","0,000","0,000","0,000","0,000","1,000","19,680","2,000","39,360","2,000","39,360","7,000","137,760","6,000","118,080","6,000","118,080","8,000","157,440","6,000","118,080","1,000","19,680","0,000","0,000","0,000","0,000","0,000","0,000","0,000","0,000","0,000","0,000","1,000","19,680","2,000","39,360","2,000","39,360","7,000","137,760","5,000","98,400","4,000","78,720","8,000","157,440","5,000","98,400","1,000","19,680","0,000","0,000","0,000","0,000","0,000","0,000","0,000","0,000","0,000","0,000","1,000","19,680","2,000","39,360","3,000","59,040","10,000","196,800","8,000","157,440","8,000","157,440","9,000","177,120","7,000","137,760","1,000","19,680","0,000","0,000","0,000","0,000"
861,Rio das Pedras - Curicica,Transcarioca,Volta,17.630,"0,000","0,000","0,000","0,000","0,000","0,000","0,000","0,000","2,000","35,260","3,000","52,890","15,000","264,450","14,000","246,820","12,000","211,560","15,000","264,450","13,000","229,190","4,000","70,520","0,000","0,000","0,000","0,000","0,000","0,000","0,000","0,000","0,000","0,000","1,000","17,630","1,000","17,630","1,000","17,630","7,000","123,410","6,000","105,780","6,000","105,780","8,000","141,040","6,000","105,780","2,000","35,260","0,000","0,000","0,000","0,000","0,000","0,000","0,000","0,000","0,000","0,000","1,000","17,630","1,000","17,630","1,000","17,630","7,000","123,410","5,000","88,150","5,000","88,150","7,000","123,410","6,000","105,780","2,000","35,260","0,000","0,000","0,000","0,000","0,000","0,000","0,000","0,000","0,000","0,000","0,000","0,000","1,000","17,630","2,000","35,260","9,000","158,670","9,000","158,670","7,000","123,410","9,000","158,670","8,000","141,040","2,000","35,260","0,000","0,000","0,000","0,000"
862,Rio das Pedras - Barra da Tijuca,Transcarioca,Circular,25.555,"3,000","76,665","1,000","25,555","1,000","25,555","1,000","25,555","8,000","204,440","10,000","255,550","25,000","638,875","20,000","511,100","18,000","459,990","23,000","587,765","19,000","485,545","6,000","153,330","4,000","102,220","4,000","102,220","3,000","76,665","1,000","25,555","1,000","25,555","0,000","0,000","2,000","51,110","4,000","102,220","18,000","459,990","17,000","434,435","15,000","383,325","20,000","511,100","12,000","306,660","6,000","153,330","3,000","76,665","1,000","25,555","2,000","51,110","1,000","25,555","1,000","25,555","0,000","0,000","2,000","51,110","3,000","76,665","12,000","306,660","13,000","332,215","13,000","332,215","13,000","332,215","11,000","281,105","2,000","51,110","2,000","51,110","1,000","25,555","2,000","51,110","1,000","25,555","1,000","25,555","1,000","25,555","5,000","127,775","6,000","153,330","16,000","408,880","12,000","306,660","11,000","281,105","14,000","357,770","12,000","306,660","4,000","102,220","2,000","51,110","2,000","51,110"
863,Rio das Pedras - Barra da Tijuca,Transcarioca,Circular,30.181,"2,000","60,362","1,000","30,181","0,000","0,000","0,000","0,000","3,000","90,543","7,000","211,267","21,000","633,801","18,000","543,258","15,000","452,715","21,000","633,801","17,000","513,077","6,000","181,086","3,000","90,543","2,000","60,362","1,000","30,181","1,000","30,181","0,000","0,000","0,000","0,000","3,000","90,543","6,000","181,086","18,000","543,258","12,000","362,172","12,000","362,172","18,000","543,258","14,000","422,534","3,000","90,543","3,000","90,543","1,000","30,181","1,000","30,181","0,000","0,000","0,000","0,000","0,000","0,000","3,000","90,543","4,000","120,724","16,000","482,896","10,000","301,810","10,000","301,810","18,000","543,258","12,000","362,172","3,000","90,543","3,000","90,543","1,000","30,181","1,000","30,181","1,000","30,181","0,000","0,000","0,000","0,000","2,000","60,362","4,000","120,724","13,000","392,353","11,000","331,991","9,000","271,629","13,000","392,353","11,000","331,991","4,000","120,724","2,000","60,362","1,000","30,181"
864,Terminal Campo Grande - Terminal Sulacap,Santa Cruz,Ida,17.943,"2,000","35,886","1,000","17,943","0,000","0,000","2,000","35,886","6,000","107,658","9,000","161,487","32,000","574,176","18,000","322,974","18,000","322,974","27,000","484,461","27,000","484,461","6,000","107,658","5,000","89,715","4,000","71,772","2,000","35,886","1,000","17,943","0,000","0,000","2,000","35,886","6,000","107,658","8,000","143,544","23,000","412,689","18,000","322,974","18,000","322,974","18,000","322,974","18,000","322,974","6,000","107,658","4,000","71,772","3,000","53,829","2,000","35,886","1,000","17,943","0,000","0,000","1,000","17,943","4,000","71,772","4,000","71,772","12,000","215,316","12,000","215,316","12,000","215,316","12,000","215,316","12,000","215,316","4,000","71,772","4,000","71,772","4,000","71,772","1,000","17,943","1,000","17,943","0,000","0,000","1,000","17,943","4,000","71,772","6,000","107,658","20,000","358,860","11,000","197,373","11,000","197,373","17,000","305,031","17,000","305,031","4,000","71,772","3,000","53,829","2,000","35,886"
864,Terminal Campo Grande - Terminal Sulacap,Santa Cruz,Volta,18.432,"4,000","73,728","2,000","36,864","0,000","0,000","0,000","0,000","3,000","55,296","6,000","110,592","34,000","626,688","20,000","368,640","18,000","331,776","22,000","405,504","32,000","589,824","6,000","110,592","6,000","110,592","4,000","73,728","3,000","55,296","2,000","36,864","0,000","0,000","0,000","0,000","3,000","55,296","6,000","110,592","26,000","479,232","18,000","331,776","18,000","331,776","18,000","331,776","18,000","331,776","6,000","110,592","5,000","92,160","4,000","73,728","4,000","73,728","2,000","36,864","0,000","0,000","0,000","0,000","2,000","36,864","4,000","73,728","12,000","221,184","12,000","221,184","12,000","221,184","12,000","221,184","12,000","221,184","4,000","73,728","4,000","73,728","4,000","73,728","2,000","36,864","1,000","18,432","0,000","0,000","0,000","0,000","2,000","36,864","4,000","73,728","21,000","387,072","12,000","221,184","11,000","202,752","14,000","258,048","20,000","368,640","4,000","73,728","4,000","73,728","2,000","36,864"
865,Pau da Fome - Terminal Taquara,Transcarioca,Ida,7.924,"0,000","0,000","0,000","0,000","0,000","0,000","0,000","0,000","0,000","0,000","1,000","7,924","5,000","39,620","5,000","39,620","5,000","39,620","5,000","39,620","5,000","39,620","1,000","7,924","0,000","0,000","0,000","0,000","0,000","0,000","0,000","0,000","0,000","0,000","0,000","0,000","0,000","0,000","0,000","0,000","5,000","39,620","3,000","23,772","3,000","23,772","3,000","23,772","3,000","23,772","1,000","7,924","1,000","7,924","0,000","0,000","0,000","0,000","0,000","0,000","0,000","0,000","0,000","0,000","0,000","0,000","0,000","0,000","3,000","23,772","3,000","23,772","3,000","23,772","3,000","23,772","3,000","23,772","1,000","7,924","1,000","7,924","0,000","0,000","0,000","0,000","0,000","0,000","0,000","0,000","0,000","0,000","0,000","0,000","1,000","7,924","3,000","23,772","3,000","23,772","3,000","23,772","3,000","23,772","3,000","23,772","1,000","7,924","0,000","0,000","0,000","0,000"
865,Pau da Fome - Terminal Taquara,Transcarioca,Volta,7.956,"0,000","0,000","0,000","0,000","0,000","0,000","0,000","0,000","0,000","0,000","1,000","7,956","4,000","31,824","5,000","39,780","5,000","39,780","5,000","39,780","5,000","39,780","1,000","7,956","1,000","7,956","0,000","0,000","0,000","0,000","0,000","0,000","0,000","0,000","0,000","0,000","0,000","0,000","0,000","0,000","3,000","23,868","3,000","23,868","3,000","23,868","3,000","23,868","3,000","23,868","1,000","7,956","1,000","7,956","0,000","0,000","0,000","0,000","0,000","0,000","0,000","0,000","0,000","0,000","0,000","0,000","0,000","0,000","3,000","23,868","3,000","23,868","3,000","23,868","3,000","23,868","3,000","23,868","1,000","7,956","0,000","0,000","0,000","0,000","0,000","0,000","0,000","0,000","0,000","0,000","0,000","0,000","0,000","0,000","1,000","7,956","2,000","15,912","3,000","23,868","3,000","23,868","3,000","23,868","3,000","23,868","1,000","7,956","1,000","7,956","0,000","0,000"
866,Terminal Campo Grande - Pedra de Guaratiba,Santa Cruz,Circular,40.819,"0,000","0,000","0,000","0,000","0,000","0,000","1,000","40,819","2,000","81,638","4,000","163,276","8,000","326,552","7,000","285,733","6,000","244,914","8,000","326,552","5,000","204,095","1,000","40,819","1,000","40,819","0,000","0,000","0,000","0,000","0,000","0,000","0,000","0,000","1,000","40,819","1,000","40,819","2,000","81,638","6,000","244,914","6,000","244,914","5,000","204,095","6,000","244,914","3,000","122,457","1,000","40,819","1,000","40,819","0,000","0,000","0,000","0,000","0,000","0,000","0,000","0,000","0,000","0,000","1,000","40,819","1,000","40,819","3,000","122,457","3,000","122,457","3,000","122,457","4,000","163,276","3,000","122,457","1,000","40,819","1,000","40,819","0,000","0,000","0,000","0,000","0,000","0,000","0,000","0,000","1,000","40,819","1,000","40,819","2,000","81,638","5,000","204,095","4,000","163,276","4,000","163,276","5,000","204,095","3,000","122,457","1,000","40,819","1,000","40,819","0,000","0,000"
867,Barra de Guaratiba - Terminal Campo Grande,Santa Cruz,Ida,30.893,"0,000","0,000","0,000","0,000","0,000","0,000","0,000","0,000","2,000","61,786","4,000","123,572","19,000","586,967","14,000","432,502","14,000","432,502","23,000","710,539","12,000","370,716","3,000","92,679","3,000","92,679","0,000","0,000","0,000","0,000","0,000","0,000","0,000","0,000","0,000","0,000","1,000","30,893","2,000","61,786","13,000","401,609","12,000","370,716","11,000","339,823","14,000","432,502","10,000","308,930","3,000","92,679","3,000","92,679","0,000","0,000","0,000","0,000","0,000","0,000","0,000","0,000","0,000","0,000","1,000","30,893","2,000","61,786","8,000","247,144","9,000","278,037","10,000","308,930","12,000","370,716","12,000","370,716","3,000","92,679","3,000","92,679","0,000","0,000","0,000","0,000","0,000","0,000","0,000","0,000","0,000","0,000","1,000","30,893","2,000","61,786","12,000","370,716","9,000","278,037","9,000","278,037","14,000","432,502","7,000","216,251","2,000","61,786","2,000","61,786","0,000","0,000"
867,Barra de Guaratiba - Terminal Campo Grande,Santa Cruz,Volta,32.281,"0,000","0,000","0,000","0,000","0,000","0,000","0,000","0,000","4,000","129,124","8,000","258,248","20,000","645,620","13,000","419,653","13,000","419,653","21,000","677,901","12,000","387,372","2,000","64,562","1,000","32,281","0,000","0,000","0,000","0,000","0,000","0,000","0,000","0,000","0,000","0,000","3,000","96,843","4,000","129,124","16,000","516,496","13,000","419,653","12,000","387,372","12,000","387,372","7,000","225,967","2,000","64,562","2,000","64,562","0,000","0,000","0,000","0,000","0,000","0,000","0,000","0,000","0,000","0,000","2,000","64,562","3,000","96,843","14,000","451,934","12,000","387,372","11,000","355,091","10,000","322,810","7,000","225,967","2,000","64,562","1,000","32,281","0,000","0,000","0,000","0,000","0,000","0,000","0,000","0,000","0,000","0,000","2,000","64,562","5,000","161,405","12,000","387,372","8,000","258,248","8,000","258,248","13,000","419,653","7,000","225,967","1,000","32,281","1,000","32,281","0,000","0,000"
868,Urucânia - Campo Grande,Santa Cruz,Ida,13.078,"0,000","0,000","0,000","0,000","0,000","0,000","1,000","13,078","1,000","13,078","2,000","26,156","10,000","130,780","6,000","78,468","5,000","65,390","4,000","52,312","6,000","78,468","1,000","13,078","1,000","13,078","1,000","13,078","0,000","0,000","0,000","0,000","0,000","0,000","0,000","0,000","1,000","13,078","1,000","13,078","5,000","65,390","4,000","52,312","4,000","52,312","3,000","39,234","3,000","39,234","1,000","13,078","1,000","13,078","1,000","13,078","0,000","0,000","0,000","0,000","0,000","0,000","1,000","13,078","1,000","13,078","1,000","13,078","3,000","39,234","4,000","52,312","4,000","52,312","3,000","39,234","3,000","39,234","1,000","13,078","0,000","0,000","0,000","0,000","0,000","0,000","0,000","0,000","0,000","0,000","1,000","13,078","1,000","13,078","1,000","13,078","6,000","78,468","4,000","52,312","3,000","39,234","2,000","26,156","4,000","52,312","1,000","13,078","1,000","13,078","1,000","13,078"
868,Urucânia - Campo Grande,Santa Cruz,Volta,13.975,"0,000","0,000","0,000","0,000","0,000","0,000","1,000","13,975","1,000","13,975","1,000","13,975","8,000","111,800","4,000","55,900","4,000","55,900","7,000","97,825","7,000","97,825","1,000","13,975","1,000","13,975","1,000","13,975","0,000","0,000","0,000","0,000","0,000","0,000","0,000","0,000","0,000","0,000","1,000","13,975","3,000","41,925","3,000","41,925","3,000","41,925","3,000","41,925","3,000","41,925","1,000","13,975","1,000","13,975","0,000","0,000","0,000","0,000","0,000","0,000","0,000","0,000","0,000","0,000","1,000","13,975","1,000","13,975","3,000","41,925","4,000","55,900","3,000","41,925","3,000","41,925","3,000","41,925","1,000","13,975","1,000","13,975","0,000","0,000","0,000","0,000","0,000","0,000","0,000","0,000","1,000","13,975","1,000","13,975","1,000","13,975","5,000","69,875","2,000","27,950","2,000","27,950","4,000","55,900","4,000","55,900","1,000","13,975","1,000","13,975","1,000","13,975"
869,Santa Margarida - Campo Grande,Santa Cruz,Ida,6.713,"0,000","0,000","0,000","0,000","0,000","0,000","1,000","6,713","1,000","6,713","1,000","6,713","7,000","46,991","5,000","33,565","3,000","20,139","3,000","20,139","3,000","20,139","1,000","6,713","1,000","6,713","0,000","0,000","0,000","0,000","0,000","0,000","0,000","0,000","1,000","6,713","1,000","6,713","1,000","6,713","4,000","26,852","4,000","26,852","4,000","26,852","3,000","20,139","3,000","20,139","1,000","6,713","1,000","6,713","0,000","0,000","0,000","0,000","0,000","0,000","0,000","0,000","0,000","0,000","1,000","6,713","1,000","6,713","3,000","20,139","4,000","26,852","3,000","20,139","3,000","20,139","3,000","20,139","1,000","6,713","1,000","6,713","0,000","0,000","0,000","0,000","0,000","0,000","0,000","0,000","1,000","6,713","1,000","6,713","1,000","6,713","4,000","26,852","3,000","20,139","2,000","13,426","2,000","13,426","2,000","13,426","1,000","6,713","1,000","6,713","0,000","0,000"
869,Santa Margarida - Campo Grande,Santa Cruz,Volta,9.067,"0,000","0,000","0,000","0,000","0,000","0,000","0,000","0,000","1,000","9,067","1,000","9,067","4,000","36,268","5,000","45,335","6,000","54,402","5,000","45,335","5,000","45,335","1,000","9,067","1,000","9,067","1,000","9,067","0,000","0,000","0,000","0,000","0,000","0,000","1,000","9,067","1,000","9,067","1,000","9,067","3,000","27,201","3,000","27,201","3,000","27,201","3,000","27,201","3,000","27,201","1,000","9,067","1,000","9,067","1,000","9,067","0,000","0,000","0,000","0,000","0,000","0,000","0,000","0,000","0,000","0,000","1,000","9,067","3,000","27,201","3,000","27,201","3,000","27,201","3,000","27,201","3,000","27,201","1,000","9,067","1,000","9,067","1,000","9,067","0,000","0,000","0,000","0,000","0,000","0,000","0,000","0,000","1,000","9,067","1,000","9,067","2,000","18,134","3,000","27,201","4,000","36,268","3,000","27,201","3,000","27,201","1,000","9,067","1,000","9,067","1,000","9,067"
870,Sepetiba - Santa Cruz,Santa Cruz,Ida,14.300,"0,000","0,000","0,000","0,000","2,000","28,600","2,000","28,600","4,000","57,200","3,000","42,900","9,000","128,700","10,000","143,000","9,000","128,700","10,000","143,000","9,000","128,700","2,000","28,600","2,000","28,600","0,000","0,000","0,000","0,000","0,000","0,000","1,000","14,300","3,000","42,900","2,000","28,600","2,000","28,600","10,000","143,000","10,000","143,000","10,000","143,000","10,000","143,000","9,000","128,700","3,000","42,900","2,000","28,600","0,000","0,000","0,000","0,000","0,000","0,000","1,000","14,300","2,000","28,600","3,000","42,900","3,000","42,900","9,000","128,700","9,000","128,700","9,000","128,700","9,000","128,700","9,000","128,700","3,000","42,900","2,000","28,600","1,000","14,300","0,000","0,000","0,000","0,000","1,000","14,300","1,000","14,300","2,000","28,600","2,000","28,600","6,000","85,800","6,000","85,800","6,000","85,800","6,000","85,800","6,000","85,800","1,000","14,300","1,000","14,300","0,000","0,000"
870,Sepetiba - Santa Cruz,Santa Cruz,Volta,13.857,"0,000","0,000","0,000","0,000","0,000","0,000","2,000","27,714","3,000","41,571","3,000","41,571","10,000","138,570","8,000","110,856","10,000","138,570","10,000","138,570","10,000","138,570","2,000","27,714","2,000","27,714","2,000","27,714","0,000","0,000","0,000","0,000","0,000","0,000","2,000","27,714","2,000","27,714","2,000","27,714","9,000","124,713","10,000","138,570","10,000","138,570","10,000","138,570","9,000","124,713","4,000","55,428","2,000","27,714","2,000","27,714","0,000","0,000","0,000","0,000","0,000","0,000","2,000","27,714","2,000","27,714","3,000","41,571","9,000","124,713","8,000","110,856","10,000","138,570","9,000","124,713","9,000","124,713","3,000","41,571","3,000","41,571","2,000","27,714","0,000","0,000","0,000","0,000","0,000","0,000","1,000","13,857","2,000","27,714","2,000","27,714","6,000","83,142","5,000","69,285","6,000","83,142","6,000","83,142","6,000","83,142","1,000","13,857","1,000","13,857","1,000","13,857"
871,Terminal Pingo d'Água - Cesarão,Santa Cruz,Ida,16.982,"1,000","16,982","0,000","0,000","0,000","0,000","2,000","33,964","3,000","50,946","4,000","67,928","13,000","220,766","10,000","169,820","10,000","169,820","16,000","271,712","14,000","237,748","3,000","50,946","2,000","33,964","2,000","33,964","1,000","16,982","0,000","0,000","0,000","0,000","1,000","16,982","1,000","16,982","2,000","33,964","8,000","135,856","7,000","118,874","6,000","101,892","9,000","152,838","8,000","135,856","2,000","33,964","2,000","33,964","2,000","33,964","0,000","0,000","0,000","0,000","0,000","0,000","1,000","16,982","1,000","16,982","1,000","16,982","6,000","101,892","6,000","101,892","4,000","67,928","5,000","84,910","6,000","101,892","2,000","33,964","1,000","16,982","1,000","16,982","1,000","16,982","0,000","0,000","0,000","0,000","1,000","16,982","2,000","33,964","2,000","33,964","8,000","135,856","6,000","101,892","6,000","101,892","10,000","169,820","9,000","152,838","2,000","33,964","1,000","16,982","1,000","16,982"
871,Terminal Pingo d'Água - Cesarão,Santa Cruz,Volta,18.632,"1,000","18,632","0,000","0,000","0,000","0,000","1,000","18,632","4,000","74,528","5,000","93,160","16,000","298,112","11,000","204,952","8,000","149,056","13,000","242,216","11,000","204,952","2,000","37,264","2,000","37,264","1,000","18,632","1,000","18,632","0,000","0,000","0,000","0,000","1,000","18,632","2,000","37,264","2,000","37,264","9,000","167,688","8,000","149,056","6,000","111,792","8,000","149,056","5,000","93,160","1,000","18,632","1,000","18,632","1,000","18,632","1,000","18,632","0,000","0,000","0,000","0,000","1,000","18,632","1,000","18,632","1,000","18,632","5,000","93,160","6,000","111,792","4,000","74,528","4,000","74,528","3,000","55,896","1,000","18,632","1,000","18,632","1,000","18,632","1,000","18,632","0,000","0,000","0,000","0,000","1,000","18,632","2,000","37,264","3,000","55,896","10,000","186,320","7,000","130,424","5,000","93,160","8,000","149,056","7,000","130,424","1,000","18,632","1,000","18,632","1,000","18,632"
872,Praia de Sepetiba - Terminal Mato Alto,Santa Cruz,Circular,31.373,"0,000","0,000","0,000","0,000","0,000","0,000","1,000","31,373","2,000","62,746","5,000","156,865","13,000","407,849","9,000","282,357","9,000","282,357","14,000","439,222","9,000","282,357","1,000","31,373","1,000","31,373","1,000","31,373","0,000","0,000","0,000","0,000","0,000","0,000","1,000","31,373","2,000","62,746","2,000","62,746","8,000","250,984","6,000","188,238","5,000","156,865","6,000","188,238","5,000","156,865","1,000","31,373","1,000","31,373","0,000","0,000","0,000","0,000","0,000","0,000","0,000","0,000","0,000","0,000","1,000","31,373","1,000","31,373","5,000","156,865","3,000","94,119","4,000","125,492","4,000","125,492","3,000","94,119","1,000","31,373","1,000","31,373","0,000","0,000","0,000","0,000","0,000","0,000","0,000","0,000","1,000","31,373","1,000","31,373","3,000","94,119","8,000","250,984","6,000","188,238","6,000","188,238","9,000","282,357","6,000","188,238","1,000","31,373","1,000","31,373","1,000","31,373"
878,Tanque - Barra da Tijuca,Transcarioca,Ida,19.474,"0,000","0,000","0,000","0,000","0,000","0,000","5,000","97,370","10,000","194,740","12,000","233,688","29,000","564,746","21,000","408,954","23,000","447,902","25,000","486,850","20,000","389,480","5,000","97,370","4,000","77,896","1,000","19,474","0,000","0,000","0,000","0,000","0,000","0,000","3,000","58,422","6,000","116,844","6,000","116,844","21,000","408,954","16,000","311,584","12,000","233,688","18,000","350,532","12,000","233,688","3,000","58,422","3,000","58,422","0,000","0,000","0,000","0,000","0,000","0,000","0,000","0,000","3,000","58,422","4,000","77,896","6,000","116,844","16,000","311,584","12,000","233,688","12,000","233,688","16,000","311,584","11,000","214,214","3,000","58,422","3,000","58,422","0,000","0,000","0,000","0,000","0,000","0,000","0,000","0,000","3,000","58,422","6,000","116,844","7,000","136,318","18,000","350,532","13,000","253,162","14,000","272,636","16,000","311,584","12,000","233,688","3,000","58,422","2,000","38,948","1,000","19,474"
878,Tanque - Barra da Tijuca,Transcarioca,Volta,24.589,"0,000","0,000","0,000","0,000","0,000","0,000","1,000","24,589","4,000","98,356","9,000","221,301","26,000","639,314","25,000","614,725","21,000","516,369","24,000","590,136","23,000","565,547","9,000","221,301","8,000","196,712","5,000","122,945","1,000","24,589","0,000","0,000","0,000","0,000","0,000","0,000","3,000","73,767","3,000","73,767","19,000","467,191","19,000","467,191","13,000","319,657","14,000","344,246","17,000","418,013","4,000","98,356","4,000","98,356","3,000","73,767","0,000","0,000","0,000","0,000","0,000","0,000","0,000","0,000","3,000","73,767","3,000","73,767","15,000","368,835","13,000","319,657","12,000","295,068","14,000","344,246","17,000","418,013","3,000","73,767","3,000","73,767","3,000","73,767","0,000","0,000","0,000","0,000","0,000","0,000","1,000","24,589","2,000","49,178","6,000","147,534","16,000","393,424","16,000","393,424","13,000","319,657","15,000","368,835","14,000","344,246","6,000","147,534","5,000","122,945","3,000","73,767"
880,Rio das Pedras - Terminal Alvorada,Transcarioca,Ida,13.542,"0,000","0,000","0,000","0,000","0,000","0,000","0,000","0,000","0,000","0,000","10,000","135,420","37,000","501,054","17,000","230,214","17,000","230,214","24,000","325,008","19,000","257,298","2,000","27,084","0,000","0,000","0,000","0,000","0,000","0,000","0,000","0,000","0,000","0,000","0,000","0,000","0,000","0,000","6,000","81,252","21,000","284,382","16,000","216,672","16,000","216,672","13,000","176,046","12,000","162,504","2,000","27,084","0,000","0,000","0,000","0,000","0,000","0,000","0,000","0,000","0,000","0,000","0,000","0,000","0,000","0,000","3,000","40,626","10,000","135,420","14,000","189,588","12,000","162,504","10,000","135,420","12,000","162,504","2,000","27,084","0,000","0,000","0,000","0,000","0,000","0,000","0,000","0,000","0,000","0,000","0,000","0,000","0,000","0,000","6,000","81,252","23,000","311,466","11,000","148,962","11,000","148,962","15,000","203,130","12,000","162,504","1,000","13,542","0,000","0,000","0,000","0,000"
880,Rio das Pedras - Terminal Alvorada,Transcarioca,Volta,10.619,"0,000","0,000","0,000","0,000","0,000","0,000","0,000","0,000","0,000","0,000","3,000","31,857","30,000","318,570","14,000","148,666","14,000","148,666","30,000","318,570","23,000","244,237","5,000","53,095","5,000","53,095","0,000","0,000","0,000","0,000","0,000","0,000","0,000","0,000","0,000","0,000","0,000","0,000","2,000","21,238","17,000","180,523","13,000","138,047","14,000","148,666","15,000","159,285","15,000","159,285","4,000","42,476","5,000","53,095","0,000","0,000","0,000","0,000","0,000","0,000","0,000","0,000","0,000","0,000","0,000","0,000","1,000","10,619","8,000","84,952","12,000","127,428","9,000","95,571","12,000","127,428","14,000","148,666","4,000","42,476","3,000","31,857","0,000","0,000","0,000","0,000","0,000","0,000","0,000","0,000","0,000","0,000","0,000","0,000","2,000","21,238","19,000","201,761","9,000","95,571","9,000","95,571","19,000","201,761","14,000","148,666","3,000","31,857","3,000","31,857","0,000","0,000"
881,Taquara - Terminal Alvorada,Transcarioca,Ida,20.256,"0,000","0,000","0,000","0,000","0,000","0,000","0,000","0,000","1,000","20,256","3,000","60,768","9,000","182,304","4,000","81,024","6,000","121,536","6,000","121,536","5,000","101,280","1,000","20,256","1,000","20,256","0,000","0,000","0,000","0,000","0,000","0,000","0,000","0,000","0,000","0,000","0,000","0,000","1,000","20,256","4,000","81,024","3,000","60,768","5,000","101,280","3,000","60,768","3,000","60,768","1,000","20,256","0,000","0,000","0,000","0,000","0,000","0,000","0,000","0,000","0,000","0,000","0,000","0,000","1,000","20,256","1,000","20,256","3,000","60,768","3,000","60,768","3,000","60,768","3,000","60,768","3,000","60,768","1,000","20,256","0,000","0,000","0,000","0,000","0,000","0,000","0,000","0,000","0,000","0,000","0,000","0,000","1,000","20,256","2,000","40,512","6,000","121,536","2,000","40,512","4,000","81,024","4,000","81,024","3,000","60,768","1,000","20,256","1,000","20,256","0,000","0,000"
881,Taquara - Terminal Alvorada,Transcarioca,Volta,24.016,"0,000","0,000","0,000","0,000","0,000","0,000","0,000","0,000","1,000","24,016","1,000","24,016","8,000","192,128","4,000","96,064","4,000","96,064","7,000","168,112","5,000","120,080","1,000","24,016","1,000","24,016","0,000","0,000","0,000","0,000","0,000","0,000","0,000","0,000","0,000","0,000","1,000","24,016","1,000","24,016","3,000","72,048","3,000","72,048","3,000","72,048","3,000","72,048","3,000","72,048","1,000","24,016","1,000","24,016","0,000","0,000","0,000","0,000","0,000","0,000","0,000","0,000","0,000","0,000","1,000","24,016","1,000","24,016","3,000","72,048","3,000","72,048","3,000","72,048","3,000","72,048","3,000","72,048","1,000","24,016","1,000","24,016","0,000","0,000","0,000","0,000","0,000","0,000","0,000","0,000","0,000","0,000","1,000","24,016","1,000","24,016","5,000","120,080","2,000","48,032","2,000","48,032","4,000","96,064","3,000","72,048","1,000","24,016","1,000","24,016","0,000","0,000"
883,Terminal Mato Alto - Terminal Deodoro,Santa Cruz,Ida,32.586,"1,000","32,586","1,000","32,586","1,000","32,586","2,000","65,172","5,000","162,930","6,000","195,516","20,000","651,720","11,000","358,446","11,000","358,446","18,000","586,548","13,000","423,618","3,000","97,758","2,000","65,172","2,000","65,172","1,000","32,586","1,000","32,586","0,000","0,000","1,000","32,586","2,000","65,172","3,000","97,758","11,000","358,446","10,000","325,860","10,000","325,860","11,000","358,446","8,000","260,688","2,000","65,172","2,000","65,172","1,000","32,586","1,000","32,586","1,000","32,586","1,000","32,586","1,000","32,586","2,000","65,172","2,000","65,172","6,000","195,516","6,000","195,516","6,000","195,516","8,000","260,688","6,000","195,516","1,000","32,586","1,000","32,586","1,000","32,586","1,000","32,586","1,000","32,586","1,000","32,586","1,000","32,586","3,000","97,758","4,000","130,344","12,000","391,032","7,000","228,102","7,000","228,102","11,000","358,446","8,000","260,688","2,000","65,172","1,000","32,586","1,000","32,586"
883,Terminal Mato Alto - Terminal Deodoro,Santa Cruz,Volta,33.070,"1,000","33,070","1,000","33,070","1,000","33,070","1,000","33,070","3,000","99,210","5,000","165,350","17,000","562,190","12,000","396,840","13,000","429,910","17,000","562,190","13,000","429,910","3,000","99,210","3,000","99,210","2,000","66,140","1,000","33,070","1,000","33,070","0,000","0,000","1,000","33,070","2,000","66,140","3,000","99,210","11,000","363,770","10,000","330,700","10,000","330,700","9,000","297,630","8,000","264,560","2,000","66,140","2,000","66,140","1,000","33,070","1,000","33,070","1,000","33,070","1,000","33,070","1,000","33,070","2,000","66,140","2,000","66,140","8,000","264,560","6,000","198,420","6,000","198,420","6,000","198,420","6,000","198,420","2,000","66,140","1,000","33,070","1,000","33,070","1,000","33,070","1,000","33,070","1,000","33,070","1,000","33,070","2,000","66,140","3,000","99,210","11,000","363,770","7,000","231,490","8,000","264,560","11,000","363,770","8,000","264,560","2,000","66,140","2,000","66,140","1,000","33,070"
884,Sepetiba - Terminal Campo Grande,Santa Cruz,Ida,24.741,"0,000","0,000","0,000","0,000","0,000","0,000","0,000","0,000","2,000","49,482","5,000","123,705","14,000","346,374","11,000","272,151","10,000","247,410","11,000","272,151","9,000","222,669","2,000","49,482","0,000","0,000","0,000","0,000","0,000","0,000","0,000","0,000","0,000","0,000","0,000","0,000","2,000","49,482","2,000","49,482","11,000","272,151","10,000","247,410","7,000","173,187","7,000","173,187","6,000","148,446","2,000","49,482","0,000","0,000","0,000","0,000","0,000","0,000","0,000","0,000","0,000","0,000","0,000","0,000","1,000","24,741","2,000","49,482","6,000","148,446","8,000","197,928","6,000","148,446","6,000","148,446","6,000","148,446","2,000","49,482","0,000","0,000","0,000","0,000","0,000","0,000","0,000","0,000","0,000","0,000","0,000","0,000","1,000","24,741","3,000","74,223","9,000","222,669","7,000","173,187","6,000","148,446","7,000","173,187","6,000","148,446","1,000","24,741","0,000","0,000","0,000","0,000"
884,Sepetiba - Terminal Campo Grande,Santa Cruz,Volta,26.192,"0,000","0,000","0,000","0,000","0,000","0,000","0,000","0,000","0,000","0,000","3,000","78,576","11,000","288,112","8,000","209,536","10,000","261,920","12,000","314,304","11,000","288,112","2,000","52,384","2,000","52,384","0,000","0,000","0,000","0,000","0,000","0,000","0,000","0,000","0,000","0,000","0,000","0,000","1,000","26,192","9,000","235,728","7,000","183,344","9,000","235,728","9,000","235,728","7,000","183,344","2,000","52,384","2,000","52,384","0,000","0,000","0,000","0,000","0,000","0,000","0,000","0,000","0,000","0,000","0,000","0,000","1,000","26,192","6,000","157,152","6,000","157,152","6,000","157,152","6,000","157,152","6,000","157,152","2,000","52,384","1,000","26,192","0,000","0,000","0,000","0,000","0,000","0,000","0,000","0,000","0,000","0,000","0,000","0,000","2,000","52,384","7,000","183,344","5,000","130,960","6,000","157,152","7,000","183,344","7,000","183,344","1,000","26,192","1,000","26,192","0,000","0,000"
885,Terminal Mato Alto - Santa Cruz,Santa Cruz,Ida,18.478,"0,000","0,000","0,000","0,000","0,000","0,000","0,000","0,000","1,000","18,478","1,000","18,478","12,000","221,736","7,000","129,346","6,000","110,868","10,000","184,780","6,000","110,868","1,000","18,478","0,000","0,000","0,000","0,000","0,000","0,000","0,000","0,000","0,000","0,000","0,000","0,000","1,000","18,478","1,000","18,478","4,000","73,912","6,000","110,868","5,000","92,390","5,000","92,390","3,000","55,434","1,000","18,478","0,000","0,000","0,000","0,000","0,000","0,000","0,000","0,000","0,000","0,000","0,000","0,000","1,000","18,478","1,000","18,478","4,000","73,912","4,000","73,912","3,000","55,434","3,000","55,434","3,000","55,434","1,000","18,478","0,000","0,000","0,000","0,000","0,000","0,000","0,000","0,000","0,000","0,000","0,000","0,000","1,000","18,478","1,000","18,478","7,000","129,346","4,000","73,912","4,000","73,912","6,000","110,868","4,000","73,912","1,000","18,478","0,000","0,000","0,000","0,000"
885,Terminal Mato Alto - Santa Cruz,Santa Cruz,Volta,17.598,"0,000","0,000","0,000","0,000","0,000","0,000","0,000","0,000","0,000","0,000","2,000","35,196","14,000","246,372","8,000","140,784","8,000","140,784","8,000","140,784","4,000","70,392","1,000","17,598","1,000","17,598","0,000","0,000","0,000","0,000","0,000","0,000","0,000","0,000","0,000","0,000","0,000","0,000","2,000","35,196","5,000","87,990","5,000","87,990","5,000","87,990","3,000","52,794","3,000","52,794","1,000","17,598","1,000","17,598","0,000","0,000","0,000","0,000","0,000","0,000","0,000","0,000","0,000","0,000","0,000","0,000","1,000","17,598","5,000","87,990","5,000","87,990","3,000","52,794","4,000","70,392","3,000","52,794","1,000","17,598","1,000","17,598","0,000","0,000","0,000","0,000","0,000","0,000","0,000","0,000","0,000","0,000","0,000","0,000","1,000","17,598","9,000","158,382","5,000","87,990","5,000","87,990","5,000","87,990","2,000","35,196","1,000","17,598","1,000","17,598","0,000","0,000"
892,São Benedito - Santa Cruz,Santa Cruz,Circular,11.073,"0,000","0,000","0,000","0,000","0,000","0,000","1,000","11,073","2,000","22,146","2,000","22,146","8,000","88,584","8,000","88,584","7,000","77,511","9,000","99,657","8,000","88,584","1,000","11,073","1,000","11,073","0,000","0,000","0,000","0,000","0,000","0,000","0,000","0,000","1,000","11,073","1,000","11,073","1,000","11,073","4,000","44,292","5,000","55,365","5,000","55,365","4,000","44,292","3,000","33,219","1,000","11,073","1,000","11,073","1,000","11,073","1,000","11,073","0,000","0,000","0,000","0,000","0,000","0,000","1,000","11,073","1,000","11,073","3,000","33,219","3,000","33,219","3,000","33,219","3,000","33,219","3,000","33,219","1,000","11,073","1,000","11,073","0,000","0,000","0,000","0,000","0,000","0,000","0,000","0,000","1,000","11,073","1,000","11,073","1,000","11,073","5,000","55,365","5,000","55,365","4,000","44,292","6,000","66,438","5,000","55,365","1,000","11,073","1,000","11,073","0,000","0,000"
893,Jardim Palmares - Campo Grande,Santa Cruz,Ida,12.246,"0,000","0,000","0,000","0,000","0,000","0,000","0,000","0,000","0,000","0,000","1,000","12,246","7,000","85,722","4,000","48,984","4,000","48,984","3,000","36,738","3,000","36,738","1,000","12,246","0,000","0,000","0,000","0,000","0,000","0,000","0,000","0,000","0,000","0,000","0,000","0,000","0,000","0,000","1,000","12,246","3,000","36,738","3,000","36,738","3,000","36,738","3,000","36,738","3,000","36,738","1,000","12,246","0,000","0,000","0,000","0,000","0,000","0,000","0,000","0,000","0,000","0,000","0,000","0,000","0,000","0,000","1,000","12,246","3,000","36,738","3,000","36,738","3,000","36,738","3,000","36,738","3,000","36,738","1,000","12,246","0,000","0,000","0,000","0,000","0,000","0,000","0,000","0,000","0,000","0,000","0,000","0,000","0,000","0,000","1,000","12,246","4,000","48,984","2,000","24,492","2,000","24,492","2,000","24,492","2,000","24,492","1,000","12,246","0,000","0,000","0,000","0,000"
893,Jardim Palmares - Campo Grande,Santa Cruz,Volta,14.112,"0,000","0,000","0,000","0,000","0,000","0,000","0,000","0,000","0,000","0,000","1,000","14,112","6,000","84,672","4,000","56,448","5,000","70,560","5,000","70,560","4,000","56,448","1,000","14,112","1,000","14,112","0,000","0,000","0,000","0,000","0,000","0,000","0,000","0,000","0,000","0,000","0,000","0,000","1,000","14,112","3,000","42,336","3,000","42,336","3,000","42,336","3,000","42,336","3,000","42,336","1,000","14,112","1,000","14,112","0,000","0,000","0,000","0,000","0,000","0,000","0,000","0,000","0,000","0,000","0,000","0,000","1,000","14,112","3,000","42,336","3,000","42,336","3,000","42,336","3,000","42,336","3,000","42,336","0,000","0,000","0,000","0,000","0,000","0,000","0,000","0,000","0,000","0,000","0,000","0,000","0,000","0,000","0,000","0,000","1,000","14,112","4,000","56,448","2,000","28,224","3,000","42,336","3,000","42,336","2,000","28,224","1,000","14,112","1,000","14,112","0,000","0,000"
894,Terminal Campo Grande - Jardim Moriçaba,Santa Cruz,Circular,8.053,"0,000","0,000","0,000","0,000","0,000","0,000","0,000","0,000","1,000","8,053","1,000","8,053","6,000","48,318","5,000","40,265","7,000","56,371","6,000","48,318","5,000","40,265","1,000","8,053","0,000","0,000","0,000","0,000","0,000","0,000","0,000","0,000","0,000","0,000","0,000","0,000","1,000","8,053","1,000","8,053","3,000","24,159","4,000","32,212","3,000","24,159","4,000","32,212","3,000","24,159","1,000","8,053","1,000","8,053","0,000","0,000","0,000","0,000","0,000","0,000","0,000","0,000","0,000","0,000","1,000","8,053","1,000","8,053","3,000","24,159","3,000","24,159","3,000","24,159","3,000","24,159","3,000","24,159","1,000","8,053","1,000","8,053","1,000","8,053","0,000","0,000","0,000","0,000","0,000","0,000","0,000","0,000","1,000","8,053","1,000","8,053","4,000","32,212","3,000","24,159","4,000","32,212","4,000","32,212","3,000","24,159","1,000","8,053","0,000","0,000","0,000","0,000"
895,Serrinha - Campo Grande,Santa Cruz,Ida,13.376,"0,000","0,000","0,000","0,000","0,000","0,000","0,000","0,000","0,000","0,000","0,000","0,000","7,000","93,632","6,000","80,256","6,000","80,256","6,000","80,256","4,000","53,504","1,000","13,376","0,000","0,000","0,000","0,000","0,000","0,000","0,000","0,000","0,000","0,000","0,000","0,000","0,000","0,000","0,000","0,000","4,000","53,504","6,000","80,256","4,000","53,504","4,000","53,504","3,000","40,128","1,000","13,376","0,000","0,000","0,000","0,000","0,000","0,000","0,000","0,000","0,000","0,000","0,000","0,000","0,000","0,000","0,000","0,000","3,000","40,128","3,000","40,128","3,000","40,128","3,000","40,128","3,000","40,128","1,000","13,376","0,000","0,000","0,000","0,000","0,000","0,000","0,000","0,000","0,000","0,000","0,000","0,000","0,000","0,000","0,000","0,000","4,000","53,504","4,000","53,504","4,000","53,504","4,000","53,504","2,000","26,752","1,000","13,376","0,000","0,000","0,000","0,000"
895,Serrinha - Campo Grande,Santa Cruz,Volta,12.811,"0,000","0,000","0,000","0,000","0,000","0,000","0,000","0,000","0,000","0,000","1,000","12,811","6,000","76,866","5,000","64,055","7,000","89,677","6,000","76,866","5,000","64,055","1,000","12,811","0,000","0,000","0,000","0,000","0,000","0,000","0,000","0,000","0,000","0,000","0,000","0,000","0,000","0,000","1,000","12,811","3,000","38,433","4,000","51,244","4,000","51,244","3,000","38,433","3,000","38,433","1,000","12,811","0,000","0,000","0,000","0,000","0,000","0,000","0,000","0,000","0,000","0,000","0,000","0,000","0,000","0,000","1,000","12,811","3,000","38,433","3,000","38,433","3,000","38,433","3,000","38,433","3,000","38,433","1,000","12,811","0,000","0,000","0,000","0,000","0,000","0,000","0,000","0,000","0,000","0,000","0,000","0,000","0,000","0,000","1,000","12,811","4,000","51,244","3,000","38,433","4,000","51,244","4,000","51,244","3,000","38,433","1,000","12,811","0,000","0,000","0,000","0,000"
897,Paciência - Terminal Pingo d'Água,Santa Cruz,Ida,7.649,"0,000","0,000","0,000","0,000","0,000","0,000","0,000","0,000","6,000","45,894","10,000","76,490","29,000","221,821","20,000","152,980","20,000","152,980","22,000","168,278","25,000","191,225","4,000","30,596","0,000","0,000","0,000","0,000","0,000","0,000","0,000","0,000","0,000","0,000","0,000","0,000","4,000","30,596","6,000","45,894","20,000","152,980","15,000","114,735","15,000","114,735","14,000","107,086","13,000","99,437","2,000","15,298","0,000","0,000","0,000","0,000","0,000","0,000","0,000","0,000","0,000","0,000","0,000","0,000","1,000","7,649","4,000","30,596","10,000","76,490","11,000","84,139","8,000","61,192","10,000","76,490","8,000","61,192","2,000","15,298","0,000","0,000","0,000","0,000","0,000","0,000","0,000","0,000","0,000","0,000","0,000","0,000","4,000","30,596","6,000","45,894","18,000","137,682","12,000","91,788","12,000","91,788","14,000","107,086","16,000","122,384","2,000","15,298","0,000","0,000","0,000","0,000"
897,Paciência - Terminal Pingo d'Água,Santa Cruz,Volta,9.091,"0,000","0,000","0,000","0,000","0,000","0,000","0,000","0,000","0,000","0,000","4,000","36,364","24,000","218,184","16,000","145,456","18,000","163,638","27,000","245,457","23,000","209,093","6,000","54,546","4,000","36,364","0,000","0,000","0,000","0,000","0,000","0,000","0,000","0,000","0,000","0,000","0,000","0,000","2,000","18,182","16,000","145,456","13,000","118,183","15,000","136,365","17,000","154,547","16,000","145,456","4,000","36,364","3,000","27,273","0,000","0,000","0,000","0,000","0,000","0,000","0,000","0,000","0,000","0,000","0,000","0,000","1,000","9,091","9,000","81,819","9,000","81,819","8,000","72,728","12,000","109,092","11,000","100,001","3,000","27,273","3,000","27,273","0,000","0,000","0,000","0,000","0,000","0,000","0,000","0,000","0,000","0,000","0,000","0,000","2,000","18,182","15,000","136,365","10,000","90,910","11,000","100,001","17,000","154,547","14,000","127,274","4,000","36,364","2,000","18,182","0,000","0,000"
898,Sepetiba - Campo Grande,Santa Cruz,Ida,30.262,"0,000","0,000","0,000","0,000","0,000","0,000","0,000","0,000","1,000","30,262","7,000","211,834","13,000","393,406","9,000","272,358","6,000","181,572","12,000","363,144","6,000","181,572","0,000","0,000","0,000","0,000","0,000","0,000","0,000","0,000","0,000","0,000","0,000","0,000","0,000","0,000","1,000","30,262","2,000","60,524","9,000","272,358","7,000","211,834","5,000","151,310","6,000","181,572","4,000","121,048","0,000","0,000","0,000","0,000","0,000","0,000","0,000","0,000","0,000","0,000","0,000","0,000","0,000","0,000","1,000","30,262","2,000","60,524","6,000","181,572","5,000","151,310","4,000","121,048","4,000","121,048","3,000","90,786","0,000","0,000","0,000","0,000","0,000","0,000","0,000","0,000","0,000","0,000","0,000","0,000","0,000","0,000","1,000","30,262","4,000","121,048","8,000","242,096","6,000","181,572","4,000","121,048","7,000","211,834","4,000","121,048","0,000","0,000","0,000","0,000","0,000","0,000"
898,Sepetiba - Campo Grande,Santa Cruz,Volta,32.643,"0,000","0,000","0,000","0,000","0,000","0,000","0,000","0,000","0,000","0,000","3,000","97,929","12,000","391,716","8,000","261,144","7,000","228,501","12,000","391,716","6,000","195,858","1,000","32,643","0,000","0,000","0,000","0,000","0,000","0,000","0,000","0,000","0,000","0,000","0,000","0,000","0,000","0,000","1,000","32,643","6,000","195,858","6,000","195,858","4,000","130,572","6,000","195,858","4,000","130,572","1,000","32,643","0,000","0,000","0,000","0,000","0,000","0,000","0,000","0,000","0,000","0,000","0,000","0,000","0,000","0,000","1,000","32,643","3,000","97,929","5,000","163,215","3,000","97,929","3,000","97,929","3,000","97,929","1,000","32,643","0,000","0,000","0,000","0,000","0,000","0,000","0,000","0,000","0,000","0,000","0,000","0,000","0,000","0,000","2,000","65,286","7,000","228,501","5,000","163,215","4,000","130,572","7,000","228,501","4,000","130,572","1,000","32,643","0,000","0,000","0,000","0,000"
899,Barra de Guaratiba - Terminal Recreio,Santa Cruz,Ida,20.334,"0,000","0,000","0,000","0,000","0,000","0,000","0,000","0,000","0,000","0,000","1,000","20,334","0,000","0,000","0,000","0,000","0,000","0,000","1,000","20,334","0,000","0,000","0,000","0,000","0,000","0,000","0,000","0,000","0,000","0,000","0,000","0,000","0,000","0,000","0,000","0,000","0,000","0,000","0,000","0,000","0,000","0,000","0,000","0,000","0,000","0,000","0,000","0,000","0,000","0,000","0,000","0,000","0,000","0,000","0,000","0,000","0,000","0,000","0,000","0,000","0,000","0,000","0,000","0,000","0,000","0,000","0,000","0,000","0,000","0,000","0,000","0,000","0,000","0,000","0,000","0,000","0,000","0,000","0,000","0,000","0,000","0,000","0,000","0,000","0,000","0,000","0,000","0,000","0,000","0,000","0,000","0,000","0,000","0,000","1,000","20,334","0,000","0,000","0,000","0,000","0,000","0,000","1,000","20,334","0,000","0,000","0,000","0,000","0,000","0,000","0,000","0,000"
899,Barra de Guaratiba - Terminal Recreio,Santa Cruz,Volta,22.836,"0,000","0,000","0,000","0,000","0,000","0,000","0,000","0,000","0,000","0,000","0,000","0,000","0,000","0,000","0,000","0,000","0,000","0,000","1,000","22,836","0,000","0,000","0,000","0,000","0,000","0,000","0,000","0,000","0,000","0,000","0,000","0,000","0,000","0,000","0,000","0,000","0,000","0,000","0,000","0,000","0,000","0,000","0,000","0,000","0,000","0,000","0,000","0,000","0,000","0,000","0,000","0,000","0,000","0,000","0,000","0,000","0,000","0,000","0,000","0,000","0,000","0,000","0,000","0,000","0,000","0,000","0,000","0,000","0,000","0,000","0,000","0,000","0,000","0,000","0,000","0,000","0,000","0,000","0,000","0,000","0,000","0,000","0,000","0,000","0,000","0,000","0,000","0,000","0,000","0,000","0,000","0,000","0,000","0,000","0,000","0,000","0,000","0,000","0,000","0,000","0,000","0,000","1,000","22,836","0,000","0,000","0,000","0,000","0,000","0,000","0,000","0,000"
900,Taquara - Downtown,Transcarioca,Ida,15.260,"0,000","0,000","0,000","0,000","0,000","0,000","0,000","0,000","0,000","0,000","5,000","76,300","24,000","366,240","10,000","152,600","9,000","137,340","12,000","183,120","8,000","122,080","1,000","15,260","1,000","15,260","0,000","0,000","0,000","0,000","0,000","0,000","0,000","0,000","0,000","0,000","0,000","0,000","3,000","45,780","12,000","183,120","10,000","152,600","7,000","106,820","6,000","91,560","4,000","61,040","1,000","15,260","1,000","15,260","0,000","0,000","0,000","0,000","0,000","0,000","0,000","0,000","0,000","0,000","0,000","0,000","2,000","30,520","5,000","76,300","6,000","91,560","6,000","91,560","3,000","45,780","3,000","45,780","1,000","15,260","1,000","15,260","0,000","0,000","0,000","0,000","0,000","0,000","0,000","0,000","0,000","0,000","0,000","0,000","3,000","45,780","15,000","228,900","6,000","91,560","6,000","91,560","7,000","106,820","5,000","76,300","1,000","15,260","1,000","15,260","0,000","0,000"
900,Taquara - Downtown,Transcarioca,Volta,15.457,"0,000","0,000","0,000","0,000","0,000","0,000","0,000","0,000","0,000","0,000","1,000","15,457","20,000","309,140","8,000","123,656","9,000","139,113","15,000","231,855","10,000","154,570","3,000","46,371","2,000","30,914","1,000","15,457","0,000","0,000","0,000","0,000","0,000","0,000","0,000","0,000","0,000","0,000","1,000","15,457","10,000","154,570","8,000","123,656","8,000","123,656","9,000","139,113","7,000","108,199","2,000","30,914","2,000","30,914","1,000","15,457","0,000","0,000","0,000","0,000","0,000","0,000","0,000","0,000","0,000","0,000","1,000","15,457","3,000","46,371","3,000","46,371","4,000","61,828","5,000","77,285","6,000","92,742","2,000","30,914","1,000","15,457","0,000","0,000","0,000","0,000","0,000","0,000","0,000","0,000","0,000","0,000","0,000","0,000","1,000","15,457","12,000","185,484","5,000","77,285","6,000","92,742","9,000","139,113","6,000","92,742","2,000","30,914","1,000","15,457","1,000","15,457"
901,Bonsucesso - Bananal,Internorte,Ida,25.042,"0,000","0,000","0,000","0,000","0,000","0,000","0,000","0,000","0,000","0,000","1,000","25,042","3,000","75,126","3,000","75,126","2,000","50,084","2,000","50,084","3,000","75,126","0,000","0,000","1,000","25,042","1,000","25,042","0,000","0,000","0,000","0,000","0,000","0,000","0,000","0,000","1,000","25,042","1,000","25,042","3,000","75,126","3,000","75,126","3,000","75,126","3,000","75,126","3,000","75,126","1,000","25,042","1,000","25,042","1,000","25,042","0,000","0,000","0,000","0,000","0,000","0,000","0,000","0,000","1,000","25,042","1,000","25,042","2,000","50,084","3,000","75,126","3,000","75,126","3,000","75,126","3,000","75,126","1,000","25,042","1,000","25,042","0,000","0,000","0,000","0,000","0,000","0,000","0,000","0,000","0,000","0,000","0,000","0,000","1,000","25,042","2,000","50,084","2,000","50,084","1,000","25,042","1,000","25,042","2,000","50,084","0,000","0,000","1,000","25,042","1,000","25,042"
901,Bonsucesso - Bananal,Internorte,Volta,26.417,"0,000","0,000","0,000","0,000","0,000","0,000","0,000","0,000","1,000","26,417","1,000","26,417","3,000","79,251","2,000","52,834","3,000","79,251","2,000","52,834","2,000","52,834","1,000","26,417","1,000","26,417","0,000","0,000","0,000","0,000","0,000","0,000","0,000","0,000","0,000","0,000","2,000","52,834","1,000","26,417","3,000","79,251","4,000","105,668","3,000","79,251","3,000","79,251","3,000","79,251","1,000","26,417","1,000","26,417","1,000","26,417","0,000","0,000","0,000","0,000","0,000","0,000","0,000","0,000","1,000","26,417","1,000","26,417","3,000","79,251","3,000","79,251","3,000","79,251","3,000","79,251","3,000","79,251","1,000","26,417","0,000","0,000","0,000","0,000","0,000","0,000","0,000","0,000","0,000","0,000","0,000","0,000","1,000","26,417","1,000","26,417","2,000","52,834","1,000","26,417","2,000","52,834","1,000","26,417","1,000","26,417","1,000","26,417","1,000","26,417","0,000","0,000"
905,Bonsucesso - Irajá,Internorte,Ida,16.214,"0,000","0,000","0,000","0,000","0,000","0,000","0,000","0,000","1,000","16,214","4,000","64,856","25,000","405,350","18,000","291,852","19,000","308,066","22,000","356,708","15,000","243,210","3,000","48,642","2,000","32,428","1,000","16,214","0,000","0,000","0,000","0,000","0,000","0,000","0,000","0,000","1,000","16,214","2,000","32,428","12,000","194,568","12,000","194,568","12,000","194,568","10,000","162,140","7,000","113,498","2,000","32,428","1,000","16,214","1,000","16,214","0,000","0,000","0,000","0,000","0,000","0,000","0,000","0,000","1,000","16,214","1,000","16,214","7,000","113,498","8,000","129,712","7,000","113,498","7,000","113,498","6,000","97,284","1,000","16,214","1,000","16,214","0,000","0,000","0,000","0,000","0,000","0,000","0,000","0,000","0,000","0,000","1,000","16,214","2,000","32,428","16,000","259,424","11,000","178,354","12,000","194,568","14,000","226,996","9,000","145,926","2,000","32,428","1,000","16,214","1,000","16,214"
905,Bonsucesso - Irajá,Internorte,Volta,17.446,"0,000","0,000","0,000","0,000","0,000","0,000","1,000","17,446","2,000","34,892","6,000","104,676","31,000","540,826","20,000","348,920","17,000","296,582","21,000","366,366","12,000","209,352","2,000","34,892","1,000","17,446","1,000","17,446","0,000","0,000","0,000","0,000","0,000","0,000","0,000","0,000","2,000","34,892","3,000","52,338","14,000","244,244","15,000","261,690","12,000","209,352","9,000","157,014","7,000","122,122","1,000","17,446","1,000","17,446","1,000","17,446","0,000","0,000","0,000","0,000","0,000","0,000","0,000","0,000","1,000","17,446","2,000","34,892","8,000","139,568","10,000","174,460","7,000","122,122","7,000","122,122","4,000","69,784","1,000","17,446","1,000","17,446","0,000","0,000","0,000","0,000","0,000","0,000","0,000","0,000","1,000","17,446","1,000","17,446","4,000","69,784","19,000","331,474","12,000","209,352","11,000","191,906","13,000","226,798","7,000","122,122","1,000","17,446","1,000","17,446","1,000","17,446"
906,Jardim América - Caju,Internorte,Ida,28.958,"0,000","0,000","0,000","0,000","0,000","0,000","0,000","0,000","5,000","144,790","6,000","173,748","10,000","289,580","7,000","202,706","7,000","202,706","8,000","231,664","3,000","86,874","1,000","28,958","1,000","28,958","0,000","0,000","0,000","0,000","0,000","0,000","0,000","0,000","0,000","0,000","1,000","28,958","2,000","57,916","6,000","173,748","6,000","173,748","5,000","144,790","3,000","86,874","3,000","86,874","1,000","28,958","1,000","28,958","0,000","0,000","0,000","0,000","0,000","0,000","0,000","0,000","0,000","0,000","1,000","28,958","1,000","28,958","3,000","86,874","3,000","86,874","3,000","86,874","3,000","86,874","3,000","86,874","1,000","28,958","1,000","28,958","0,000","0,000","0,000","0,000","0,000","0,000","0,000","0,000","0,000","0,000","3,000","86,874","4,000","115,832","6,000","173,748","4,000","115,832","4,000","115,832","5,000","144,790","2,000","57,916","1,000","28,958","1,000","28,958","0,000","0,000"
906,Jardim América - Caju,Internorte,Volta,23.600,"0,000","0,000","0,000","0,000","0,000","0,000","0,000","0,000","0,000","0,000","1,000","23,600","8,000","188,800","6,000","141,600","7,000","165,200","10,000","236,000","5,000","118,000","1,000","23,600","1,000","23,600","1,000","23,600","0,000","0,000","0,000","0,000","0,000","0,000","0,000","0,000","0,000","0,000","1,000","23,600","4,000","94,400","5,000","118,000","5,000","118,000","3,000","70,800","3,000","70,800","1,000","23,600","1,000","23,600","1,000","23,600","0,000","0,000","0,000","0,000","0,000","0,000","0,000","0,000","0,000","0,000","1,000","23,600","3,000","70,800","3,000","70,800","3,000","70,800","3,000","70,800","3,000","70,800","1,000","23,600","1,000","23,600","1,000","23,600","0,000","0,000","0,000","0,000","0,000","0,000","0,000","0,000","0,000","0,000","1,000","23,600","5,000","118,000","4,000","94,400","4,000","94,400","6,000","141,600","3,000","70,800","1,000","23,600","1,000","23,600","1,000","23,600"
908,Terminal Deodoro - Bonsucesso,Internorte,Ida,24.856,"0,000","0,000","0,000","0,000","0,000","0,000","0,000","0,000","3,000","74,568","8,000","198,848","24,000","596,544","18,000","447,408","17,000","422,552","23,000","571,688","12,000","298,272","2,000","49,712","1,000","24,856","0,000","0,000","0,000","0,000","0,000","0,000","0,000","0,000","0,000","0,000","1,000","24,856","3,000","74,568","13,000","323,128","17,000","422,552","16,000","397,696","12,000","298,272","7,000","173,992","2,000","49,712","1,000","24,856","0,000","0,000","0,000","0,000","0,000","0,000","0,000","0,000","0,000","0,000","1,000","24,856","1,000","24,856","6,000","149,136","6,000","149,136","6,000","149,136","6,000","149,136","6,000","149,136","1,000","24,856","1,000","24,856","0,000","0,000","0,000","0,000","0,000","0,000","0,000","0,000","0,000","0,000","2,000","49,712","5,000","124,280","15,000","372,840","11,000","273,416","11,000","273,416","14,000","347,984","7,000","173,992","1,000","24,856","1,000","24,856","0,000","0,000"
908,Terminal Deodoro - Bonsucesso,Internorte,Volta,21.897,"0,000","0,000","0,000","0,000","0,000","0,000","0,000","0,000","2,000","43,794","4,000","87,588","21,000","459,837","20,000","437,940","21,000","459,837","28,000","613,116","15,000","328,455","3,000","65,691","2,000","43,794","0,000","0,000","0,000","0,000","0,000","0,000","0,000","0,000","0,000","0,000","1,000","21,897","1,000","21,897","12,000","262,764","19,000","416,043","17,000","372,249","14,000","306,558","9,000","197,073","2,000","43,794","2,000","43,794","0,000","0,000","0,000","0,000","0,000","0,000","0,000","0,000","0,000","0,000","1,000","21,897","1,000","21,897","6,000","131,382","8,000","175,176","6,000","131,382","6,000","131,382","6,000","131,382","1,000","21,897","1,000","21,897","0,000","0,000","0,000","0,000","0,000","0,000","0,000","0,000","0,000","0,000","1,000","21,897","2,000","43,794","13,000","284,661","12,000","262,764","13,000","284,661","17,000","372,249","9,000","197,073","2,000","43,794","1,000","21,897","0,000","0,000"
910,Bananal - Irajá,Internorte,Ida,26.730,"0,000","0,000","0,000","0,000","0,000","0,000","1,000","26,730","1,000","26,730","2,000","53,460","6,000","160,380","4,000","106,920","6,000","160,380","7,000","187,110","3,000","80,190","1,000","26,730","1,000","26,730","0,000","0,000","0,000","0,000","0,000","0,000","0,000","0,000","1,000","26,730","1,000","26,730","1,000","26,730","3,000","80,190","3,000","80,190","4,000","106,920","3,000","80,190","3,000","80,190","1,000","26,730","0,000","0,000","0,000","0,000","0,000","0,000","0,000","0,000","0,000","0,000","0,000","0,000","1,000","26,730","1,000","26,730","3,000","80,190","3,000","80,190","3,000","80,190","3,000","80,190","3,000","80,190","1,000","26,730","0,000","0,000","0,000","0,000","0,000","0,000","0,000","0,000","0,000","0,000","1,000","26,730","1,000","26,730","1,000","26,730","4,000","106,920","2,000","53,460","4,000","106,920","4,000","106,920","2,000","53,460","1,000","26,730","1,000","26,730","0,000","0,000"
910,Bananal - Irajá,Internorte,Volta,26.845,"0,000","0,000","0,000","0,000","0,000","0,000","1,000","26,845","2,000","53,690","2,000","53,690","8,000","214,760","5,000","134,225","5,000","134,225","6,000","161,070","5,000","134,225","1,000","26,845","1,000","26,845","1,000","26,845","0,000","0,000","0,000","0,000","0,000","0,000","0,000","0,000","1,000","26,845","1,000","26,845","4,000","107,380","3,000","80,535","5,000","134,225","4,000","107,380","3,000","80,535","1,000","26,845","1,000","26,845","0,000","0,000","0,000","0,000","0,000","0,000","0,000","0,000","0,000","0,000","0,000","0,000","1,000","26,845","3,000","80,535","3,000","80,535","3,000","80,535","3,000","80,535","3,000","80,535","1,000","26,845","1,000","26,845","0,000","0,000","0,000","0,000","0,000","0,000","0,000","0,000","1,000","26,845","1,000","26,845","1,000","26,845","5,000","134,225","3,000","80,535","3,000","80,535","4,000","107,380","3,000","80,535","1,000","26,845","1,000","26,845","1,000","26,845"
913,Del Castilho - Fundão,Internorte,Ida,14.704,"0,000","0,000","0,000","0,000","0,000","0,000","0,000","0,000","0,000","0,000","1,000","14,704","7,000","102,928","6,000","88,224","6,000","88,224","8,000","117,632","6,000","88,224","1,000","14,704","1,000","14,704","1,000","14,704","0,000","0,000","0,000","0,000","0,000","0,000","0,000","0,000","0,000","0,000","0,000","0,000","3,000","44,112","3,000","44,112","3,000","44,112","3,000","44,112","3,000","44,112","1,000","14,704","1,000","14,704","0,000","0,000","0,000","0,000","0,000","0,000","0,000","0,000","0,000","0,000","0,000","0,000","0,000","0,000","2,000","29,408","3,000","44,112","3,000","44,112","1,000","14,704","0,000","0,000","0,000","0,000","0,000","0,000","0,000","0,000","0,000","0,000","0,000","0,000","0,000","0,000","0,000","0,000","0,000","0,000","1,000","14,704","4,000","58,816","4,000","58,816","4,000","58,816","5,000","73,520","4,000","58,816","1,000","14,704","1,000","14,704","1,000","14,704"
913,Del Castilho - Fundão,Internorte,Volta,9.518,"0,000","0,000","0,000","0,000","0,000","0,000","0,000","0,000","0,000","0,000","1,000","9,518","5,000","47,590","3,000","28,554","4,000","38,072","6,000","57,108","3,000","28,554","1,000","9,518","1,000","9,518","0,000","0,000","0,000","0,000","0,000","0,000","0,000","0,000","0,000","0,000","0,000","0,000","0,000","0,000","3,000","28,554","3,000","28,554","3,000","28,554","3,000","28,554","3,000","28,554","1,000","9,518","0,000","0,000","0,000","0,000","0,000","0,000","0,000","0,000","0,000","0,000","0,000","0,000","0,000","0,000","0,000","0,000","3,000","28,554","3,000","28,554","3,000","28,554","0,000","0,000","0,000","0,000","0,000","0,000","0,000","0,000","0,000","0,000","0,000","0,000","0,000","0,000","0,000","0,000","0,000","0,000","0,000","0,000","1,000","9,518","3,000","28,554","2,000","19,036","2,000","19,036","4,000","38,072","2,000","19,036","1,000","9,518","1,000","9,518","0,000","0,000"
915,Bonsucesso - Aeroporto Internacional do RJ,Internorte,Ida,14.932,"0,000","0,000","0,000","0,000","0,000","0,000","0,000","0,000","1,000","14,932","1,000","14,932","3,000","44,796","3,000","44,796","3,000","44,796","3,000","44,796","3,000","44,796","1,000","14,932","0,000","0,000","0,000","0,000","0,000","0,000","0,000","0,000","0,000","0,000","0,000","0,000","1,000","14,932","1,000","14,932","3,000","44,796","3,000","44,796","3,000","44,796","3,000","44,796","3,000","44,796","1,000","14,932","1,000","14,932","0,000","0,000","0,000","0,000","0,000","0,000","0,000","0,000","0,000","0,000","0,000","0,000","1,000","14,932","3,000","44,796","3,000","44,796","3,000","44,796","3,000","44,796","3,000","44,796","1,000","14,932","1,000","14,932","0,000","0,000","0,000","0,000","0,000","0,000","0,000","0,000","0,000","0,000","1,000","14,932","1,000","14,932","2,000","29,864","2,000","29,864","2,000","29,864","2,000","29,864","2,000","29,864","1,000","14,932","0,000","0,000","0,000","0,000"
915,Bonsucesso - Aeroporto Internacional do RJ,Internorte,Volta,14.222,"0,000","0,000","0,000","0,000","0,000","0,000","0,000","0,000","1,000","14,222","1,000","14,222","3,000","42,666","3,000","42,666","3,000","42,666","3,000","42,666","3,000","42,666","1,000","14,222","1,000","14,222","0,000","0,000","0,000","0,000","0,000","0,000","0,000","0,000","1,000","14,222","1,000","14,222","1,000","14,222","3,000","42,666","3,000","42,666","3,000","42,666","3,000","42,666","3,000","42,666","1,000","14,222","1,000","14,222","1,000","14,222","0,000","0,000","0,000","0,000","0,000","0,000","0,000","0,000","0,000","0,000","1,000","14,222","3,000","42,666","3,000","42,666","3,000","42,666","3,000","42,666","3,000","42,666","1,000","14,222","1,000","14,222","1,000","14,222","0,000","0,000","0,000","0,000","0,000","0,000","0,000","0,000","1,000","14,222","1,000","14,222","2,000","28,444","2,000","28,444","2,000","28,444","2,000","28,444","2,000","28,444","1,000","14,222","1,000","14,222","0,000","0,000"
917,Padre Miguel - Bonsucesso,Internorte,Ida,29.539,"0,000","0,000","0,000","0,000","0,000","0,000","6,000","177,234","10,000","295,390","10,000","295,390","25,000","738,475","23,000","679,397","21,000","620,319","17,000","502,163","20,000","590,780","7,000","206,773","3,000","88,617","0,000","0,000","0,000","0,000","0,000","0,000","0,000","0,000","0,000","0,000","5,000","147,695","5,000","147,695","20,000","590,780","19,000","561,241","14,000","413,546","16,000","472,624","14,000","413,546","2,000","59,078","3,000","88,617","2,000","59,078","0,000","0,000","0,000","0,000","0,000","0,000","0,000","0,000","2,000","59,078","5,000","147,695","15,000","443,085","12,000","354,468","9,000","265,851","11,000","324,929","7,000","206,773","2,000","59,078","1,000","29,539","0,000","0,000","0,000","0,000","0,000","0,000","0,000","0,000","4,000","118,156","6,000","177,234","6,000","177,234","16,000","472,624","14,000","413,546","13,000","384,007","11,000","324,929","12,000","354,468","4,000","118,156","2,000","59,078","0,000","0,000"
917,Padre Miguel - Bonsucesso,Internorte,Volta,28.969,"0,000","0,000","0,000","0,000","0,000","0,000","0,000","0,000","5,000","144,845","9,000","260,721","26,000","753,194","25,000","724,225","21,000","608,349","20,000","579,380","19,000","550,411","8,000","231,752","6,000","173,814","5,000","144,845","0,000","0,000","0,000","0,000","0,000","0,000","0,000","0,000","1,000","28,969","9,000","260,721","20,000","579,380","18,000","521,442","14,000","405,566","16,000","463,504","13,000","376,597","2,000","57,938","2,000","57,938","2,000","57,938","0,000","0,000","0,000","0,000","0,000","0,000","0,000","0,000","0,000","0,000","2,000","57,938","15,000","434,535","13,000","376,597","10,000","289,690","11,000","318,659","8,000","231,752","2,000","57,938","2,000","57,938","1,000","28,969","0,000","0,000","0,000","0,000","0,000","0,000","0,000","0,000","3,000","86,907","6,000","173,814","16,000","463,504","16,000","463,504","13,000","376,597","12,000","347,628","12,000","347,628","5,000","144,845","4,000","115,876","3,000","86,907"
918,Bangu - Bonsucesso,Santa Cruz,Ida,36.760,"0,000","0,000","0,000","0,000","0,000","0,000","1,000","36,760","4,000","147,040","7,000","257,320","24,000","882,240","15,000","551,400","15,000","551,400","16,000","588,160","9,000","330,840","2,000","73,520","1,000","36,760","0,000","0,000","0,000","0,000","0,000","0,000","0,000","0,000","1,000","36,760","2,000","73,520","3,000","110,280","14,000","514,640","12,000","441,120","10,000","367,600","9,000","330,840","6,000","220,560","2,000","73,520","1,000","36,760","0,000","0,000","0,000","0,000","0,000","0,000","0,000","0,000","0,000","0,000","1,000","36,760","2,000","73,520","6,000","220,560","5,000","183,800","4,000","147,040","5,000","183,800","4,000","147,040","1,000","36,760","1,000","36,760","0,000","0,000","0,000","0,000","0,000","0,000","0,000","0,000","1,000","36,760","2,000","73,520","4,000","147,040","15,000","551,400","9,000","330,840","9,000","330,840","10,000","367,600","6,000","220,560","1,000","36,760","1,000","36,760","0,000","0,000"
918,Bangu - Bonsucesso,Santa Cruz,Volta,36.646,"1,000","36,646","0,000","0,000","0,000","0,000","1,000","36,646","1,000","36,646","3,000","109,938","20,000","732,920","16,000","586,336","14,000","513,044","19,000","696,274","11,000","403,106","2,000","73,292","2,000","73,292","1,000","36,646","1,000","36,646","0,000","0,000","0,000","0,000","1,000","36,646","1,000","36,646","1,000","36,646","12,000","439,752","12,000","439,752","11,000","403,106","9,000","329,814","8,000","293,168","2,000","73,292","2,000","73,292","1,000","36,646","1,000","36,646","0,000","0,000","0,000","0,000","0,000","0,000","1,000","36,646","1,000","36,646","5,000","183,230","4,000","146,584","5,000","183,230","3,000","109,938","6,000","219,876","2,000","73,292","1,000","36,646","1,000","36,646","1,000","36,646","0,000","0,000","0,000","0,000","1,000","36,646","1,000","36,646","2,000","73,292","12,000","439,752","10,000","366,460","9,000","329,814","12,000","439,752","7,000","256,522","1,000","36,646","1,000","36,646","1,000","36,646"
919,Pavuna - Bonsucesso,Internorte,Ida,23.924,"0,000","0,000","0,000","0,000","0,000","0,000","0,000","0,000","1,000","23,924","4,000","95,696","13,000","311,012","9,000","215,316","8,000","191,392","12,000","287,088","6,000","143,544","1,000","23,924","0,000","0,000","0,000","0,000","0,000","0,000","0,000","0,000","0,000","0,000","0,000","0,000","1,000","23,924","1,000","23,924","7,000","167,468","8,000","191,392","7,000","167,468","5,000","119,620","4,000","95,696","1,000","23,924","0,000","0,000","0,000","0,000","0,000","0,000","0,000","0,000","0,000","0,000","0,000","0,000","0,000","0,000","1,000","23,924","3,000","71,772","3,000","71,772","4,000","95,696","4,000","95,696","3,000","71,772","1,000","23,924","0,000","0,000","0,000","0,000","0,000","0,000","0,000","0,000","0,000","0,000","0,000","0,000","1,000","23,924","2,000","47,848","8,000","191,392","6,000","143,544","5,000","119,620","7,000","167,468","4,000","95,696","1,000","23,924","0,000","0,000","0,000","0,000"
919,Pavuna - Bonsucesso,Internorte,Volta,21.820,"0,000","0,000","0,000","0,000","0,000","0,000","0,000","0,000","0,000","0,000","2,000","43,640","12,000","261,840","9,000","196,380","10,000","218,200","13,000","283,660","7,000","152,740","2,000","43,640","1,000","21,820","0,000","0,000","0,000","0,000","0,000","0,000","0,000","0,000","0,000","0,000","0,000","0,000","1,000","21,820","8,000","174,560","9,000","196,380","8,000","174,560","7,000","152,740","4,000","87,280","1,000","21,820","0,000","0,000","0,000","0,000","0,000","0,000","0,000","0,000","0,000","0,000","0,000","0,000","0,000","0,000","0,000","0,000","4,000","87,280","5,000","109,100","4,000","87,280","6,000","130,920","4,000","87,280","1,000","21,820","1,000","21,820","0,000","0,000","0,000","0,000","0,000","0,000","0,000","0,000","0,000","0,000","0,000","0,000","1,000","21,820","7,000","152,740","6,000","130,920","6,000","130,920","8,000","174,560","4,000","87,280","1,000","21,820","1,000","21,820","0,000","0,000"
920,Pavuna - Bonsucesso,Internorte,Ida,23.007,"0,000","0,000","0,000","0,000","0,000","0,000","0,000","0,000","2,000","46,014","5,000","115,035","16,000","368,112","12,000","276,084","11,000","253,077","11,000","253,077","6,000","138,042","1,000","23,007","1,000","23,007","0,000","0,000","0,000","0,000","0,000","0,000","0,000","0,000","0,000","0,000","1,000","23,007","3,000","69,021","8,000","184,056","8,000","184,056","7,000","161,049","6,000","138,042","4,000","92,028","1,000","23,007","0,000","0,000","0,000","0,000","0,000","0,000","0,000","0,000","0,000","0,000","0,000","0,000","1,000","23,007","1,000","23,007","5,000","115,035","4,000","92,028","4,000","92,028","3,000","69,021","3,000","69,021","1,000","23,007","0,000","0,000","0,000","0,000","0,000","0,000","0,000","0,000","0,000","0,000","0,000","0,000","1,000","23,007","3,000","69,021","10,000","230,070","7,000","161,049","7,000","161,049","7,000","161,049","4,000","92,028","1,000","23,007","1,000","23,007","0,000","0,000"
920,Pavuna - Bonsucesso,Internorte,Volta,22.548,"0,000","0,000","0,000","0,000","0,000","0,000","0,000","0,000","1,000","22,548","2,000","45,096","13,000","293,124","11,000","248,028","11,000","248,028","14,000","315,672","8,000","180,384","2,000","45,096","1,000","22,548","1,000","22,548","0,000","0,000","0,000","0,000","0,000","0,000","0,000","0,000","0,000","0,000","1,000","22,548","5,000","112,740","8,000","180,384","7,000","157,836","6,000","135,288","4,000","90,192","1,000","22,548","1,000","22,548","0,000","0,000","0,000","0,000","0,000","0,000","0,000","0,000","0,000","0,000","0,000","0,000","1,000","22,548","3,000","67,644","4,000","90,192","4,000","90,192","3,000","67,644","3,000","67,644","1,000","22,548","1,000","22,548","0,000","0,000","0,000","0,000","0,000","0,000","0,000","0,000","0,000","0,000","1,000","22,548","1,000","22,548","8,000","180,384","7,000","157,836","7,000","157,836","9,000","202,932","5,000","112,740","1,000","22,548","1,000","22,548","1,000","22,548"
921,Bancários - Ribeira,Internorte,Ida,7.698,"0,000","0,000","0,000","0,000","0,000","0,000","0,000","0,000","0,000","0,000","0,000","0,000","5,000","38,490","5,000","38,490","6,000","46,188","4,000","30,792","4,000","30,792","0,000","0,000","0,000","0,000","0,000","0,000","0,000","0,000","0,000","0,000","0,000","0,000","0,000","0,000","0,000","0,000","0,000","0,000","3,000","23,094","6,000","46,188","4,000","30,792","2,000","15,396","0,000","0,000","0,000","0,000","0,000","0,000","0,000","0,000","0,000","0,000","0,000","0,000","0,000","0,000","0,000","0,000","0,000","0,000","0,000","0,000","0,000","0,000","0,000","0,000","0,000","0,000","0,000","0,000","0,000","0,000","0,000","0,000","0,000","0,000","0,000","0,000","0,000","0,000","0,000","0,000","0,000","0,000","0,000","0,000","0,000","0,000","0,000","0,000","3,000","23,094","3,000","23,094","4,000","30,792","2,000","15,396","2,000","15,396","0,000","0,000","0,000","0,000","0,000","0,000"
921,Bancários - Ribeira,Internorte,Volta,8.262,"0,000","0,000","0,000","0,000","0,000","0,000","0,000","0,000","0,000","0,000","0,000","0,000","6,000","49,572","5,000","41,310","5,000","41,310","5,000","41,310","3,000","24,786","0,000","0,000","0,000","0,000","0,000","0,000","0,000","0,000","0,000","0,000","0,000","0,000","0,000","0,000","0,000","0,000","0,000","0,000","3,000","24,786","6,000","49,572","4,000","33,048","2,000","16,524","0,000","0,000","0,000","0,000","0,000","0,000","0,000","0,000","0,000","0,000","0,000","0,000","0,000","0,000","0,000","0,000","0,000","0,000","0,000","0,000","0,000","0,000","0,000","0,000","0,000","0,000","0,000","0,000","0,000","0,000","0,000","0,000","0,000","0,000","0,000","0,000","0,000","0,000","0,000","0,000","0,000","0,000","0,000","0,000","0,000","0,000","0,000","0,000","4,000","33,048","3,000","24,786","3,000","24,786","3,000","24,786","2,000","16,524","0,000","0,000","0,000","0,000","0,000","0,000"
922,Tubiacanga - Terminal Fundão,Internorte,Ida,9.618,"0,000","0,000","0,000","0,000","0,000","0,000","0,000","0,000","0,000","0,000","0,000","0,000","2,000","19,236","3,000","28,854","3,000","28,854","3,000","28,854","3,000","28,854","1,000","9,618","0,000","0,000","0,000","0,000","0,000","0,000","0,000","0,000","0,000","0,000","0,000","0,000","0,000","0,000","0,000","0,000","2,000","19,236","3,000","28,854","3,000","28,854","1,000","9,618","0,000","0,000","0,000","0,000","0,000","0,000","0,000","0,000","0,000","0,000","0,000","0,000","0,000","0,000","0,000","0,000","0,000","0,000","0,000","0,000","1,000","9,618","3,000","28,854","3,000","28,854","1,000","9,618","0,000","0,000","0,000","0,000","0,000","0,000","0,000","0,000","0,000","0,000","0,000","0,000","0,000","0,000","0,000","0,000","0,000","0,000","0,000","0,000","1,000","9,618","2,000","19,236","2,000","19,236","2,000","19,236","2,000","19,236","1,000","9,618","0,000","0,000","0,000","0,000"
922,Tubiacanga - Terminal Fundão,Internorte,Volta,10.577,"0,000","0,000","0,000","0,000","0,000","0,000","0,000","0,000","0,000","0,000","0,000","0,000","3,000","31,731","3,000","31,731","3,000","31,731","3,000","31,731","3,000","31,731","1,000","10,577","1,000","10,577","0,000","0,000","0,000","0,000","0,000","0,000","0,000","0,000","0,000","0,000","0,000","0,000","0,000","0,000","3,000","31,731","3,000","31,731","3,000","31,731","2,000","21,154","0,000","0,000","0,000","0,000","0,000","0,000","0,000","0,000","0,000","0,000","0,000","0,000","0,000","0,000","0,000","0,000","0,000","0,000","0,000","0,000","2,000","21,154","3,000","31,731","3,000","31,731","2,000","21,154","0,000","0,000","0,000","0,000","0,000","0,000","0,000","0,000","0,000","0,000","0,000","0,000","0,000","0,000","0,000","0,000","0,000","0,000","0,000","0,000","2,000","21,154","2,000","21,154","2,000","21,154","2,000","21,154","2,000","21,154","1,000","10,577","1,000","10,577","0,000","0,000"
925,Bancários - Aeroporto Internacional do RJ,Internorte,Ida,18.915,"0,000","0,000","0,000","0,000","0,000","0,000","0,000","0,000","1,000","18,915","1,000","18,915","4,000","75,660","3,000","56,745","3,000","56,745","3,000","56,745","3,000","56,745","1,000","18,915","1,000","18,915","0,000","0,000","0,000","0,000","0,000","0,000","0,000","0,000","0,000","0,000","0,000","0,000","0,000","0,000","3,000","56,745","3,000","56,745","3,000","56,745","3,000","56,745","3,000","56,745","1,000","18,915","0,000","0,000","0,000","0,000","0,000","0,000","0,000","0,000","0,000","0,000","0,000","0,000","0,000","0,000","0,000","0,000","3,000","56,745","3,000","56,745","3,000","56,745","3,000","56,745","3,000","56,745","1,000","18,915","0,000","0,000","0,000","0,000","0,000","0,000","0,000","0,000","0,000","0,000","0,000","0,000","1,000","18,915","1,000","18,915","2,000","37,830","2,000","37,830","2,000","37,830","2,000","37,830","2,000","37,830","1,000","18,915","1,000","18,915","0,000","0,000"
925,Bancários - Aeroporto Internacional do RJ,Internorte,Volta,18.263,"0,000","0,000","0,000","0,000","0,000","0,000","0,000","0,000","0,000","0,000","1,000","18,263","3,000","54,789","3,000","54,789","3,000","54,789","3,000","54,789","4,000","73,052","1,000","18,263","1,000","18,263","1,000","18,263","0,000","0,000","0,000","0,000","0,000","0,000","0,000","0,000","0,000","0,000","0,000","0,000","3,000","54,789","3,000","54,789","3,000","54,789","3,000","54,789","3,000","54,789","1,000","18,263","1,000","18,263","0,000","0,000","0,000","0,000","0,000","0,000","0,000","0,000","0,000","0,000","0,000","0,000","0,000","0,000","3,000","54,789","3,000","54,789","3,000","54,789","3,000","54,789","3,000","54,789","1,000","18,263","1,000","18,263","0,000","0,000","0,000","0,000","0,000","0,000","0,000","0,000","0,000","0,000","0,000","0,000","1,000","18,263","2,000","36,526","2,000","36,526","2,000","36,526","2,000","36,526","2,000","36,526","1,000","18,263","1,000","18,263","1,000","18,263"
926,Senador Camará - Penha,Santa Cruz,Ida,31.565,"0,000","0,000","0,000","0,000","0,000","0,000","2,000","63,130","4,000","126,260","8,000","252,520","20,000","631,300","12,000","378,780","11,000","347,215","14,000","441,910","7,000","220,955","1,000","31,565","1,000","31,565","1,000","31,565","0,000","0,000","0,000","0,000","0,000","0,000","1,000","31,565","2,000","63,130","3,000","94,695","8,000","252,520","7,000","220,955","6,000","189,390","5,000","157,825","5,000","157,825","1,000","31,565","1,000","31,565","0,000","0,000","0,000","0,000","0,000","0,000","0,000","0,000","1,000","31,565","1,000","31,565","1,000","31,565","5,000","157,825","4,000","126,260","5,000","157,825","4,000","126,260","3,000","94,695","1,000","31,565","0,000","0,000","0,000","0,000","0,000","0,000","0,000","0,000","0,000","0,000","1,000","31,565","2,000","63,130","5,000","157,825","12,000","378,780","7,000","220,955","7,000","220,955","9,000","284,085","4,000","126,260","1,000","31,565","1,000","31,565","1,000","31,565"
926,Senador Camará - Penha,Santa Cruz,Volta,30.574,"1,000","30,574","0,000","0,000","0,000","0,000","0,000","0,000","2,000","61,148","3,000","91,722","16,000","489,184","19,000","580,906","10,000","305,740","13,000","397,462","12,000","366,888","2,000","61,148","2,000","61,148","1,000","30,574","1,000","30,574","0,000","0,000","0,000","0,000","1,000","30,574","1,000","30,574","1,000","30,574","7,000","214,018","8,000","244,592","7,000","214,018","6,000","183,444","6,000","183,444","1,000","30,574","1,000","30,574","1,000","30,574","0,000","0,000","0,000","0,000","0,000","0,000","0,000","0,000","1,000","30,574","1,000","30,574","4,000","122,296","4,000","122,296","5,000","152,870","5,000","152,870","3,000","91,722","1,000","30,574","1,000","30,574","0,000","0,000","1,000","30,574","0,000","0,000","0,000","0,000","0,000","0,000","1,000","30,574","2,000","61,148","10,000","305,740","12,000","366,888","6,000","183,444","8,000","244,592","7,000","214,018","1,000","30,574","1,000","30,574","1,000","30,574"
928,Marechal Hermes - Bonsucesso,Internorte,Ida,24.073,"0,000","0,000","0,000","0,000","0,000","0,000","0,000","0,000","1,000","24,073","1,000","24,073","8,000","192,584","5,000","120,365","5,000","120,365","6,000","144,438","4,000","96,292","1,000","24,073","1,000","24,073","1,000","24,073","0,000","0,000","0,000","0,000","0,000","0,000","0,000","0,000","0,000","0,000","1,000","24,073","6,000","144,438","6,000","144,438","4,000","96,292","4,000","96,292","3,000","72,219","1,000","24,073","0,000","0,000","0,000","0,000","0,000","0,000","0,000","0,000","0,000","0,000","0,000","0,000","0,000","0,000","0,000","0,000","3,000","72,219","3,000","72,219","3,000","72,219","3,000","72,219","3,000","72,219","1,000","24,073","1,000","24,073","0,000","0,000","0,000","0,000","0,000","0,000","0,000","0,000","0,000","0,000","1,000","24,073","1,000","24,073","5,000","120,365","3,000","72,219","3,000","72,219","4,000","96,292","2,000","48,146","1,000","24,073","1,000","24,073","1,000","24,073"
928,Marechal Hermes - Bonsucesso,Internorte,Volta,24.314,"0,000","0,000","0,000","0,000","0,000","0,000","1,000","24,314","1,000","24,314","1,000","24,314","7,000","170,198","5,000","121,570","6,000","145,884","7,000","170,198","4,000","97,256","1,000","24,314","1,000","24,314","1,000","24,314","0,000","0,000","0,000","0,000","0,000","0,000","0,000","0,000","0,000","0,000","1,000","24,314","4,000","97,256","6,000","145,884","5,000","121,570","4,000","97,256","3,000","72,942","1,000","24,314","1,000","24,314","0,000","0,000","0,000","0,000","0,000","0,000","0,000","0,000","0,000","0,000","0,000","0,000","0,000","0,000","3,000","72,942","3,000","72,942","3,000","72,942","3,000","72,942","3,000","72,942","1,000","24,314","1,000","24,314","1,000","24,314","0,000","0,000","0,000","0,000","0,000","0,000","1,000","24,314","1,000","24,314","1,000","24,314","4,000","97,256","3,000","72,942","4,000","97,256","4,000","97,256","2,000","48,628","1,000","24,314","1,000","24,314","1,000","24,314"
932,Gardênia Azul - Tanque,Transcarioca,Ida,10.591,"0,000","0,000","0,000","0,000","0,000","0,000","0,000","0,000","0,000","0,000","1,000","10,591","7,000","74,137","3,000","31,773","3,000","31,773","7,000","74,137","3,000","31,773","1,000","10,591","0,000","0,000","0,000","0,000","0,000","0,000","0,000","0,000","0,000","0,000","0,000","0,000","0,000","0,000","1,000","10,591","3,000","31,773","3,000","31,773","3,000","31,773","3,000","31,773","3,000","31,773","0,000","0,000","0,000","0,000","0,000","0,000","0,000","0,000","0,000","0,000","0,000","0,000","0,000","0,000","0,000","0,000","0,000","0,000","3,000","31,773","3,000","31,773","3,000","31,773","3,000","31,773","3,000","31,773","1,000","10,591","1,000","10,591","0,000","0,000","0,000","0,000","0,000","0,000","0,000","0,000","0,000","0,000","0,000","0,000","1,000","10,591","4,000","42,364","2,000","21,182","2,000","21,182","4,000","42,364","2,000","21,182","1,000","10,591","0,000","0,000","0,000","0,000"
932,Gardênia Azul - Tanque,Transcarioca,Volta,11.301,"0,000","0,000","0,000","0,000","0,000","0,000","0,000","0,000","0,000","0,000","1,000","11,301","6,000","67,806","4,000","45,204","3,000","33,903","6,000","67,806","3,000","33,903","1,000","11,301","0,000","0,000","0,000","0,000","0,000","0,000","0,000","0,000","0,000","0,000","0,000","0,000","0,000","0,000","0,000","0,000","3,000","33,903","3,000","33,903","3,000","33,903","3,000","33,903","3,000","33,903","1,000","11,301","0,000","0,000","0,000","0,000","0,000","0,000","0,000","0,000","0,000","0,000","0,000","0,000","0,000","0,000","0,000","0,000","3,000","33,903","3,000","33,903","3,000","33,903","3,000","33,903","3,000","33,903","1,000","11,301","0,000","0,000","0,000","0,000","0,000","0,000","0,000","0,000","0,000","0,000","0,000","0,000","0,000","0,000","1,000","11,301","4,000","45,204","2,000","22,602","2,000","22,602","4,000","45,204","2,000","22,602","1,000","11,301","0,000","0,000","0,000","0,000"
940,Ramos (Praia) - Madureira,Transcarioca,Ida,24.304,"0,000","0,000","0,000","0,000","0,000","0,000","0,000","0,000","1,000","24,304","1,000","24,304","10,000","243,040","6,000","145,824","7,000","170,128","8,000","194,432","4,000","97,216","1,000","24,304","1,000","24,304","1,000","24,304","0,000","0,000","0,000","0,000","0,000","0,000","0,000","0,000","1,000","24,304","1,000","24,304","5,000","121,520","5,000","121,520","5,000","121,520","3,000","72,912","3,000","72,912","1,000","24,304","0,000","0,000","0,000","0,000","0,000","0,000","0,000","0,000","0,000","0,000","0,000","0,000","0,000","0,000","0,000","0,000","3,000","72,912","3,000","72,912","3,000","72,912","3,000","72,912","3,000","72,912","1,000","24,304","1,000","24,304","0,000","0,000","0,000","0,000","0,000","0,000","0,000","0,000","0,000","0,000","1,000","24,304","1,000","24,304","6,000","145,824","4,000","97,216","4,000","97,216","5,000","121,520","2,000","48,608","1,000","24,304","1,000","24,304","1,000","24,304"
940,Ramos (Praia) - Madureira,Transcarioca,Volta,27.143,"0,000","0,000","0,000","0,000","0,000","0,000","0,000","0,000","0,000","0,000","1,000","27,143","8,000","217,144","7,000","190,001","7,000","190,001","8,000","217,144","5,000","135,715","1,000","27,143","1,000","27,143","1,000","27,143","0,000","0,000","0,000","0,000","0,000","0,000","0,000","0,000","0,000","0,000","1,000","27,143","5,000","135,715","6,000","162,858","6,000","162,858","4,000","108,572","3,000","81,429","1,000","27,143","1,000","27,143","0,000","0,000","0,000","0,000","0,000","0,000","0,000","0,000","0,000","0,000","0,000","0,000","1,000","27,143","3,000","81,429","3,000","81,429","3,000","81,429","3,000","81,429","3,000","81,429","1,000","27,143","1,000","27,143","1,000","27,143","0,000","0,000","0,000","0,000","0,000","0,000","0,000","0,000","0,000","0,000","1,000","27,143","5,000","135,715","4,000","108,572","4,000","108,572","5,000","135,715","3,000","81,429","1,000","27,143","1,000","27,143","1,000","27,143"
944,Metrô Pavuna - Terminal Margaridas,Internorte,Ida,9.821,"0,000","0,000","0,000","0,000","0,000","0,000","0,000","0,000","1,000","9,821","1,000","9,821","12,000","117,852","6,000","58,926","6,000","58,926","12,000","117,852","6,000","58,926","1,000","9,821","1,000","9,821","0,000","0,000","0,000","0,000","0,000","0,000","0,000","0,000","0,000","0,000","1,000","9,821","1,000","9,821","6,000","58,926","6,000","58,926","6,000","58,926","6,000","58,926","6,000","58,926","1,000","9,821","0,000","0,000","0,000","0,000","0,000","0,000","0,000","0,000","0,000","0,000","0,000","0,000","1,000","9,821","1,000","9,821","6,000","58,926","6,000","58,926","6,000","58,926","6,000","58,926","6,000","58,926","1,000","9,821","0,000","0,000","0,000","0,000","0,000","0,000","0,000","0,000","0,000","0,000","0,000","0,000","1,000","9,821","1,000","9,821","7,000","68,747","4,000","39,284","4,000","39,284","7,000","68,747","4,000","39,284","1,000","9,821","1,000","9,821","0,000","0,000"
944,Metrô Pavuna - Terminal Margaridas,Internorte,Volta,11.735,"0,000","0,000","0,000","0,000","0,000","0,000","0,000","0,000","0,000","0,000","1,000","11,735","12,000","140,820","6,000","70,410","6,000","70,410","12,000","140,820","7,000","82,145","1,000","11,735","1,000","11,735","1,000","11,735","0,000","0,000","0,000","0,000","0,000","0,000","0,000","0,000","0,000","0,000","1,000","11,735","6,000","70,410","6,000","70,410","6,000","70,410","6,000","70,410","6,000","70,410","1,000","11,735","1,000","11,735","0,000","0,000","0,000","0,000","0,000","0,000","0,000","0,000","0,000","0,000","0,000","0,000","1,000","11,735","6,000","70,410","6,000","70,410","6,000","70,410","6,000","70,410","6,000","70,410","1,000","11,735","1,000","11,735","0,000","0,000","0,000","0,000","0,000","0,000","0,000","0,000","0,000","0,000","0,000","0,000","1,000","11,735","7,000","82,145","4,000","46,940","4,000","46,940","7,000","82,145","4,000","46,940","1,000","11,735","1,000","11,735","1,000","11,735"
946,Pavuna - Engenho da Rainha,Internorte,Ida,27.260,"0,000","0,000","0,000","0,000","0,000","0,000","0,000","0,000","1,000","27,260","3,000","81,780","9,000","245,340","9,000","245,340","9,000","245,340","9,000","245,340","6,000","163,560","2,000","54,520","0,000","0,000","0,000","0,000","0,000","0,000","0,000","0,000","0,000","0,000","0,000","0,000","1,000","27,260","2,000","54,520","6,000","163,560","6,000","163,560","6,000","163,560","6,000","163,560","5,000","136,300","1,000","27,260","0,000","0,000","0,000","0,000","0,000","0,000","0,000","0,000","0,000","0,000","0,000","0,000","0,000","0,000","2,000","54,520","4,000","109,040","4,000","109,040","4,000","109,040","4,000","109,040","4,000","109,040","1,000","27,260","0,000","0,000","0,000","0,000","0,000","0,000","0,000","0,000","0,000","0,000","0,000","0,000","1,000","27,260","2,000","54,520","6,000","163,560","6,000","163,560","6,000","163,560","6,000","163,560","4,000","109,040","1,000","27,260","0,000","0,000","0,000","0,000"
946,Pavuna - Engenho da Rainha,Internorte,Volta,29.589,"0,000","0,000","0,000","0,000","0,000","0,000","0,000","0,000","0,000","0,000","1,000","29,589","9,000","266,301","9,000","266,301","9,000","266,301","9,000","266,301","7,000","207,123","2,000","59,178","2,000","59,178","0,000","0,000","0,000","0,000","0,000","0,000","0,000","0,000","0,000","0,000","1,000","29,589","2,000","59,178","6,000","177,534","6,000","177,534","6,000","177,534","6,000","177,534","5,000","147,945","1,000","29,589","0,000","0,000","0,000","0,000","0,000","0,000","0,000","0,000","0,000","0,000","0,000","0,000","0,000","0,000","0,000","0,000","4,000","118,356","4,000","118,356","4,000","118,356","4,000","118,356","4,000","118,356","2,000","59,178","1,000","29,589","0,000","0,000","0,000","0,000","0,000","0,000","0,000","0,000","0,000","0,000","0,000","0,000","1,000","29,589","6,000","177,534","6,000","177,534","6,000","177,534","6,000","177,534","4,000","118,356","1,000","29,589","1,000","29,589","0,000","0,000"
950,Metrô Vicente de Carvalho - Terminal Margaridas,Internorte,Circular,17.180,"1,000","17,180","0,000","0,000","0,000","0,000","0,000","0,000","1,000","17,180","5,000","85,900","26,000","446,680","22,000","377,960","23,000","395,140","26,000","446,680","21,000","360,780","3,000","51,540","2,000","34,360","1,000","17,180","1,000","17,180","0,000","0,000","0,000","0,000","0,000","0,000","1,000","17,180","1,000","17,180","8,000","137,440","11,000","188,980","13,000","223,340","13,000","223,340","8,000","137,440","1,000","17,180","2,000","34,360","1,000","17,180","1,000","17,180","0,000","0,000","0,000","0,000","0,000","0,000","0,000","0,000","1,000","17,180","6,000","103,080","8,000","137,440","7,000","120,260","7,000","120,260","6,000","103,080","2,000","34,360","1,000","17,180","1,000","17,180","1,000","17,180","0,000","0,000","0,000","0,000","0,000","0,000","1,000","17,180","3,000","51,540","16,000","274,880","14,000","240,520","14,000","240,520","16,000","274,880","13,000","223,340","2,000","34,360","1,000","17,180","1,000","17,180"
951,Metrô Vicente de Carvalho - Terminal Margaridas,Internorte,Circular,16.284,"1,000","16,284","0,000","0,000","0,000","0,000","0,000","0,000","1,000","16,284","3,000","48,852","17,000","276,828","11,000","179,124","9,000","146,556","13,000","211,692","11,000","179,124","2,000","32,568","1,000","16,284","1,000","16,284","1,000","16,284","0,000","0,000","0,000","0,000","0,000","0,000","1,000","16,284","1,000","16,284","6,000","97,704","6,000","97,704","7,000","113,988","6,000","97,704","6,000","97,704","1,000","16,284","1,000","16,284","1,000","16,284","1,000","16,284","0,000","0,000","0,000","0,000","0,000","0,000","0,000","0,000","1,000","16,284","6,000","97,704","6,000","97,704","6,000","97,704","6,000","97,704","6,000","97,704","1,000","16,284","1,000","16,284","1,000","16,284","1,000","16,284","0,000","0,000","0,000","0,000","0,000","0,000","1,000","16,284","2,000","32,568","11,000","179,124","7,000","113,988","6,000","97,704","8,000","130,272","7,000","113,988","1,000","16,284","1,000","16,284","1,000","16,284"
954,Terminal Taquara - Recreio dos Bandeirantes,Transcarioca,Ida,22.218,"0,000","0,000","0,000","0,000","0,000","0,000","0,000","0,000","2,000","44,436","6,000","133,308","25,000","555,450","13,000","288,834","13,000","288,834","17,000","377,706","11,000","244,398","3,000","66,654","0,000","0,000","0,000","0,000","0,000","0,000","0,000","0,000","0,000","0,000","0,000","0,000","1,000","22,218","4,000","88,872","13,000","288,834","12,000","266,616","12,000","266,616","12,000","266,616","6,000","133,308","1,000","22,218","0,000","0,000","0,000","0,000","0,000","0,000","0,000","0,000","0,000","0,000","0,000","0,000","2,000","44,436","3,000","66,654","9,000","199,962","6,000","133,308","7,000","155,526","9,000","199,962","7,000","155,526","2,000","44,436","0,000","0,000","0,000","0,000","0,000","0,000","0,000","0,000","0,000","0,000","0,000","0,000","1,000","22,218","4,000","88,872","16,000","355,488","8,000","177,744","8,000","177,744","11,000","244,398","7,000","155,526","2,000","44,436","0,000","0,000","0,000","0,000"
954,Terminal Taquara - Recreio dos Bandeirantes,Transcarioca,Volta,21.055,"0,000","0,000","0,000","0,000","0,000","0,000","0,000","0,000","0,000","0,000","3,000","63,165","20,000","421,100","10,000","210,550","12,000","252,660","21,000","442,155","12,000","252,660","3,000","63,165","3,000","63,165","0,000","0,000","0,000","0,000","0,000","0,000","0,000","0,000","0,000","0,000","0,000","0,000","1,000","21,055","11,000","231,605","9,000","189,495","10,000","210,550","10,000","210,550","8,000","168,440","2,000","42,110","2,000","42,110","0,000","0,000","0,000","0,000","0,000","0,000","0,000","0,000","0,000","0,000","1,000","21,055","2,000","42,110","8,000","168,440","7,000","147,385","6,000","126,330","8,000","168,440","9,000","189,495","2,000","42,110","2,000","42,110","0,000","0,000","0,000","0,000","0,000","0,000","0,000","0,000","0,000","0,000","0,000","0,000","2,000","42,110","12,000","252,660","6,000","126,330","7,000","147,385","13,000","273,715","7,000","147,385","2,000","42,110","2,000","42,110","0,000","0,000"
959,Metrô Vicente de Carvalho - Terminal Margaridas,Internorte,Circular,21.258,"1,000","21,258","0,000","0,000","0,000","0,000","0,000","0,000","1,000","21,258","2,000","42,516","12,000","255,096","6,000","127,548","6,000","127,548","12,000","255,096","6,000","127,548","1,000","21,258","1,000","21,258","1,000","21,258","1,000","21,258","0,000","0,000","0,000","0,000","0,000","0,000","1,000","21,258","1,000","21,258","6,000","127,548","6,000","127,548","6,000","127,548","6,000","127,548","6,000","127,548","1,000","21,258","1,000","21,258","1,000","21,258","1,000","21,258","0,000","0,000","0,000","0,000","0,000","0,000","0,000","0,000","1,000","21,258","6,000","127,548","6,000","127,548","6,000","127,548","6,000","127,548","6,000","127,548","1,000","21,258","1,000","21,258","1,000","21,258","1,000","21,258","0,000","0,000","0,000","0,000","0,000","0,000","1,000","21,258","1,000","21,258","7,000","148,806","4,000","85,032","4,000","85,032","7,000","148,806","4,000","85,032","1,000","21,258","1,000","21,258","1,000","21,258"
961,Rio das Pedras - Recreio dos Bandeirantes,Transcarioca,Ida,28.651,"0,000","0,000","0,000","0,000","0,000","0,000","0,000","0,000","1,000","28,651","4,000","114,604","11,000","315,161","0,000","0,000","0,000","0,000","2,000","57,302","0,000","0,000","0,000","0,000","0,000","0,000","0,000","0,000","0,000","0,000","0,000","0,000","0,000","0,000","0,000","0,000","0,000","0,000","0,000","0,000","0,000","0,000","0,000","0,000","0,000","0,000","0,000","0,000","0,000","0,000","0,000","0,000","0,000","0,000","0,000","0,000","0,000","0,000","0,000","0,000","0,000","0,000","0,000","0,000","0,000","0,000","0,000","0,000","0,000","0,000","0,000","0,000","0,000","0,000","0,000","0,000","0,000","0,000","0,000","0,000","0,000","0,000","0,000","0,000","0,000","0,000","0,000","0,000","0,000","0,000","0,000","0,000","1,000","28,651","2,000","57,302","7,000","200,557","0,000","0,000","0,000","0,000","1,000","28,651","0,000","0,000","0,000","0,000","0,000","0,000","0,000","0,000"
961,Rio das Pedras - Recreio dos Bandeirantes,Transcarioca,Volta,25.047,"0,000","0,000","0,000","0,000","0,000","0,000","0,000","0,000","0,000","0,000","0,000","0,000","0,000","0,000","0,000","0,000","0,000","0,000","5,000","125,235","3,000","75,141","2,000","50,094","1,000","25,047","0,000","0,000","0,000","0,000","0,000","0,000","0,000","0,000","0,000","0,000","0,000","0,000","0,000","0,000","0,000","0,000","0,000","0,000","0,000","0,000","0,000","0,000","0,000","0,000","0,000","0,000","0,000","0,000","0,000","0,000","0,000","0,000","0,000","0,000","0,000","0,000","0,000","0,000","0,000","0,000","0,000","0,000","0,000","0,000","0,000","0,000","0,000","0,000","0,000","0,000","0,000","0,000","0,000","0,000","0,000","0,000","0,000","0,000","0,000","0,000","0,000","0,000","0,000","0,000","0,000","0,000","0,000","0,000","0,000","0,000","0,000","0,000","0,000","0,000","0,000","0,000","3,000","75,141","2,000","50,094","1,000","25,047","1,000","25,047","0,000","0,000"
975,Madureira - Terminal Fundão,Internorte,Ida,19.003,"0,000","0,000","0,000","0,000","0,000","0,000","0,000","0,000","1,000","19,003","2,000","38,006","6,000","114,018","12,000","228,036","11,000","209,033","6,000","114,018","11,000","209,033","3,000","57,009","2,000","38,006","0,000","0,000","0,000","0,000","0,000","0,000","0,000","0,000","0,000","0,000","0,000","0,000","0,000","0,000","0,000","0,000","0,000","0,000","0,000","0,000","0,000","0,000","0,000","0,000","0,000","0,000","0,000","0,000","0,000","0,000","0,000","0,000","0,000","0,000","0,000","0,000","0,000","0,000","0,000","0,000","0,000","0,000","0,000","0,000","0,000","0,000","0,000","0,000","0,000","0,000","0,000","0,000","0,000","0,000","0,000","0,000","0,000","0,000","0,000","0,000","0,000","0,000","0,000","0,000","0,000","0,000","1,000","19,003","1,000","19,003","4,000","76,012","7,000","133,021","7,000","133,021","4,000","76,012","7,000","133,021","2,000","38,006","1,000","19,003","0,000","0,000"
975,Madureira - Terminal Fundão,Internorte,Volta,17.724,"0,000","0,000","0,000","0,000","0,000","0,000","0,000","0,000","2,000","35,448","2,000","35,448","8,000","141,792","12,000","212,688","9,000","159,516","8,000","141,792","11,000","194,964","2,000","35,448","0,000","0,000","0,000","0,000","0,000","0,000","0,000","0,000","0,000","0,000","0,000","0,000","0,000","0,000","0,000","0,000","0,000","0,000","0,000","0,000","0,000","0,000","0,000","0,000","0,000","0,000","0,000","0,000","0,000","0,000","0,000","0,000","0,000","0,000","0,000","0,000","0,000","0,000","0,000","0,000","0,000","0,000","0,000","0,000","0,000","0,000","0,000","0,000","0,000","0,000","0,000","0,000","0,000","0,000","0,000","0,000","0,000","0,000","0,000","0,000","0,000","0,000","0,000","0,000","0,000","0,000","0,000","0,000","1,000","17,724","1,000","17,724","5,000","88,620","7,000","124,068","6,000","106,344","5,000","88,620","7,000","124,068","1,000","17,724","0,000","0,000","0,000","0,000"
979,Terminal Madureira - Terminal Fundão,Internorte,Ida,23.314,"0,000","0,000","0,000","0,000","0,000","0,000","0,000","0,000","1,000","23,314","3,000","69,942","7,000","163,198","7,000","163,198","7,000","163,198","8,000","186,512","7,000","163,198","2,000","46,628","2,000","46,628","0,000","0,000","0,000","0,000","0,000","0,000","0,000","0,000","0,000","0,000","1,000","23,314","2,000","46,628","6,000","139,884","6,000","139,884","6,000","139,884","6,000","139,884","6,000","139,884","2,000","46,628","2,000","46,628","0,000","0,000","0,000","0,000","0,000","0,000","0,000","0,000","0,000","0,000","0,000","0,000","1,000","23,314","4,000","93,256","6,000","139,884","6,000","139,884","6,000","139,884","6,000","139,884","1,000","23,314","1,000","23,314","0,000","0,000","0,000","0,000","0,000","0,000","0,000","0,000","0,000","0,000","1,000","23,314","2,000","46,628","4,000","93,256","4,000","93,256","4,000","93,256","5,000","116,570","4,000","93,256","1,000","23,314","1,000","23,314","0,000","0,000"
979,Terminal Madureira - Terminal Fundão,Internorte,Volta,19.648,"0,000","0,000","0,000","0,000","0,000","0,000","0,000","0,000","1,000","19,648","3,000","58,944","7,000","137,536","7,000","137,536","7,000","137,536","8,000","157,184","7,000","137,536","2,000","39,296","2,000","39,296","0,000","0,000","0,000","0,000","0,000","0,000","0,000","0,000","0,000","0,000","1,000","19,648","2,000","39,296","6,000","117,888","6,000","117,888","6,000","117,888","6,000","117,888","6,000","117,888","2,000","39,296","2,000","39,296","0,000","0,000","0,000","0,000","0,000","0,000","0,000","0,000","0,000","0,000","0,000","0,000","1,000","19,648","4,000","78,592","6,000","117,888","6,000","117,888","6,000","117,888","6,000","117,888","1,000","19,648","1,000","19,648","0,000","0,000","0,000","0,000","0,000","0,000","0,000","0,000","0,000","0,000","1,000","19,648","2,000","39,296","4,000","78,592","4,000","78,592","4,000","78,592","5,000","98,240","4,000","78,592","1,000","19,648","1,000","19,648","0,000","0,000"
987,Gardênia Azul - Pechincha,Transcarioca,Circular,29.207,"0,000","0,000","0,000","0,000","0,000","0,000","0,000","0,000","0,000","0,000","1,000","29,207","3,000","87,621","3,000","87,621","3,000","87,621","3,000","87,621","3,000","87,621","1,000","29,207","1,000","29,207","0,000","0,000","0,000","0,000","0,000","0,000","0,000","0,000","0,000","0,000","0,000","0,000","1,000","29,207","3,000","87,621","3,000","87,621","3,000","87,621","3,000","87,621","3,000","87,621","1,000","29,207","1,000","29,207","0,000","0,000","0,000","0,000","0,000","0,000","0,000","0,000","0,000","0,000","0,000","0,000","0,000","0,000","3,000","87,621","3,000","87,621","3,000","87,621","3,000","87,621","2,000","58,414","0,000","0,000","0,000","0,000","0,000","0,000","0,000","0,000","0,000","0,000","0,000","0,000","0,000","0,000","0,000","0,000","1,000","29,207","2,000","58,414","2,000","58,414","2,000","58,414","2,000","58,414","2,000","58,414","1,000","29,207","1,000","29,207","0,000","0,000"
990,Merck - Joatinga,Transcarioca,Ida,17.144,"0,000","0,000","0,000","0,000","0,000","0,000","0,000","0,000","1,000","17,144","2,000","34,288","11,000","188,584","3,000","51,432","3,000","51,432","8,000","137,152","6,000","102,864","0,000","0,000","0,000","0,000","0,000","0,000","0,000","0,000","0,000","0,000","0,000","0,000","0,000","0,000","1,000","17,144","1,000","17,144","6,000","102,864","3,000","51,432","3,000","51,432","3,000","51,432","3,000","51,432","1,000","17,144","0,000","0,000","0,000","0,000","0,000","0,000","0,000","0,000","0,000","0,000","0,000","0,000","0,000","0,000","0,000","0,000","3,000","51,432","3,000","51,432","3,000","51,432","3,000","51,432","1,000","17,144","0,000","0,000","0,000","0,000","0,000","0,000","0,000","0,000","0,000","0,000","0,000","0,000","0,000","0,000","1,000","17,144","1,000","17,144","7,000","120,008","2,000","34,288","2,000","34,288","5,000","85,720","4,000","68,576","0,000","0,000","0,000","0,000","0,000","0,000"
990,Merck - Joatinga,Transcarioca,Volta,15.244,"0,000","0,000","0,000","0,000","0,000","0,000","0,000","0,000","0,000","0,000","1,000","15,244","9,000","137,196","3,000","45,732","4,000","60,976","9,000","137,196","7,000","106,708","0,000","0,000","0,000","0,000","0,000","0,000","0,000","0,000","0,000","0,000","0,000","0,000","0,000","0,000","0,000","0,000","1,000","15,244","3,000","45,732","3,000","45,732","3,000","45,732","4,000","60,976","4,000","60,976","2,000","30,488","1,000","15,244","0,000","0,000","0,000","0,000","0,000","0,000","0,000","0,000","0,000","0,000","0,000","0,000","0,000","0,000","3,000","45,732","3,000","45,732","3,000","45,732","3,000","45,732","2,000","30,488","0,000","0,000","0,000","0,000","0,000","0,000","0,000","0,000","0,000","0,000","0,000","0,000","0,000","0,000","0,000","0,000","1,000","15,244","6,000","91,464","2,000","30,488","2,000","30,488","6,000","91,464","4,000","60,976","0,000","0,000","0,000","0,000","0,000","0,000"
LECD126,Méier - Parque Piedade,Internorte,Circular,14.574,"0,000","0,000","0,000","0,000","0,000","0,000","0,000","0,000","0,000","0,000","0,000","0,000","0,000","0,000","0,000","0,000","0,000","0,000","0,000","0,000","0,000","0,000","0,000","0,000","0,000","0,000","0,000","0,000","0,000","0,000","0,000","0,000","0,000","0,000","0,000","0,000","0,000","0,000","0,000","0,000","4,000","58,296","6,000","87,444","6,000","87,444","6,000","87,444","6,000","87,444","2,000","29,148","1,000","14,574","0,000","0,000","0,000","0,000","0,000","0,000","0,000","0,000","0,000","0,000","0,000","0,000","0,000","0,000","4,000","58,296","6,000","87,444","6,000","87,444","6,000","87,444","6,000","87,444","2,000","29,148","1,000","14,574","0,000","0,000","0,000","0,000","0,000","0,000","0,000","0,000","0,000","0,000","0,000","0,000","0,000","0,000","0,000","0,000","0,000","0,000","0,000","0,000","0,000","0,000","0,000","0,000","0,000","0,000","0,000","0,000","0,000","0,000"
LECD133,Metrô São Cristóvão - Leblon,Intersul,Circular,23.917,"0,000","0,000","0,000","0,000","0,000","0,000","0,000","0,000","1,000","23,917","7,000","167,419","34,000","813,178","13,000","310,921","15,000","358,755","22,000","526,174","11,000","263,087","1,000","23,917","1,000","23,917","0,000","0,000","0,000","0,000","0,000","0,000","0,000","0,000","0,000","0,000","1,000","23,917","3,000","71,751","15,000","358,755","7,000","167,419","8,000","191,336","8,000","191,336","8,000","191,336","1,000","23,917","1,000","23,917","0,000","0,000","0,000","0,000","0,000","0,000","0,000","0,000","0,000","0,000","1,000","23,917","2,000","47,834","9,000","215,253","6,000","143,502","6,000","143,502","7,000","167,419","7,000","167,419","1,000","23,917","1,000","23,917","0,000","0,000","0,000","0,000","0,000","0,000","0,000","0,000","0,000","0,000","1,000","23,917","4,000","95,668","21,000","502,257","8,000","191,336","9,000","215,253","14,000","334,838","7,000","167,419","1,000","23,917","1,000","23,917","0,000","0,000"
LECD134,Central do Brasil - Leblon,Intersul,Ida,16.137,"0,000","0,000","0,000","0,000","0,000","0,000","0,000","0,000","1,000","16,137","3,000","48,411","14,000","225,918","7,000","112,959","8,000","129,096","12,000","193,644","8,000","129,096","1,000","16,137","1,000","16,137","0,000","0,000","0,000","0,000","0,000","0,000","0,000","0,000","0,000","0,000","1,000","16,137","2,000","32,274","8,000","129,096","6,000","96,822","6,000","96,822","8,000","129,096","6,000","96,822","1,000","16,137","1,000","16,137","0,000","0,000","0,000","0,000","0,000","0,000","0,000","0,000","0,000","0,000","1,000","16,137","1,000","16,137","6,000","96,822","6,000","96,822","6,000","96,822","6,000","96,822","6,000","96,822","1,000","16,137","1,000","16,137","0,000","0,000","0,000","0,000","0,000","0,000","0,000","0,000","0,000","0,000","1,000","16,137","2,000","32,274","9,000","145,233","4,000","64,548","5,000","80,685","7,000","112,959","5,000","80,685","1,000","16,137","1,000","16,137","0,000","0,000"
LECD134,Central do Brasil - Leblon,Intersul,Volta,16.018,"0,000","0,000","0,000","0,000","0,000","0,000","0,000","0,000","0,000","0,000","1,000","16,018","12,000","192,216","8,000","128,144","10,000","160,180","15,000","240,270","9,000","144,162","1,000","16,018","1,000","16,018","1,000","16,018","0,000","0,000","0,000","0,000","0,000","0,000","0,000","0,000","0,000","0,000","1,000","16,018","7,000","112,126","6,000","96,108","6,000","96,108","9,000","144,162","6,000","96,108","1,000","16,018","1,000","16,018","1,000","16,018","0,000","0,000","0,000","0,000","0,000","0,000","0,000","0,000","0,000","0,000","1,000","16,018","6,000","96,108","6,000","96,108","6,000","96,108","6,000","96,108","6,000","96,108","1,000","16,018","1,000","16,018","1,000","16,018","0,000","0,000","0,000","0,000","0,000","0,000","0,000","0,000","0,000","0,000","1,000","16,018","7,000","112,126","5,000","80,090","6,000","96,108","9,000","144,162","6,000","96,108","1,000","16,018","1,000","16,018","1,000","16,018"
LECD136,Terminal Gentileza - Leme,Intersul,Ida,13.342,"0,000","0,000","0,000","0,000","0,000","0,000","0,000","0,000","2,000","26,684","6,000","80,052","18,000","240,156","7,000","93,394","6,000","80,052","12,000","160,104","7,000","93,394","1,000","13,342","0,000","0,000","0,000","0,000","0,000","0,000","0,000","0,000","0,000","0,000","0,000","0,000","1,000","13,342","4,000","53,368","9,000","120,078","6,000","80,052","6,000","80,052","6,000","80,052","6,000","80,052","1,000","13,342","1,000","13,342","0,000","0,000","0,000","0,000","0,000","0,000","0,000","0,000","0,000","0,000","1,000","13,342","2,000","26,684","8,000","106,736","6,000","80,052","6,000","80,052","6,000","80,052","6,000","80,052","1,000","13,342","1,000","13,342","0,000","0,000","0,000","0,000","0,000","0,000","0,000","0,000","0,000","0,000","1,000","13,342","4,000","53,368","11,000","146,762","4,000","53,368","4,000","53,368","7,000","93,394","4,000","53,368","1,000","13,342","0,000","0,000","0,000","0,000"
LECD136,Terminal Gentileza - Leme,Intersul,Volta,13.716,"0,000","0,000","0,000","0,000","0,000","0,000","0,000","0,000","0,000","0,000","4,000","54,864","15,000","205,740","6,000","82,296","7,000","96,012","14,000","192,024","9,000","123,444","1,000","13,716","1,000","13,716","0,000","0,000","0,000","0,000","0,000","0,000","0,000","0,000","0,000","0,000","0,000","0,000","3,000","41,148","8,000","109,728","6,000","82,296","6,000","82,296","6,000","82,296","6,000","82,296","1,000","13,716","1,000","13,716","0,000","0,000","0,000","0,000","0,000","0,000","0,000","0,000","0,000","0,000","0,000","0,000","1,000","13,716","6,000","82,296","6,000","82,296","6,000","82,296","6,000","82,296","6,000","82,296","1,000","13,716","1,000","13,716","0,000","0,000","0,000","0,000","0,000","0,000","0,000","0,000","0,000","0,000","0,000","0,000","2,000","27,432","9,000","123,444","4,000","54,864","4,000","54,864","9,000","123,444","6,000","82,296","1,000","13,716","1,000","13,716","0,000","0,000"
LECD138,Rocinha - Leme,Intersul,Ida,16.085,"0,000","0,000","0,000","0,000","0,000","0,000","0,000","0,000","1,000","16,085","3,000","48,255","13,000","209,105","11,000","176,935","11,000","176,935","12,000","193,020","10,000","160,850","2,000","32,170","2,000","32,170","1,000","16,085","0,000","0,000","0,000","0,000","0,000","0,000","0,000","0,000","1,000","16,085","2,000","32,170","9,000","144,765","7,000","112,595","8,000","128,680","8,000","128,680","7,000","112,595","1,000","16,085","1,000","16,085","1,000","16,085","1,000","16,085","0,000","0,000","0,000","0,000","0,000","0,000","1,000","16,085","1,000","16,085","6,000","96,510","7,000","112,595","6,000","96,510","7,000","112,595","6,000","96,510","2,000","32,170","1,000","16,085","1,000","16,085","0,000","0,000","0,000","0,000","0,000","0,000","0,000","0,000","1,000","16,085","2,000","32,170","8,000","128,680","7,000","112,595","7,000","112,595","7,000","112,595","6,000","96,510","1,000","16,085","1,000","16,085","1,000","16,085"
LECD138,Rocinha - Leme,Intersul,Volta,16.772,"1,000","16,772","0,000","0,000","0,000","0,000","0,000","0,000","1,000","16,772","3,000","50,316","12,000","201,264","9,000","150,948","11,000","184,492","14,000","234,808","9,000","150,948","2,000","33,544","2,000","33,544","1,000","16,772","1,000","16,772","0,000","0,000","0,000","0,000","0,000","0,000","1,000","16,772","1,000","16,772","7,000","117,404","9,000","150,948","9,000","150,948","9,000","150,948","8,000","134,176","2,000","33,544","2,000","33,544","2,000","33,544","1,000","16,772","0,000","0,000","0,000","0,000","0,000","0,000","1,000","16,772","1,000","16,772","6,000","100,632","6,000","100,632","6,000","100,632","7,000","117,404","7,000","117,404","1,000","16,772","1,000","16,772","1,000","16,772","1,000","16,772","0,000","0,000","0,000","0,000","0,000","0,000","1,000","16,772","2,000","33,544","7,000","117,404","6,000","100,632","7,000","117,404","9,000","150,948","6,000","100,632","1,000","16,772","1,000","16,772","1,000","16,772"
LECD150,Grajaú - Metrô Siqueira Campos,Intersul,Ida,18.643,"1,000","18,643","0,000","0,000","0,000","0,000","0,000","0,000","1,000","18,643","1,000","18,643","6,000","111,858","6,000","111,858","6,000","111,858","6,000","111,858","6,000","111,858","2,000","37,286","1,000","18,643","2,000","37,286","1,000","18,643","0,000","0,000","0,000","0,000","0,000","0,000","1,000","18,643","1,000","18,643","6,000","111,858","6,000","111,858","6,000","111,858","6,000","111,858","6,000","111,858","2,000","37,286","1,000","18,643","2,000","37,286","1,000","18,643","0,000","0,000","0,000","0,000","0,000","0,000","1,000","18,643","1,000","18,643","6,000","111,858","6,000","111,858","6,000","111,858","6,000","111,858","6,000","111,858","2,000","37,286","1,000","18,643","2,000","37,286","1,000","18,643","0,000","0,000","0,000","0,000","0,000","0,000","1,000","18,643","1,000","18,643","4,000","74,572","4,000","74,572","4,000","74,572","4,000","74,572","4,000","74,572","1,000","18,643","1,000","18,643","1,000","18,643"
LECD150,Grajaú - Metrô Siqueira Campos,Intersul,Volta,20.225,"1,000","20,225","2,000","40,450","0,000","0,000","0,000","0,000","0,000","0,000","1,000","20,225","5,000","101,125","6,000","121,350","6,000","121,350","6,000","121,350","6,000","121,350","2,000","40,450","2,000","40,450","1,000","20,225","1,000","20,225","2,000","40,450","0,000","0,000","0,000","0,000","0,000","0,000","1,000","20,225","5,000","101,125","6,000","121,350","6,000","121,350","6,000","121,350","6,000","121,350","2,000","40,450","2,000","40,450","1,000","20,225","1,000","20,225","2,000","40,450","0,000","0,000","0,000","0,000","0,000","0,000","1,000","20,225","5,000","101,125","6,000","121,350","6,000","121,350","6,000","121,350","6,000","121,350","2,000","40,450","2,000","40,450","1,000","20,225","1,000","20,225","1,000","20,225","0,000","0,000","0,000","0,000","0,000","0,000","1,000","20,225","3,000","60,675","4,000","80,900","4,000","80,900","4,000","80,900","4,000","80,900","1,000","20,225","1,000","20,225","1,000","20,225"
LECD151,Grajaú - Leblon,Intersul,Ida,21.108,"0,000","0,000","0,000","0,000","0,000","0,000","2,000","42,216","3,000","63,324","7,000","147,756","17,000","358,836","15,000","316,620","14,000","295,512","13,000","274,404","9,000","189,972","1,000","21,108","1,000","21,108","0,000","0,000","0,000","0,000","0,000","0,000","0,000","0,000","1,000","21,108","3,000","63,324","3,000","63,324","8,000","168,864","6,000","126,648","6,000","126,648","6,000","126,648","5,000","105,540","1,000","21,108","1,000","21,108","0,000","0,000","0,000","0,000","0,000","0,000","0,000","0,000","0,000","0,000","0,000","0,000","0,000","0,000","6,000","126,648","4,000","84,432","5,000","105,540","4,000","84,432","5,000","105,540","1,000","21,108","0,000","0,000","0,000","0,000","0,000","0,000","0,000","0,000","0,000","0,000","1,000","21,108","2,000","42,216","4,000","84,432","11,000","232,188","9,000","189,972","9,000","189,972","8,000","168,864","6,000","126,648","1,000","21,108","1,000","21,108","0,000","0,000"
LECD151,Grajaú - Leblon,Intersul,Volta,22.956,"0,000","0,000","0,000","0,000","0,000","0,000","0,000","0,000","1,000","22,956","3,000","68,868","15,000","344,340","16,000","367,296","14,000","321,384","13,000","298,428","15,000","344,340","3,000","68,868","1,000","22,956","1,000","22,956","0,000","0,000","0,000","0,000","0,000","0,000","0,000","0,000","1,000","22,956","2,000","45,912","8,000","183,648","6,000","137,736","6,000","137,736","7,000","160,692","6,000","137,736","2,000","45,912","1,000","22,956","1,000","22,956","0,000","0,000","0,000","0,000","0,000","0,000","0,000","0,000","0,000","0,000","0,000","0,000","3,000","68,868","5,000","114,780","5,000","114,780","4,000","91,824","5,000","114,780","2,000","45,912","1,000","22,956","0,000","0,000","0,000","0,000","0,000","0,000","0,000","0,000","0,000","0,000","1,000","22,956","2,000","45,912","9,000","206,604","10,000","229,560","9,000","206,604","8,000","183,648","9,000","206,604","2,000","45,912","1,000","22,956","1,000","22,956"
LECD152,Circular da Penha - Largo do Machado,Internorte,Ida,24.020,"0,000","0,000","0,000","0,000","0,000","0,000","0,000","0,000","0,000","0,000","2,000","48,040","8,000","192,160","0,000","0,000","0,000","0,000","0,000","0,000","0,000","0,000","0,000","0,000","0,000","0,000","0,000","0,000","0,000","0,000","0,000","0,000","0,000","0,000","0,000","0,000","0,000","0,000","0,000","0,000","0,000","0,000","0,000","0,000","0,000","0,000","0,000","0,000","0,000","0,000","0,000","0,000","0,000","0,000","0,000","0,000","0,000","0,000","0,000","0,000","0,000","0,000","0,000","0,000","0,000","0,000","0,000","0,000","0,000","0,000","0,000","0,000","0,000","0,000","0,000","0,000","0,000","0,000","0,000","0,000","0,000","0,000","0,000","0,000","0,000","0,000","0,000","0,000","0,000","0,000","0,000","0,000","0,000","0,000","1,000","24,020","5,000","120,100","0,000","0,000","0,000","0,000","0,000","0,000","0,000","0,000","0,000","0,000","0,000","0,000","0,000","0,000"
LECD152,Circular da Penha - Largo do Machado,Internorte,Volta,23.827,"0,000","0,000","0,000","0,000","0,000","0,000","0,000","0,000","0,000","0,000","0,000","0,000","3,000","71,481","1,000","23,827","0,000","0,000","5,000","119,135","3,000","71,481","0,000","0,000","0,000","0,000","0,000","0,000","0,000","0,000","0,000","0,000","0,000","0,000","0,000","0,000","0,000","0,000","0,000","0,000","0,000","0,000","0,000","0,000","0,000","0,000","0,000","0,000","0,000","0,000","0,000","0,000","0,000","0,000","0,000","0,000","0,000","0,000","0,000","0,000","0,000","0,000","0,000","0,000","0,000","0,000","0,000","0,000","0,000","0,000","0,000","0,000","0,000","0,000","0,000","0,000","0,000","0,000","0,000","0,000","0,000","0,000","0,000","0,000","0,000","0,000","0,000","0,000","0,000","0,000","0,000","0,000","0,000","0,000","0,000","0,000","2,000","47,654","1,000","23,827","0,000","0,000","3,000","71,481","2,000","47,654","0,000","0,000","0,000","0,000","0,000","0,000"
LECD153,Metrô São Cristóvão - Metrô Siqueira Campos,Intersul,Ida,10.842,"0,000","0,000","0,000","0,000","0,000","0,000","0,000","0,000","1,000","10,842","4,000","43,368","16,000","173,472","9,000","97,578","9,000","97,578","11,000","119,262","9,000","97,578","2,000","21,684","0,000","0,000","0,000","0,000","0,000","0,000","0,000","0,000","0,000","0,000","0,000","0,000","2,000","21,684","2,000","21,684","9,000","97,578","4,000","43,368","4,000","43,368","4,000","43,368","4,000","43,368","0,000","0,000","0,000","0,000","0,000","0,000","0,000","0,000","0,000","0,000","0,000","0,000","0,000","0,000","2,000","21,684","2,000","21,684","9,000","97,578","4,000","43,368","4,000","43,368","4,000","43,368","4,000","43,368","0,000","0,000","0,000","0,000","0,000","0,000","0,000","0,000","0,000","0,000","0,000","0,000","0,000","0,000","1,000","10,842","2,000","21,684","10,000","108,420","6,000","65,052","6,000","65,052","7,000","75,894","6,000","65,052","1,000","10,842","0,000","0,000","0,000","0,000"
LECD153,Metrô São Cristóvão - Metrô Siqueira Campos,Intersul,Volta,12.361,"0,000","0,000","0,000","0,000","0,000","0,000","0,000","0,000","0,000","0,000","2,000","24,722","9,000","111,249","9,000","111,249","10,000","123,610","18,000","222,498","10,000","123,610","2,000","24,722","1,000","12,361","0,000","0,000","0,000","0,000","0,000","0,000","0,000","0,000","0,000","0,000","0,000","0,000","4,000","49,444","8,000","98,888","4,000","49,444","4,000","49,444","5,000","61,805","3,000","37,083","1,000","12,361","0,000","0,000","0,000","0,000","0,000","0,000","0,000","0,000","0,000","0,000","0,000","0,000","0,000","0,000","4,000","49,444","8,000","98,888","4,000","49,444","4,000","49,444","5,000","61,805","3,000","37,083","1,000","12,361","0,000","0,000","0,000","0,000","0,000","0,000","0,000","0,000","0,000","0,000","0,000","0,000","0,000","0,000","1,000","12,361","6,000","74,166","6,000","74,166","6,000","74,166","11,000","135,971","6,000","74,166","1,000","12,361","1,000","12,361","0,000","0,000"
LECD154,Vila Isabel - Leblon,Intersul,Ida,19.741,"0,000","0,000","0,000","0,000","0,000","0,000","0,000","0,000","0,000","0,000","2,000","39,482","6,000","118,446","6,000","118,446","6,000","118,446","6,000","118,446","6,000","118,446","1,000","19,741","1,000","19,741","0,000","0,000","0,000","0,000","0,000","0,000","0,000","0,000","0,000","0,000","0,000","0,000","2,000","39,482","6,000","118,446","6,000","118,446","6,000","118,446","6,000","118,446","6,000","118,446","1,000","19,741","1,000","19,741","0,000","0,000","0,000","0,000","0,000","0,000","0,000","0,000","0,000","0,000","0,000","0,000","2,000","39,482","6,000","118,446","6,000","118,446","6,000","118,446","6,000","118,446","6,000","118,446","1,000","19,741","1,000","19,741","0,000","0,000","0,000","0,000","0,000","0,000","0,000","0,000","0,000","0,000","0,000","0,000","1,000","19,741","4,000","78,964","4,000","78,964","4,000","78,964","4,000","78,964","4,000","78,964","1,000","19,741","1,000","19,741","0,000","0,000"
LECD154,Vila Isabel - Leblon,Intersul,Volta,18.150,"0,000","0,000","0,000","0,000","0,000","0,000","0,000","0,000","0,000","0,000","0,000","0,000","6,000","108,900","6,000","108,900","6,000","108,900","6,000","108,900","6,000","108,900","2,000","36,300","2,000","36,300","0,000","0,000","0,000","0,000","0,000","0,000","0,000","0,000","0,000","0,000","0,000","0,000","0,000","0,000","6,000","108,900","6,000","108,900","6,000","108,900","6,000","108,900","6,000","108,900","2,000","36,300","2,000","36,300","0,000","0,000","0,000","0,000","0,000","0,000","0,000","0,000","0,000","0,000","0,000","0,000","0,000","0,000","6,000","108,900","6,000","108,900","6,000","108,900","6,000","108,900","6,000","108,900","2,000","36,300","2,000","36,300","0,000","0,000","0,000","0,000","0,000","0,000","0,000","0,000","0,000","0,000","0,000","0,000","0,000","0,000","4,000","72,600","4,000","72,600","4,000","72,600","4,000","72,600","4,000","72,600","1,000","18,150","1,000","18,150","0,000","0,000"
LECD155,Grajaú - Gamboa,Intersul,Ida,12.725,"0,000","0,000","0,000","0,000","0,000","0,000","0,000","0,000","0,000","0,000","2,000","25,450","6,000","76,350","6,000","76,350","6,000","76,350","6,000","76,350","6,000","76,350","2,000","25,450","0,000","0,000","0,000","0,000","0,000","0,000","0,000","0,000","0,000","0,000","0,000","0,000","0,000","0,000","1,000","12,725","6,000","76,350","6,000","76,350","6,000","76,350","6,000","76,350","6,000","76,350","1,000","12,725","0,000","0,000","0,000","0,000","0,000","0,000","0,000","0,000","0,000","0,000","0,000","0,000","0,000","0,000","0,000","0,000","6,000","76,350","6,000","76,350","6,000","76,350","6,000","76,350","6,000","76,350","1,000","12,725","0,000","0,000","0,000","0,000","0,000","0,000","0,000","0,000","0,000","0,000","0,000","0,000","0,000","0,000","1,000","12,725","4,000","50,900","4,000","50,900","4,000","50,900","4,000","50,900","4,000","50,900","1,000","12,725","0,000","0,000","0,000","0,000"
LECD155,Grajaú - Gamboa,Intersul,Volta,14.927,"0,000","0,000","0,000","0,000","0,000","0,000","0,000","0,000","0,000","0,000","1,000","14,927","6,000","89,562","6,000","89,562","6,000","89,562","6,000","89,562","6,000","89,562","2,000","29,854","1,000","14,927","0,000","0,000","0,000","0,000","0,000","0,000","0,000","0,000","0,000","0,000","0,000","0,000","0,000","0,000","6,000","89,562","6,000","89,562","6,000","89,562","6,000","89,562","6,000","89,562","2,000","29,854","0,000","0,000","0,000","0,000","0,000","0,000","0,000","0,000","0,000","0,000","0,000","0,000","0,000","0,000","0,000","0,000","5,000","74,635","6,000","89,562","6,000","89,562","6,000","89,562","6,000","89,562","2,000","29,854","0,000","0,000","0,000","0,000","0,000","0,000","0,000","0,000","0,000","0,000","0,000","0,000","0,000","0,000","1,000","14,927","4,000","59,708","4,000","59,708","4,000","59,708","4,000","59,708","4,000","59,708","1,000","14,927","1,000","14,927","0,000","0,000"
LECD156,Capoeira Grande - Terminal Campo Grande,Santa Cruz,Ida,21.669,"1,000","21,669","0,000","0,000","0,000","0,000","1,000","21,669","3,000","65,007","5,000","108,345","18,000","390,042","10,000","216,690","11,000","238,359","14,000","303,366","9,000","195,021","1,000","21,669","2,000","43,338","1,000","21,669","1,000","21,669","0,000","0,000","0,000","0,000","1,000","21,669","2,000","43,338","2,000","43,338","10,000","216,690","10,000","216,690","7,000","151,683","6,000","130,014","7,000","151,683","1,000","21,669","2,000","43,338","1,000","21,669","0,000","0,000","0,000","0,000","0,000","0,000","0,000","0,000","1,000","21,669","1,000","21,669","6,000","130,014","4,000","86,676","3,000","65,007","4,000","86,676","5,000","108,345","1,000","21,669","1,000","21,669","1,000","21,669","1,000","21,669","0,000","0,000","0,000","0,000","1,000","21,669","2,000","43,338","3,000","65,007","11,000","238,359","6,000","130,014","7,000","151,683","9,000","195,021","6,000","130,014","1,000","21,669","1,000","21,669","1,000","21,669"
LECD156,Capoeira Grande - Terminal Campo Grande,Santa Cruz,Volta,22.727,"0,000","0,000","0,000","0,000","0,000","0,000","1,000","22,727","2,000","45,454","4,000","90,908","15,000","340,905","10,000","227,270","11,000","249,997","13,000","295,451","11,000","249,997","3,000","68,181","2,000","45,454","1,000","22,727","0,000","0,000","0,000","0,000","0,000","0,000","1,000","22,727","1,000","22,727","2,000","45,454","8,000","181,816","8,000","181,816","9,000","204,543","8,000","181,816","7,000","159,089","2,000","45,454","2,000","45,454","0,000","0,000","0,000","0,000","0,000","0,000","0,000","0,000","0,000","0,000","1,000","22,727","1,000","22,727","4,000","90,908","4,000","90,908","3,000","68,181","4,000","90,908","3,000","68,181","1,000","22,727","1,000","22,727","0,000","0,000","0,000","0,000","0,000","0,000","0,000","0,000","1,000","22,727","1,000","22,727","2,000","45,454","9,000","204,543","6,000","136,362","7,000","159,089","8,000","181,816","7,000","159,089","2,000","45,454","1,000","22,727","1,000","22,727"
LECD157,Carobinha - Campo Grande,Santa Cruz,Ida,14.165,"0,000","0,000","0,000","0,000","0,000","0,000","0,000","0,000","1,000","14,165","2,000","28,330","7,000","99,155","6,000","84,990","6,000","84,990","6,000","84,990","6,000","84,990","1,000","14,165","1,000","14,165","0,000","0,000","0,000","0,000","0,000","0,000","0,000","0,000","0,000","0,000","1,000","14,165","2,000","28,330","7,000","99,155","6,000","84,990","6,000","84,990","6,000","84,990","6,000","84,990","1,000","14,165","1,000","14,165","0,000","0,000","0,000","0,000","0,000","0,000","0,000","0,000","0,000","0,000","1,000","14,165","2,000","28,330","7,000","99,155","6,000","84,990","6,000","84,990","6,000","84,990","6,000","84,990","1,000","14,165","1,000","14,165","0,000","0,000","0,000","0,000","0,000","0,000","0,000","0,000","0,000","0,000","1,000","14,165","1,000","14,165","4,000","56,660","4,000","56,660","4,000","56,660","4,000","56,660","4,000","56,660","1,000","14,165","1,000","14,165","0,000","0,000"
LECD157,Carobinha - Campo Grande,Santa Cruz,Volta,10.941,"0,000","0,000","0,000","0,000","0,000","0,000","0,000","0,000","0,000","0,000","1,000","10,941","7,000","76,587","6,000","65,646","6,000","65,646","6,000","65,646","7,000","76,587","2,000","21,882","1,000","10,941","0,000","0,000","0,000","0,000","0,000","0,000","0,000","0,000","0,000","0,000","0,000","0,000","1,000","10,941","7,000","76,587","6,000","65,646","6,000","65,646","6,000","65,646","7,000","76,587","2,000","21,882","1,000","10,941","0,000","0,000","0,000","0,000","0,000","0,000","0,000","0,000","0,000","0,000","0,000","0,000","1,000","10,941","7,000","76,587","6,000","65,646","6,000","65,646","6,000","65,646","7,000","76,587","2,000","21,882","1,000","10,941","0,000","0,000","0,000","0,000","0,000","0,000","0,000","0,000","0,000","0,000","0,000","0,000","1,000","10,941","4,000","43,764","4,000","43,764","4,000","43,764","4,000","43,764","4,000","43,764","1,000","10,941","1,000","10,941","0,000","0,000"
SN007,Silvestre - Central,Intersul,Ida,11.272,"1,000","11,272","1,000","11,272","1,000","11,272","1,000","11,272","1,000","11,272","0,000","0,000","0,000","0,000","0,000","0,000","0,000","0,000","0,000","0,000","0,000","0,000","1,000","11,272","1,000","11,272","1,000","11,272","1,000","11,272","1,000","11,272","1,000","11,272","1,000","11,272","1,000","11,272","0,000","0,000","0,000","0,000","0,000","0,000","0,000","0,000","0,000","0,000","0,000","0,000","1,000","11,272","1,000","11,272","1,000","11,272","1,000","11,272","1,000","11,272","1,000","11,272","1,000","11,272","1,000","11,272","0,000","0,000","0,000","0,000","0,000","0,000","0,000","0,000","0,000","0,000","0,000","0,000","1,000","11,272","1,000","11,272","1,000","11,272","1,000","11,272","1,000","11,272","1,000","11,272","1,000","11,272","1,000","11,272","0,000","0,000","0,000","0,000","0,000","0,000","0,000","0,000","0,000","0,000","0,000","0,000","1,000","11,272","1,000","11,272","1,000","11,272"
SN007,Silvestre - Central,Intersul,Volta,12.247,"1,000","12,247","1,000","12,247","1,000","12,247","1,000","12,247","1,000","12,247","0,000","0,000","0,000","0,000","0,000","0,000","0,000","0,000","0,000","0,000","0,000","0,000","0,000","0,000","1,000","12,247","1,000","12,247","1,000","12,247","1,000","12,247","1,000","12,247","1,000","12,247","1,000","12,247","0,000","0,000","0,000","0,000","0,000","0,000","0,000","0,000","0,000","0,000","0,000","0,000","0,000","0,000","1,000","12,247","1,000","12,247","1,000","12,247","1,000","12,247","1,000","12,247","1,000","12,247","1,000","12,247","0,000","0,000","0,000","0,000","0,000","0,000","0,000","0,000","0,000","0,000","0,000","0,000","0,000","0,000","1,000","12,247","1,000","12,247","1,000","12,247","1,000","12,247","1,000","12,247","1,000","12,247","1,000","12,247","0,000","0,000","0,000","0,000","0,000","0,000","0,000","0,000","0,000","0,000","0,000","0,000","0,000","0,000","1,000","12,247","1,000","12,247"
SN104,São Conrado - Terminal Gentileza,Intersul,Ida,26.832,"1,000","26,832","1,000","26,832","1,000","26,832","1,000","26,832","1,000","26,832","0,000","0,000","0,000","0,000","0,000","0,000","0,000","0,000","0,000","0,000","0,000","0,000","0,000","0,000","0,000","0,000","1,000","26,832","1,000","26,832","1,000","26,832","1,000","26,832","1,000","26,832","1,000","26,832","0,000","0,000","0,000","0,000","0,000","0,000","0,000","0,000","0,000","0,000","0,000","0,000","0,000","0,000","0,000","0,000","1,000","26,832","1,000","26,832","1,000","26,832","1,000","26,832","1,000","26,832","1,000","26,832","0,000","0,000","0,000","0,000","0,000","0,000","0,000","0,000","0,000","0,000","0,000","0,000","0,000","0,000","0,000","0,000","1,000","26,832","1,000","26,832","1,000","26,832","1,000","26,832","1,000","26,832","1,000","26,832","0,000","0,000","0,000","0,000","0,000","0,000","0,000","0,000","0,000","0,000","0,000","0,000","0,000","0,000","0,000","0,000","1,000","26,832"
SN104,São Conrado - Terminal Gentileza,Intersul,Volta,26.280,"1,000","26,280","1,000","26,280","1,000","26,280","1,000","26,280","0,000","0,000","0,000","0,000","0,000","0,000","0,000","0,000","0,000","0,000","0,000","0,000","0,000","0,000","0,000","0,000","1,000","26,280","1,000","26,280","1,000","26,280","1,000","26,280","1,000","26,280","1,000","26,280","0,000","0,000","0,000","0,000","0,000","0,000","0,000","0,000","0,000","0,000","0,000","0,000","0,000","0,000","0,000","0,000","1,000","26,280","1,000","26,280","1,000","26,280","1,000","26,280","1,000","26,280","1,000","26,280","0,000","0,000","0,000","0,000","0,000","0,000","0,000","0,000","0,000","0,000","0,000","0,000","0,000","0,000","0,000","0,000","1,000","26,280","1,000","26,280","1,000","26,280","1,000","26,280","1,000","26,280","1,000","26,280","0,000","0,000","0,000","0,000","0,000","0,000","0,000","0,000","0,000","0,000","0,000","0,000","0,000","0,000","0,000","0,000","1,000","26,280","1,000","26,280"
SN133,Largo do Machado - Terminal Gentileza,Intersul,Ida,9.382,"1,000","9,382","1,000","9,382","1,000","9,382","1,000","9,382","1,000","9,382","0,000","0,000","0,000","0,000","0,000","0,000","0,000","0,000","0,000","0,000","0,000","0,000","0,000","0,000","0,000","0,000","1,000","9,382","1,000","9,382","1,000","9,382","1,000","9,382","1,000","9,382","1,000","9,382","0,000","0,000","0,000","0,000","0,000","0,000","0,000","0,000","0,000","0,000","0,000","0,000","0,000","0,000","0,000","0,000","1,000","9,382","1,000","9,382","1,000","9,382","1,000","9,382","1,000","9,382","1,000","9,382","0,000","0,000","0,000","0,000","0,000","0,000","0,000","0,000","0,000","0,000","0,000","0,000","0,000","0,000","0,000","0,000","1,000","9,382","1,000","9,382","1,000","9,382","1,000","9,382","1,000","9,382","1,000","9,382","0,000","0,000","0,000","0,000","0,000","0,000","0,000","0,000","0,000","0,000","0,000","0,000","0,000","0,000","0,000","0,000","1,000","9,382"
SN133,Largo do Machado - Terminal Gentileza,Intersul,Volta,11.662,"1,000","11,662","1,000","11,662","1,000","11,662","1,000","11,662","1,000","11,662","0,000","0,000","0,000","0,000","0,000","0,000","0,000","0,000","0,000","0,000","0,000","0,000","0,000","0,000","0,000","0,000","1,000","11,662","1,000","11,662","1,000","11,662","1,000","11,662","1,000","11,662","1,000","11,662","0,000","0,000","0,000","0,000","0,000","0,000","0,000","0,000","0,000","0,000","0,000","0,000","0,000","0,000","0,000","0,000","1,000","11,662","1,000","11,662","1,000","11,662","1,000","11,662","1,000","11,662","1,000","11,662","0,000","0,000","0,000","0,000","0,000","0,000","0,000","0,000","0,000","0,000","0,000","0,000","0,000","0,000","0,000","0,000","1,000","11,662","1,000","11,662","1,000","11,662","1,000","11,662","1,000","11,662","1,000","11,662","0,000","0,000","0,000","0,000","0,000","0,000","0,000","0,000","0,000","0,000","0,000","0,000","0,000","0,000","0,000","0,000","1,000","11,662"
SN209,Passeio - Caju,Intersul,Ida,20.356,"1,000","20,356","1,000","20,356","1,000","20,356","1,000","20,356","1,000","20,356","0,000","0,000","0,000","0,000","0,000","0,000","0,000","0,000","0,000","0,000","0,000","0,000","0,000","0,000","1,000","20,356","1,000","20,356","1,000","20,356","1,000","20,356","1,000","20,356","1,000","20,356","1,000","20,356","0,000","0,000","0,000","0,000","0,000","0,000","0,000","0,000","0,000","0,000","0,000","0,000","0,000","0,000","1,000","20,356","1,000","20,356","1,000","20,356","1,000","20,356","1,000","20,356","1,000","20,356","1,000","20,356","0,000","0,000","0,000","0,000","0,000","0,000","0,000","0,000","0,000","0,000","0,000","0,000","0,000","0,000","1,000","20,356","1,000","20,356","1,000","20,356","1,000","20,356","1,000","20,356","1,000","20,356","1,000","20,356","0,000","0,000","0,000","0,000","0,000","0,000","0,000","0,000","0,000","0,000","0,000","0,000","0,000","0,000","1,000","20,356","1,000","20,356"
SN209,Passeio - Caju,Intersul,Volta,19.406,"1,000","19,406","1,000","19,406","1,000","19,406","1,000","19,406","0,000","0,000","0,000","0,000","0,000","0,000","0,000","0,000","0,000","0,000","0,000","0,000","0,000","0,000","1,000","19,406","1,000","19,406","1,000","19,406","1,000","19,406","1,000","19,406","1,000","19,406","1,000","19,406","0,000","0,000","0,000","0,000","0,000","0,000","0,000","0,000","0,000","0,000","0,000","0,000","0,000","0,000","1,000","19,406","1,000","19,406","1,000","19,406","1,000","19,406","1,000","19,406","1,000","19,406","1,000","19,406","0,000","0,000","0,000","0,000","0,000","0,000","0,000","0,000","0,000","0,000","0,000","0,000","0,000","0,000","1,000","19,406","1,000","19,406","1,000","19,406","1,000","19,406","1,000","19,406","1,000","19,406","1,000","19,406","0,000","0,000","0,000","0,000","0,000","0,000","0,000","0,000","0,000","0,000","0,000","0,000","0,000","0,000","1,000","19,406","1,000","19,406","1,000","19,406"
SN232,Lins de Vasconcelos - Castelo,Internorte,Ida,17.508,"1,000","17,508","1,000","17,508","1,000","17,508","1,000","17,508","0,000","0,000","0,000","0,000","0,000","0,000","0,000","0,000","0,000","0,000","0,000","0,000","0,000","0,000","0,000","0,000","1,000","17,508","1,000","17,508","1,000","17,508","1,000","17,508","1,000","17,508","1,000","17,508","0,000","0,000","0,000","0,000","0,000","0,000","0,000","0,000","0,000","0,000","0,000","0,000","0,000","0,000","0,000","0,000","1,000","17,508","1,000","17,508","1,000","17,508","1,000","17,508","1,000","17,508","1,000","17,508","0,000","0,000","0,000","0,000","0,000","0,000","0,000","0,000","0,000","0,000","0,000","0,000","0,000","0,000","0,000","0,000","1,000","17,508","1,000","17,508","1,000","17,508","1,000","17,508","1,000","17,508","1,000","17,508","0,000","0,000","0,000","0,000","0,000","0,000","0,000","0,000","0,000","0,000","0,000","0,000","0,000","0,000","0,000","0,000","1,000","17,508","1,000","17,508"
SN232,Lins de Vasconcelos - Castelo,Internorte,Volta,16.217,"1,000","16,217","1,000","16,217","1,000","16,217","1,000","16,217","1,000","16,217","0,000","0,000","0,000","0,000","0,000","0,000","0,000","0,000","0,000","0,000","0,000","0,000","0,000","0,000","0,000","0,000","1,000","16,217","1,000","16,217","1,000","16,217","1,000","16,217","1,000","16,217","2,000","32,434","0,000","0,000","0,000","0,000","0,000","0,000","0,000","0,000","0,000","0,000","0,000","0,000","0,000","0,000","0,000","0,000","1,000","16,217","1,000","16,217","1,000","16,217","1,000","16,217","1,000","16,217","1,000","16,217","0,000","0,000","0,000","0,000","0,000","0,000","0,000","0,000","0,000","0,000","0,000","0,000","0,000","0,000","0,000","0,000","1,000","16,217","1,000","16,217","1,000","16,217","1,000","16,217","1,000","16,217","1,000","16,217","0,000","0,000","0,000","0,000","0,000","0,000","0,000","0,000","0,000","0,000","0,000","0,000","0,000","0,000","0,000","0,000","1,000","16,217"
SN238,Água Santa - Castelo,Internorte,Ida,22.313,"1,000","22,313","1,000","22,313","1,000","22,313","1,000","22,313","0,000","0,000","0,000","0,000","0,000","0,000","0,000","0,000","0,000","0,000","0,000","0,000","0,000","0,000","0,000","0,000","1,000","22,313","1,000","22,313","1,000","22,313","1,000","22,313","1,000","22,313","1,000","22,313","0,000","0,000","0,000","0,000","0,000","0,000","0,000","0,000","0,000","0,000","0,000","0,000","0,000","0,000","0,000","0,000","1,000","22,313","1,000","22,313","1,000","22,313","1,000","22,313","1,000","22,313","1,000","22,313","0,000","0,000","0,000","0,000","0,000","0,000","0,000","0,000","0,000","0,000","0,000","0,000","0,000","0,000","0,000","0,000","1,000","22,313","1,000","22,313","1,000","22,313","1,000","22,313","1,000","22,313","1,000","22,313","0,000","0,000","0,000","0,000","0,000","0,000","0,000","0,000","0,000","0,000","0,000","0,000","0,000","0,000","0,000","0,000","1,000","22,313","1,000","22,313"
SN238,Água Santa - Castelo,Internorte,Volta,21.583,"1,000","21,583","1,000","21,583","1,000","21,583","1,000","21,583","1,000","21,583","0,000","0,000","0,000","0,000","0,000","0,000","0,000","0,000","0,000","0,000","0,000","0,000","0,000","0,000","0,000","0,000","1,000","21,583","1,000","21,583","1,000","21,583","1,000","21,583","1,000","21,583","1,000","21,583","0,000","0,000","0,000","0,000","0,000","0,000","0,000","0,000","0,000","0,000","0,000","0,000","0,000","0,000","0,000","0,000","1,000","21,583","1,000","21,583","1,000","21,583","1,000","21,583","1,000","21,583","1,000","21,583","0,000","0,000","0,000","0,000","0,000","0,000","0,000","0,000","0,000","0,000","0,000","0,000","0,000","0,000","0,000","0,000","1,000","21,583","1,000","21,583","1,000","21,583","1,000","21,583","1,000","21,583","1,000","21,583","0,000","0,000","0,000","0,000","0,000","0,000","0,000","0,000","0,000","0,000","0,000","0,000","0,000","0,000","0,000","0,000","1,000","21,583"
SN265,Marechal Hermes - Castelo,Internorte,Ida,29.569,"1,000","29,569","1,000","29,569","1,000","29,569","1,000","29,569","0,000","0,000","0,000","0,000","0,000","0,000","0,000","0,000","0,000","0,000","0,000","0,000","0,000","0,000","0,000","0,000","1,000","29,569","1,000","29,569","1,000","29,569","1,000","29,569","1,000","29,569","1,000","29,569","0,000","0,000","0,000","0,000","0,000","0,000","0,000","0,000","0,000","0,000","0,000","0,000","0,000","0,000","0,000","0,000","2,000","59,138","1,000","29,569","1,000","29,569","1,000","29,569","1,000","29,569","1,000","29,569","0,000","0,000","0,000","0,000","0,000","0,000","0,000","0,000","0,000","0,000","0,000","0,000","0,000","0,000","0,000","0,000","1,000","29,569","1,000","29,569","1,000","29,569","1,000","29,569","1,000","29,569","1,000","29,569","0,000","0,000","0,000","0,000","0,000","0,000","0,000","0,000","0,000","0,000","0,000","0,000","0,000","0,000","0,000","0,000","1,000","29,569","1,000","29,569"
SN265,Marechal Hermes - Castelo,Internorte,Volta,34.863,"1,000","34,863","1,000","34,863","1,000","34,863","1,000","34,863","1,000","34,863","0,000","0,000","0,000","0,000","0,000","0,000","0,000","0,000","0,000","0,000","0,000","0,000","0,000","0,000","0,000","0,000","1,000","34,863","1,000","34,863","1,000","34,863","1,000","34,863","1,000","34,863","2,000","69,726","0,000","0,000","0,000","0,000","0,000","0,000","0,000","0,000","0,000","0,000","0,000","0,000","0,000","0,000","0,000","0,000","1,000","34,863","1,000","34,863","1,000","34,863","1,000","34,863","1,000","34,863","1,000","34,863","0,000","0,000","0,000","0,000","0,000","0,000","0,000","0,000","0,000","0,000","0,000","0,000","0,000","0,000","0,000","0,000","1,000","34,863","1,000","34,863","1,000","34,863","1,000","34,863","1,000","34,863","1,000","34,863","0,000","0,000","0,000","0,000","0,000","0,000","0,000","0,000","0,000","0,000","0,000","0,000","0,000","0,000","0,000","0,000","1,000","34,863"
SN292,Engenho da Rainha - Castelo,Internorte,Ida,20.783,"1,000","20,783","1,000","20,783","1,000","20,783","1,000","20,783","0,000","0,000","0,000","0,000","0,000","0,000","0,000","0,000","0,000","0,000","0,000","0,000","0,000","0,000","0,000","0,000","1,000","20,783","1,000","20,783","1,000","20,783","1,000","20,783","1,000","20,783","1,000","20,783","0,000","0,000","0,000","0,000","0,000","0,000","0,000","0,000","0,000","0,000","0,000","0,000","0,000","0,000","0,000","0,000","1,000","20,783","1,000","20,783","1,000","20,783","1,000","20,783","1,000","20,783","1,000","20,783","0,000","0,000","0,000","0,000","0,000","0,000","0,000","0,000","0,000","0,000","0,000","0,000","0,000","0,000","0,000","0,000","1,000","20,783","1,000","20,783","1,000","20,783","1,000","20,783","1,000","20,783","1,000","20,783","0,000","0,000","0,000","0,000","0,000","0,000","0,000","0,000","0,000","0,000","0,000","0,000","0,000","0,000","0,000","0,000","1,000","20,783","1,000","20,783"
SN292,Engenho da Rainha - Castelo,Internorte,Volta,20.416,"1,000","20,416","1,000","20,416","1,000","20,416","1,000","20,416","1,000","20,416","0,000","0,000","0,000","0,000","0,000","0,000","0,000","0,000","0,000","0,000","0,000","0,000","0,000","0,000","0,000","0,000","1,000","20,416","1,000","20,416","1,000","20,416","1,000","20,416","1,000","20,416","1,000","20,416","0,000","0,000","0,000","0,000","0,000","0,000","0,000","0,000","0,000","0,000","0,000","0,000","0,000","0,000","0,000","0,000","1,000","20,416","1,000","20,416","1,000","20,416","1,000","20,416","1,000","20,416","1,000","20,416","0,000","0,000","0,000","0,000","0,000","0,000","0,000","0,000","0,000","0,000","0,000","0,000","0,000","0,000","0,000","0,000","1,000","20,416","1,000","20,416","1,000","20,416","1,000","20,416","1,000","20,416","1,000","20,416","0,000","0,000","0,000","0,000","0,000","0,000","0,000","0,000","0,000","0,000","0,000","0,000","0,000","0,000","0,000","0,000","1,000","20,416"
SN298,Acari - Castelo,Internorte,Ida,33.368,"1,000","33,368","1,000","33,368","1,000","33,368","1,000","33,368","0,000","0,000","0,000","0,000","0,000","0,000","0,000","0,000","0,000","0,000","0,000","0,000","0,000","0,000","0,000","0,000","0,000","0,000","1,000","33,368","1,000","33,368","1,000","33,368","1,000","33,368","1,000","33,368","0,000","0,000","0,000","0,000","0,000","0,000","0,000","0,000","0,000","0,000","0,000","0,000","0,000","0,000","0,000","0,000","0,000","0,000","1,000","33,368","1,000","33,368","1,000","33,368","1,000","33,368","1,000","33,368","0,000","0,000","0,000","0,000","0,000","0,000","0,000","0,000","0,000","0,000","0,000","0,000","0,000","0,000","0,000","0,000","0,000","0,000","1,000","33,368","1,000","33,368","1,000","33,368","1,000","33,368","1,000","33,368","0,000","0,000","0,000","0,000","0,000","0,000","0,000","0,000","0,000","0,000","0,000","0,000","0,000","0,000","0,000","0,000","0,000","0,000","1,000","33,368"
SN298,Acari - Castelo,Internorte,Volta,33.829,"1,000","33,829","1,000","33,829","1,000","33,829","1,000","33,829","1,000","33,829","0,000","0,000","0,000","0,000","0,000","0,000","0,000","0,000","0,000","0,000","0,000","0,000","0,000","0,000","0,000","0,000","1,000","33,829","1,000","33,829","1,000","33,829","1,000","33,829","1,000","33,829","1,000","33,829","0,000","0,000","0,000","0,000","0,000","0,000","0,000","0,000","0,000","0,000","0,000","0,000","0,000","0,000","0,000","0,000","1,000","33,829","1,000","33,829","1,000","33,829","1,000","33,829","1,000","33,829","1,000","33,829","0,000","0,000","0,000","0,000","0,000","0,000","0,000","0,000","0,000","0,000","0,000","0,000","0,000","0,000","0,000","0,000","1,000","33,829","1,000","33,829","1,000","33,829","1,000","33,829","1,000","33,829","1,000","33,829","0,000","0,000","0,000","0,000","0,000","0,000","0,000","0,000","0,000","0,000","0,000","0,000","0,000","0,000","0,000","0,000","1,000","33,829"
SN302,Terminal Gentileza - Terminal Alvorada,Transcarioca,Ida,35.339,"0,000","0,000","1,000","35,339","1,000","35,339","1,000","35,339","0,000","0,000","0,000","0,000","0,000","0,000","0,000","0,000","0,000","0,000","0,000","0,000","0,000","0,000","0,000","0,000","0,000","0,000","0,000","0,000","0,000","0,000","1,000","35,339","1,000","35,339","1,000","35,339","0,000","0,000","0,000","0,000","0,000","0,000","0,000","0,000","0,000","0,000","0,000","0,000","0,000","0,000","0,000","0,000","0,000","0,000","0,000","0,000","0,000","0,000","1,000","35,339","1,000","35,339","1,000","35,339","0,000","0,000","0,000","0,000","0,000","0,000","0,000","0,000","0,000","0,000","0,000","0,000","0,000","0,000","0,000","0,000","0,000","0,000","0,000","0,000","0,000","0,000","1,000","35,339","1,000","35,339","1,000","35,339","0,000","0,000","0,000","0,000","0,000","0,000","0,000","0,000","0,000","0,000","0,000","0,000","0,000","0,000","0,000","0,000","0,000","0,000","0,000","0,000"
SN302,Terminal Gentileza - Terminal Alvorada,Transcarioca,Volta,35.998,"0,000","0,000","1,000","35,998","1,000","35,998","1,000","35,998","0,000","0,000","0,000","0,000","0,000","0,000","0,000","0,000","0,000","0,000","0,000","0,000","0,000","0,000","0,000","0,000","0,000","0,000","0,000","0,000","0,000","0,000","1,000","35,998","1,000","35,998","1,000","35,998","0,000","0,000","0,000","0,000","0,000","0,000","0,000","0,000","0,000","0,000","0,000","0,000","0,000","0,000","0,000","0,000","0,000","0,000","0,000","0,000","0,000","0,000","1,000","35,998","1,000","35,998","1,000","35,998","0,000","0,000","0,000","0,000","0,000","0,000","0,000","0,000","0,000","0,000","0,000","0,000","0,000","0,000","0,000","0,000","0,000","0,000","0,000","0,000","0,000","0,000","1,000","35,998","1,000","35,998","1,000","35,998","0,000","0,000","0,000","0,000","0,000","0,000","0,000","0,000","0,000","0,000","0,000","0,000","0,000","0,000","0,000","0,000","0,000","0,000","0,000","0,000"
SN312,Penha - Candelária,Internorte,Ida,19.716,"1,000","19,716","1,000","19,716","1,000","19,716","1,000","19,716","0,000","0,000","0,000","0,000","0,000","0,000","0,000","0,000","0,000","0,000","0,000","0,000","0,000","0,000","0,000","0,000","1,000","19,716","1,000","19,716","1,000","19,716","1,000","19,716","1,000","19,716","1,000","19,716","0,000","0,000","0,000","0,000","0,000","0,000","0,000","0,000","0,000","0,000","0,000","0,000","0,000","0,000","0,000","0,000","1,000","19,716","1,000","19,716","1,000","19,716","1,000","19,716","1,000","19,716","1,000","19,716","0,000","0,000","0,000","0,000","0,000","0,000","0,000","0,000","0,000","0,000","0,000","0,000","0,000","0,000","0,000","0,000","1,000","19,716","1,000","19,716","1,000","19,716","1,000","19,716","1,000","19,716","1,000","19,716","0,000","0,000","0,000","0,000","0,000","0,000","0,000","0,000","0,000","0,000","0,000","0,000","0,000","0,000","0,000","0,000","1,000","19,716","1,000","19,716"
SN312,Penha - Candelária,Internorte,Volta,21.528,"1,000","21,528","1,000","21,528","1,000","21,528","1,000","21,528","1,000","21,528","0,000","0,000","0,000","0,000","0,000","0,000","0,000","0,000","0,000","0,000","0,000","0,000","0,000","0,000","0,000","0,000","1,000","21,528","1,000","21,528","1,000","21,528","1,000","21,528","1,000","21,528","1,000","21,528","0,000","0,000","0,000","0,000","0,000","0,000","0,000","0,000","0,000","0,000","0,000","0,000","0,000","0,000","0,000","0,000","1,000","21,528","1,000","21,528","1,000","21,528","1,000","21,528","1,000","21,528","1,000","21,528","0,000","0,000","0,000","0,000","0,000","0,000","0,000","0,000","0,000","0,000","0,000","0,000","0,000","0,000","0,000","0,000","1,000","21,528","1,000","21,528","1,000","21,528","1,000","21,528","1,000","21,528","1,000","21,528","0,000","0,000","0,000","0,000","0,000","0,000","0,000","0,000","0,000","0,000","0,000","0,000","0,000","0,000","0,000","0,000","1,000","21,528"
SN319,Terminal Alvorada - Terminal Gentileza,Transcarioca,Ida,34.890,"3,000","104,670","2,000","69,780","1,000","34,890","1,000","34,890","0,000","0,000","0,000","0,000","0,000","0,000","0,000","0,000","0,000","0,000","0,000","0,000","0,000","0,000","0,000","0,000","5,000","174,450","3,000","104,670","4,000","139,560","3,000","104,670","2,000","69,780","2,000","69,780","0,000","0,000","0,000","0,000","0,000","0,000","0,000","0,000","0,000","0,000","0,000","0,000","0,000","0,000","0,000","0,000","4,000","139,560","2,000","69,780","4,000","139,560","3,000","104,670","2,000","69,780","2,000","69,780","0,000","0,000","0,000","0,000","0,000","0,000","0,000","0,000","0,000","0,000","0,000","0,000","0,000","0,000","0,000","0,000","3,000","104,670","2,000","69,780","3,000","104,670","2,000","69,780","1,000","34,890","1,000","34,890","0,000","0,000","0,000","0,000","0,000","0,000","0,000","0,000","0,000","0,000","0,000","0,000","0,000","0,000","0,000","0,000","5,000","174,450","3,000","104,670"
SN319,Terminal Alvorada - Terminal Gentileza,Transcarioca,Volta,34.630,"3,000","103,890","2,000","69,260","1,000","34,630","1,000","34,630","0,000","0,000","0,000","0,000","0,000","0,000","0,000","0,000","0,000","0,000","0,000","0,000","0,000","0,000","0,000","0,000","4,000","138,520","3,000","103,890","5,000","173,150","3,000","103,890","2,000","69,260","2,000","69,260","0,000","0,000","0,000","0,000","0,000","0,000","0,000","0,000","0,000","0,000","0,000","0,000","0,000","0,000","0,000","0,000","3,000","103,890","2,000","69,260","4,000","138,520","3,000","103,890","2,000","69,260","2,000","69,260","0,000","0,000","0,000","0,000","0,000","0,000","0,000","0,000","0,000","0,000","0,000","0,000","0,000","0,000","0,000","0,000","3,000","103,890","2,000","69,260","3,000","103,890","2,000","69,260","1,000","34,630","1,000","34,630","0,000","0,000","0,000","0,000","0,000","0,000","0,000","0,000","0,000","0,000","0,000","0,000","0,000","0,000","0,000","0,000","4,000","138,520","3,000","103,890"
SN324,Ribeira - Candelária,Internorte,Ida,32.927,"1,000","32,927","1,000","32,927","1,000","32,927","1,000","32,927","0,000","0,000","0,000","0,000","0,000","0,000","0,000","0,000","0,000","0,000","0,000","0,000","0,000","0,000","1,000","32,927","1,000","32,927","1,000","32,927","1,000","32,927","1,000","32,927","1,000","32,927","1,000","32,927","0,000","0,000","0,000","0,000","0,000","0,000","0,000","0,000","0,000","0,000","0,000","0,000","0,000","0,000","1,000","32,927","1,000","32,927","1,000","32,927","1,000","32,927","1,000","32,927","1,000","32,927","1,000","32,927","0,000","0,000","0,000","0,000","0,000","0,000","0,000","0,000","0,000","0,000","0,000","0,000","0,000","0,000","1,000","32,927","1,000","32,927","1,000","32,927","1,000","32,927","1,000","32,927","1,000","32,927","1,000","32,927","0,000","0,000","0,000","0,000","0,000","0,000","0,000","0,000","0,000","0,000","0,000","0,000","0,000","0,000","1,000","32,927","1,000","32,927","1,000","32,927"
SN324,Ribeira - Candelária,Internorte,Volta,35.890,"1,000","35,890","1,000","35,890","1,000","35,890","1,000","35,890","1,000","35,890","0,000","0,000","0,000","0,000","0,000","0,000","0,000","0,000","0,000","0,000","0,000","0,000","0,000","0,000","0,000","0,000","1,000","35,890","1,000","35,890","1,000","35,890","1,000","35,890","1,000","35,890","1,000","35,890","0,000","0,000","0,000","0,000","0,000","0,000","0,000","0,000","0,000","0,000","0,000","0,000","0,000","0,000","0,000","0,000","1,000","35,890","1,000","35,890","1,000","35,890","1,000","35,890","1,000","35,890","1,000","35,890","0,000","0,000","0,000","0,000","0,000","0,000","0,000","0,000","0,000","0,000","0,000","0,000","0,000","0,000","0,000","0,000","1,000","35,890","1,000","35,890","1,000","35,890","1,000","35,890","1,000","35,890","1,000","35,890","0,000","0,000","0,000","0,000","0,000","0,000","0,000","0,000","0,000","0,000","0,000","0,000","0,000","0,000","0,000","0,000","1,000","35,890"
SN328,Bananal - Candelária,Internorte,Ida,33.625,"1,000","33,625","1,000","33,625","1,000","33,625","1,000","33,625","0,000","0,000","0,000","0,000","0,000","0,000","0,000","0,000","0,000","0,000","0,000","0,000","0,000","0,000","0,000","0,000","1,000","33,625","1,000","33,625","1,000","33,625","1,000","33,625","1,000","33,625","1,000","33,625","0,000","0,000","0,000","0,000","0,000","0,000","0,000","0,000","0,000","0,000","0,000","0,000","0,000","0,000","0,000","0,000","1,000","33,625","1,000","33,625","1,000","33,625","1,000","33,625","1,000","33,625","1,000","33,625","0,000","0,000","0,000","0,000","0,000","0,000","0,000","0,000","0,000","0,000","0,000","0,000","0,000","0,000","0,000","0,000","1,000","33,625","1,000","33,625","1,000","33,625","1,000","33,625","1,000","33,625","1,000","33,625","0,000","0,000","0,000","0,000","0,000","0,000","0,000","0,000","0,000","0,000","0,000","0,000","0,000","0,000","0,000","0,000","1,000","33,625","1,000","33,625"
SN328,Bananal - Candelária,Internorte,Volta,37.325,"1,000","37,325","1,000","37,325","1,000","37,325","1,000","37,325","2,000","74,650","0,000","0,000","0,000","0,000","0,000","0,000","0,000","0,000","0,000","0,000","0,000","0,000","0,000","0,000","0,000","0,000","1,000","37,325","1,000","37,325","1,000","37,325","1,000","37,325","1,000","37,325","1,000","37,325","0,000","0,000","0,000","0,000","0,000","0,000","0,000","0,000","0,000","0,000","0,000","0,000","0,000","0,000","0,000","0,000","1,000","37,325","1,000","37,325","1,000","37,325","1,000","37,325","1,000","37,325","1,000","37,325","0,000","0,000","0,000","0,000","0,000","0,000","0,000","0,000","0,000","0,000","0,000","0,000","0,000","0,000","0,000","0,000","1,000","37,325","1,000","37,325","1,000","37,325","1,000","37,325","1,000","37,325","2,000","74,650","0,000","0,000","0,000","0,000","0,000","0,000","0,000","0,000","0,000","0,000","0,000","0,000","0,000","0,000","0,000","0,000","1,000","37,325"
SN353,Gardênia Azul - Terminal Gentileza,Transcarioca,Ida,31.981,"1,000","31,981","1,000","31,981","1,000","31,981","1,000","31,981","0,000","0,000","0,000","0,000","0,000","0,000","0,000","0,000","0,000","0,000","0,000","0,000","0,000","0,000","0,000","0,000","1,000","31,981","1,000","31,981","1,000","31,981","1,000","31,981","1,000","31,981","1,000","31,981","0,000","0,000","0,000","0,000","0,000","0,000","0,000","0,000","0,000","0,000","0,000","0,000","0,000","0,000","0,000","0,000","1,000","31,981","1,000","31,981","1,000","31,981","1,000","31,981","1,000","31,981","1,000","31,981","0,000","0,000","0,000","0,000","0,000","0,000","0,000","0,000","0,000","0,000","0,000","0,000","0,000","0,000","0,000","0,000","1,000","31,981","1,000","31,981","1,000","31,981","1,000","31,981","1,000","31,981","1,000","31,981","0,000","0,000","0,000","0,000","0,000","0,000","0,000","0,000","0,000","0,000","0,000","0,000","0,000","0,000","0,000","0,000","1,000","31,981","1,000","31,981"
SN353,Gardênia Azul - Terminal Gentileza,Transcarioca,Volta,32.218,"1,000","32,218","1,000","32,218","1,000","32,218","1,000","32,218","1,000","32,218","0,000","0,000","0,000","0,000","0,000","0,000","0,000","0,000","0,000","0,000","0,000","0,000","0,000","0,000","1,000","32,218","1,000","32,218","1,000","32,218","1,000","32,218","1,000","32,218","1,000","32,218","1,000","32,218","0,000","0,000","0,000","0,000","0,000","0,000","0,000","0,000","0,000","0,000","0,000","0,000","0,000","0,000","1,000","32,218","1,000","32,218","1,000","32,218","1,000","32,218","1,000","32,218","1,000","32,218","1,000","32,218","0,000","0,000","0,000","0,000","0,000","0,000","0,000","0,000","0,000","0,000","0,000","0,000","0,000","0,000","1,000","32,218","1,000","32,218","1,000","32,218","1,000","32,218","1,000","32,218","1,000","32,218","1,000","32,218","0,000","0,000","0,000","0,000","0,000","0,000","0,000","0,000","0,000","0,000","0,000","0,000","0,000","0,000","1,000","32,218","1,000","32,218"
SN355,Madureira - Praça Tiradentes,Internorte,Ida,28.537,"1,000","28,537","1,000","28,537","1,000","28,537","1,000","28,537","0,000","0,000","0,000","0,000","0,000","0,000","0,000","0,000","0,000","0,000","0,000","0,000","0,000","0,000","0,000","0,000","1,000","28,537","1,000","28,537","1,000","28,537","1,000","28,537","1,000","28,537","1,000","28,537","0,000","0,000","0,000","0,000","0,000","0,000","0,000","0,000","0,000","0,000","0,000","0,000","0,000","0,000","0,000","0,000","2,000","57,074","1,000","28,537","1,000","28,537","1,000","28,537","1,000","28,537","1,000","28,537","0,000","0,000","0,000","0,000","0,000","0,000","0,000","0,000","0,000","0,000","0,000","0,000","0,000","0,000","0,000","0,000","1,000","28,537","1,000","28,537","1,000","28,537","1,000","28,537","1,000","28,537","1,000","28,537","0,000","0,000","0,000","0,000","0,000","0,000","0,000","0,000","0,000","0,000","0,000","0,000","0,000","0,000","0,000","0,000","1,000","28,537","1,000","28,537"
SN355,Madureira - Praça Tiradentes,Internorte,Volta,30.167,"1,000","30,167","1,000","30,167","1,000","30,167","1,000","30,167","1,000","30,167","0,000","0,000","0,000","0,000","0,000","0,000","0,000","0,000","0,000","0,000","0,000","0,000","0,000","0,000","0,000","0,000","1,000","30,167","1,000","30,167","1,000","30,167","1,000","30,167","1,000","30,167","1,000","30,167","0,000","0,000","0,000","0,000","0,000","0,000","0,000","0,000","0,000","0,000","0,000","0,000","0,000","0,000","0,000","0,000","1,000","30,167","1,000","30,167","1,000","30,167","1,000","30,167","1,000","30,167","1,000","30,167","0,000","0,000","0,000","0,000","0,000","0,000","0,000","0,000","0,000","0,000","0,000","0,000","0,000","0,000","0,000","0,000","1,000","30,167","1,000","30,167","1,000","30,167","1,000","30,167","1,000","30,167","1,000","30,167","0,000","0,000","0,000","0,000","0,000","0,000","0,000","0,000","0,000","0,000","0,000","0,000","0,000","0,000","0,000","0,000","1,000","30,167"
SN363,Vila Valqueire - Candelária,Transcarioca,Ida,26.325,"1,000","26,325","1,000","26,325","1,000","26,325","1,000","26,325","0,000","0,000","0,000","0,000","0,000","0,000","0,000","0,000","0,000","0,000","0,000","0,000","0,000","0,000","0,000","0,000","0,000","0,000","1,000","26,325","1,000","26,325","1,000","26,325","1,000","26,325","1,000","26,325","0,000","0,000","0,000","0,000","0,000","0,000","0,000","0,000","0,000","0,000","0,000","0,000","0,000","0,000","0,000","0,000","0,000","0,000","1,000","26,325","1,000","26,325","1,000","26,325","1,000","26,325","1,000","26,325","0,000","0,000","0,000","0,000","0,000","0,000","0,000","0,000","0,000","0,000","0,000","0,000","0,000","0,000","0,000","0,000","0,000","0,000","1,000","26,325","1,000","26,325","1,000","26,325","1,000","26,325","1,000","26,325","0,000","0,000","0,000","0,000","0,000","0,000","0,000","0,000","0,000","0,000","0,000","0,000","0,000","0,000","0,000","0,000","0,000","0,000","1,000","26,325"
SN363,Vila Valqueire - Candelária,Transcarioca,Volta,33.345,"1,000","33,345","1,000","33,345","1,000","33,345","1,000","33,345","1,000","33,345","0,000","0,000","0,000","0,000","0,000","0,000","0,000","0,000","0,000","0,000","0,000","0,000","0,000","0,000","0,000","0,000","1,000","33,345","1,000","33,345","1,000","33,345","1,000","33,345","1,000","33,345","1,000","33,345","0,000","0,000","0,000","0,000","0,000","0,000","0,000","0,000","0,000","0,000","0,000","0,000","0,000","0,000","0,000","0,000","1,000","33,345","1,000","33,345","1,000","33,345","1,000","33,345","1,000","33,345","1,000","33,345","0,000","0,000","0,000","0,000","0,000","0,000","0,000","0,000","0,000","0,000","0,000","0,000","0,000","0,000","0,000","0,000","1,000","33,345","1,000","33,345","1,000","33,345","1,000","33,345","1,000","33,345","1,000","33,345","0,000","0,000","0,000","0,000","0,000","0,000","0,000","0,000","0,000","0,000","0,000","0,000","0,000","0,000","0,000","0,000","1,000","33,345"
SN368,Riocentro - Candelária,Transcarioca,Ida,37.637,"1,000","37,637","1,000","37,637","1,000","37,637","1,000","37,637","0,000","0,000","0,000","0,000","0,000","0,000","0,000","0,000","0,000","0,000","0,000","0,000","0,000","0,000","0,000","0,000","0,000","0,000","1,000","37,637","1,000","37,637","1,000","37,637","1,000","37,637","1,000","37,637","0,000","0,000","0,000","0,000","0,000","0,000","0,000","0,000","0,000","0,000","0,000","0,000","0,000","0,000","0,000","0,000","0,000","0,000","1,000","37,637","1,000","37,637","1,000","37,637","1,000","37,637","1,000","37,637","0,000","0,000","0,000","0,000","0,000","0,000","0,000","0,000","0,000","0,000","0,000","0,000","0,000","0,000","0,000","0,000","0,000","0,000","1,000","37,637","1,000","37,637","1,000","37,637","1,000","37,637","1,000","37,637","0,000","0,000","0,000","0,000","0,000","0,000","0,000","0,000","0,000","0,000","0,000","0,000","0,000","0,000","0,000","0,000","0,000","0,000","1,000","37,637"
SN368,Riocentro - Candelária,Transcarioca,Volta,40.827,"1,000","40,827","1,000","40,827","1,000","40,827","1,000","40,827","1,000","40,827","0,000","0,000","0,000","0,000","0,000","0,000","0,000","0,000","0,000","0,000","0,000","0,000","0,000","0,000","0,000","0,000","1,000","40,827","1,000","40,827","1,000","40,827","1,000","40,827","1,000","40,827","1,000","40,827","0,000","0,000","0,000","0,000","0,000","0,000","0,000","0,000","0,000","0,000","0,000","0,000","0,000","0,000","0,000","0,000","1,000","40,827","1,000","40,827","1,000","40,827","1,000","40,827","1,000","40,827","1,000","40,827","0,000","0,000","0,000","0,000","0,000","0,000","0,000","0,000","0,000","0,000","0,000","0,000","0,000","0,000","0,000","0,000","1,000","40,827","1,000","40,827","1,000","40,827","1,000","40,827","1,000","40,827","1,000","40,827","0,000","0,000","0,000","0,000","0,000","0,000","0,000","0,000","0,000","0,000","0,000","0,000","0,000","0,000","0,000","0,000","1,000","40,827"
SN383,Realengo - Praça da República,Santa Cruz,Ida,33.205,"1,000","33,205","1,000","33,205","1,000","33,205","1,000","33,205","0,000","0,000","0,000","0,000","0,000","0,000","0,000","0,000","0,000","0,000","0,000","0,000","0,000","0,000","0,000","0,000","0,000","0,000","1,000","33,205","1,000","33,205","1,000","33,205","1,000","33,205","1,000","33,205","0,000","0,000","0,000","0,000","0,000","0,000","0,000","0,000","0,000","0,000","0,000","0,000","0,000","0,000","0,000","0,000","0,000","0,000","1,000","33,205","1,000","33,205","1,000","33,205","1,000","33,205","1,000","33,205","0,000","0,000","0,000","0,000","0,000","0,000","0,000","0,000","0,000","0,000","0,000","0,000","0,000","0,000","0,000","0,000","0,000","0,000","1,000","33,205","1,000","33,205","1,000","33,205","1,000","33,205","1,000","33,205","0,000","0,000","0,000","0,000","0,000","0,000","0,000","0,000","0,000","0,000","0,000","0,000","0,000","0,000","0,000","0,000","0,000","0,000","1,000","33,205"
SN383,Realengo - Praça da República,Santa Cruz,Volta,33.623,"1,000","33,623","1,000","33,623","1,000","33,623","1,000","33,623","1,000","33,623","0,000","0,000","0,000","0,000","0,000","0,000","0,000","0,000","0,000","0,000","0,000","0,000","0,000","0,000","0,000","0,000","1,000","33,623","1,000","33,623","1,000","33,623","1,000","33,623","1,000","33,623","1,000","33,623","0,000","0,000","0,000","0,000","0,000","0,000","0,000","0,000","0,000","0,000","0,000","0,000","0,000","0,000","0,000","0,000","1,000","33,623","1,000","33,623","1,000","33,623","1,000","33,623","1,000","33,623","1,000","33,623","0,000","0,000","0,000","0,000","0,000","0,000","0,000","0,000","0,000","0,000","0,000","0,000","0,000","0,000","0,000","0,000","1,000","33,623","1,000","33,623","1,000","33,623","1,000","33,623","1,000","33,623","1,000","33,623","0,000","0,000","0,000","0,000","0,000","0,000","0,000","0,000","0,000","0,000","0,000","0,000","0,000","0,000","0,000","0,000","1,000","33,623"
SN388,Santa Cruz - Candelária,Santa Cruz,Ida,71.125,"1,000","71,125","1,000","71,125","0,000","0,000","0,000","0,000","0,000","0,000","0,000","0,000","0,000","0,000","0,000","0,000","0,000","0,000","0,000","0,000","0,000","0,000","0,000","0,000","0,000","0,000","1,000","71,125","1,000","71,125","1,000","71,125","0,000","0,000","0,000","0,000","0,000","0,000","0,000","0,000","0,000","0,000","0,000","0,000","0,000","0,000","0,000","0,000","0,000","0,000","0,000","0,000","0,000","0,000","1,000","71,125","1,000","71,125","1,000","71,125","0,000","0,000","0,000","0,000","0,000","0,000","0,000","0,000","0,000","0,000","0,000","0,000","0,000","0,000","0,000","0,000","0,000","0,000","0,000","0,000","0,000","0,000","1,000","71,125","1,000","71,125","1,000","71,125","0,000","0,000","0,000","0,000","0,000","0,000","0,000","0,000","0,000","0,000","0,000","0,000","0,000","0,000","0,000","0,000","0,000","0,000","0,000","0,000","0,000","0,000","1,000","71,125"
SN388,Santa Cruz - Candelária,Santa Cruz,Volta,75.698,"1,000","75,698","1,000","75,698","1,000","75,698","1,000","75,698","0,000","0,000","0,000","0,000","0,000","0,000","0,000","0,000","0,000","0,000","0,000","0,000","0,000","0,000","0,000","0,000","0,000","0,000","1,000","75,698","1,000","75,698","1,000","75,698","1,000","75,698","1,000","75,698","0,000","0,000","0,000","0,000","0,000","0,000","0,000","0,000","0,000","0,000","0,000","0,000","0,000","0,000","0,000","0,000","0,000","0,000","1,000","75,698","1,000","75,698","1,000","75,698","1,000","75,698","1,000","75,698","0,000","0,000","0,000","0,000","0,000","0,000","0,000","0,000","0,000","0,000","0,000","0,000","0,000","0,000","0,000","0,000","0,000","0,000","1,000","75,698","1,000","75,698","1,000","75,698","1,000","75,698","1,000","75,698","0,000","0,000","0,000","0,000","0,000","0,000","0,000","0,000","0,000","0,000","0,000","0,000","0,000","0,000","0,000","0,000","0,000","0,000","1,000","75,698"
SN393,Bangu - Candelária,Santa Cruz,Ida,44.824,"1,000","44,824","1,000","44,824","1,000","44,824","0,000","0,000","0,000","0,000","0,000","0,000","0,000","0,000","0,000","0,000","0,000","0,000","0,000","0,000","0,000","0,000","0,000","0,000","0,000","0,000","1,000","44,824","1,000","44,824","1,000","44,824","1,000","44,824","0,000","0,000","0,000","0,000","0,000","0,000","0,000","0,000","0,000","0,000","0,000","0,000","0,000","0,000","0,000","0,000","0,000","0,000","0,000","0,000","1,000","44,824","1,000","44,824","1,000","44,824","1,000","44,824","0,000","0,000","0,000","0,000","0,000","0,000","0,000","0,000","0,000","0,000","0,000","0,000","0,000","0,000","0,000","0,000","0,000","0,000","0,000","0,000","1,000","44,824","1,000","44,824","1,000","44,824","1,000","44,824","0,000","0,000","0,000","0,000","0,000","0,000","0,000","0,000","0,000","0,000","0,000","0,000","0,000","0,000","0,000","0,000","0,000","0,000","0,000","0,000","1,000","44,824"
SN393,Bangu - Candelária,Santa Cruz,Volta,50.183,"1,000","50,183","1,000","50,183","1,000","50,183","1,000","50,183","1,000","50,183","0,000","0,000","0,000","0,000","0,000","0,000","0,000","0,000","0,000","0,000","0,000","0,000","0,000","0,000","0,000","0,000","1,000","50,183","1,000","50,183","1,000","50,183","1,000","50,183","1,000","50,183","1,000","50,183","0,000","0,000","0,000","0,000","0,000","0,000","0,000","0,000","0,000","0,000","0,000","0,000","0,000","0,000","0,000","0,000","1,000","50,183","1,000","50,183","1,000","50,183","1,000","50,183","1,000","50,183","1,000","50,183","0,000","0,000","0,000","0,000","0,000","0,000","0,000","0,000","0,000","0,000","0,000","0,000","0,000","0,000","0,000","0,000","1,000","50,183","1,000","50,183","1,000","50,183","1,000","50,183","1,000","50,183","1,000","50,183","0,000","0,000","0,000","0,000","0,000","0,000","0,000","0,000","0,000","0,000","0,000","0,000","0,000","0,000","0,000","0,000","1,000","50,183"
SN397,Terminal Campo Grande - Candelária,Santa Cruz,Ida,54.391,"1,000","54,391","1,000","54,391","0,000","0,000","0,000","0,000","0,000","0,000","0,000","0,000","0,000","0,000","0,000","0,000","0,000","0,000","0,000","0,000","0,000","0,000","0,000","0,000","0,000","0,000","1,000","54,391","1,000","54,391","1,000","54,391","0,000","0,000","0,000","0,000","0,000","0,000","0,000","0,000","0,000","0,000","0,000","0,000","0,000","0,000","0,000","0,000","0,000","0,000","0,000","0,000","0,000","0,000","1,000","54,391","1,000","54,391","1,000","54,391","0,000","0,000","0,000","0,000","0,000","0,000","0,000","0,000","0,000","0,000","0,000","0,000","0,000","0,000","0,000","0,000","0,000","0,000","0,000","0,000","0,000","0,000","1,000","54,391","1,000","54,391","1,000","54,391","0,000","0,000","0,000","0,000","0,000","0,000","0,000","0,000","0,000","0,000","0,000","0,000","0,000","0,000","0,000","0,000","0,000","0,000","0,000","0,000","0,000","0,000","1,000","54,391"
SN397,Terminal Campo Grande - Candelária,Santa Cruz,Volta,56.278,"1,000","56,278","1,000","56,278","1,000","56,278","2,000","112,556","0,000","0,000","0,000","0,000","0,000","0,000","0,000","0,000","0,000","0,000","0,000","0,000","0,000","0,000","0,000","0,000","0,000","0,000","1,000","56,278","2,000","112,556","2,000","112,556","1,000","56,278","2,000","112,556","0,000","0,000","0,000","0,000","0,000","0,000","0,000","0,000","0,000","0,000","0,000","0,000","0,000","0,000","0,000","0,000","0,000","0,000","2,000","112,556","2,000","112,556","2,000","112,556","1,000","56,278","2,000","112,556","0,000","0,000","0,000","0,000","0,000","0,000","0,000","0,000","0,000","0,000","0,000","0,000","0,000","0,000","0,000","0,000","0,000","0,000","1,000","56,278","1,000","56,278","1,000","56,278","1,000","56,278","2,000","112,556","0,000","0,000","0,000","0,000","0,000","0,000","0,000","0,000","0,000","0,000","0,000","0,000","0,000","0,000","0,000","0,000","0,000","0,000","1,000","56,278"
SN399,Pavuna - Passeio,Internorte,Ida,39.796,"1,000","39,796","1,000","39,796","1,000","39,796","2,000","79,592","0,000","0,000","0,000","0,000","0,000","0,000","0,000","0,000","0,000","0,000","0,000","0,000","0,000","0,000","0,000","0,000","0,000","0,000","1,000","39,796","1,000","39,796","1,000","39,796","1,000","39,796","1,000","39,796","0,000","0,000","0,000","0,000","0,000","0,000","0,000","0,000","0,000","0,000","0,000","0,000","0,000","0,000","0,000","0,000","0,000","0,000","1,000","39,796","1,000","39,796","1,000","39,796","1,000","39,796","1,000","39,796","0,000","0,000","0,000","0,000","0,000","0,000","0,000","0,000","0,000","0,000","0,000","0,000","0,000","0,000","0,000","0,000","0,000","0,000","1,000","39,796","1,000","39,796","1,000","39,796","1,000","39,796","2,000","79,592","0,000","0,000","0,000","0,000","0,000","0,000","0,000","0,000","0,000","0,000","0,000","0,000","0,000","0,000","0,000","0,000","0,000","0,000","1,000","39,796"
SN399,Pavuna - Passeio,Internorte,Volta,36.321,"1,000","36,321","1,000","36,321","1,000","36,321","1,000","36,321","2,000","72,642","0,000","0,000","0,000","0,000","0,000","0,000","0,000","0,000","0,000","0,000","0,000","0,000","0,000","0,000","0,000","0,000","1,000","36,321","2,000","72,642","2,000","72,642","2,000","72,642","1,000","36,321","1,000","36,321","0,000","0,000","0,000","0,000","0,000","0,000","0,000","0,000","0,000","0,000","0,000","0,000","0,000","0,000","0,000","0,000","1,000","36,321","2,000","72,642","2,000","72,642","1,000","36,321","1,000","36,321","2,000","72,642","0,000","0,000","0,000","0,000","0,000","0,000","0,000","0,000","0,000","0,000","0,000","0,000","0,000","0,000","0,000","0,000","1,000","36,321","1,000","36,321","1,000","36,321","1,000","36,321","1,000","36,321","2,000","72,642","0,000","0,000","0,000","0,000","0,000","0,000","0,000","0,000","0,000","0,000","0,000","0,000","0,000","0,000","0,000","0,000","1,000","36,321"
SN410,Saens Peña - Gávea,Intersul,Ida,22.720,"1,000","22,720","1,000","22,720","1,000","22,720","1,000","22,720","0,000","0,000","0,000","0,000","0,000","0,000","0,000","0,000","0,000","0,000","0,000","0,000","0,000","0,000","1,000","22,720","1,000","22,720","1,000","22,720","1,000","22,720","1,000","22,720","1,000","22,720","1,000","22,720","0,000","0,000","0,000","0,000","0,000","0,000","0,000","0,000","0,000","0,000","0,000","0,000","0,000","0,000","1,000","22,720","1,000","22,720","1,000","22,720","1,000","22,720","1,000","22,720","1,000","22,720","1,000","22,720","0,000","0,000","0,000","0,000","0,000","0,000","0,000","0,000","0,000","0,000","0,000","0,000","0,000","0,000","1,000","22,720","1,000","22,720","1,000","22,720","1,000","22,720","1,000","22,720","1,000","22,720","1,000","22,720","0,000","0,000","0,000","0,000","0,000","0,000","0,000","0,000","0,000","0,000","0,000","0,000","0,000","0,000","1,000","22,720","1,000","22,720","1,000","22,720"
SN410,Saens Peña - Gávea,Intersul,Volta,25.295,"1,000","25,295","1,000","25,295","1,000","25,295","1,000","25,295","1,000","25,295","0,000","0,000","0,000","0,000","0,000","0,000","0,000","0,000","0,000","0,000","0,000","0,000","0,000","0,000","0,000","0,000","1,000","25,295","1,000","25,295","1,000","25,295","1,000","25,295","1,000","25,295","1,000","25,295","0,000","0,000","0,000","0,000","0,000","0,000","0,000","0,000","0,000","0,000","0,000","0,000","0,000","0,000","0,000","0,000","1,000","25,295","1,000","25,295","1,000","25,295","1,000","25,295","1,000","25,295","1,000","25,295","0,000","0,000","0,000","0,000","0,000","0,000","0,000","0,000","0,000","0,000","0,000","0,000","0,000","0,000","0,000","0,000","1,000","25,295","1,000","25,295","1,000","25,295","1,000","25,295","1,000","25,295","1,000","25,295","0,000","0,000","0,000","0,000","0,000","0,000","0,000","0,000","0,000","0,000","0,000","0,000","0,000","0,000","0,000","0,000","1,000","25,295"
SN415,Usina - Leblon,Intersul,Ida,24.539,"1,000","24,539","1,000","24,539","1,000","24,539","0,000","0,000","0,000","0,000","0,000","0,000","0,000","0,000","0,000","0,000","0,000","0,000","0,000","0,000","0,000","0,000","0,000","0,000","1,000","24,539","1,000","24,539","1,000","24,539","1,000","24,539","1,000","24,539","0,000","0,000","0,000","0,000","0,000","0,000","0,000","0,000","0,000","0,000","0,000","0,000","0,000","0,000","0,000","0,000","0,000","0,000","1,000","24,539","1,000","24,539","1,000","24,539","1,000","24,539","1,000","24,539","0,000","0,000","0,000","0,000","0,000","0,000","0,000","0,000","0,000","0,000","0,000","0,000","0,000","0,000","0,000","0,000","0,000","0,000","1,000","24,539","1,000","24,539","1,000","24,539","1,000","24,539","1,000","24,539","0,000","0,000","0,000","0,000","0,000","0,000","0,000","0,000","0,000","0,000","0,000","0,000","0,000","0,000","0,000","0,000","0,000","0,000","1,000","24,539","1,000","24,539"
SN415,Usina - Leblon,Intersul,Volta,25.443,"1,000","25,443","1,000","25,443","1,000","25,443","1,000","25,443","0,000","0,000","0,000","0,000","0,000","0,000","0,000","0,000","0,000","0,000","0,000","0,000","0,000","0,000","0,000","0,000","0,000","0,000","1,000","25,443","1,000","25,443","1,000","25,443","1,000","25,443","1,000","25,443","0,000","0,000","0,000","0,000","0,000","0,000","0,000","0,000","0,000","0,000","0,000","0,000","0,000","0,000","0,000","0,000","0,000","0,000","1,000","25,443","1,000","25,443","1,000","25,443","1,000","25,443","1,000","25,443","0,000","0,000","0,000","0,000","0,000","0,000","0,000","0,000","0,000","0,000","0,000","0,000","0,000","0,000","0,000","0,000","0,000","0,000","1,000","25,443","1,000","25,443","1,000","25,443","1,000","25,443","1,000","25,443","0,000","0,000","0,000","0,000","0,000","0,000","0,000","0,000","0,000","0,000","0,000","0,000","0,000","0,000","0,000","0,000","0,000","0,000","1,000","25,443"
SN422,Grajaú - Cosme Velho,Intersul,Ida,21.746,"1,000","21,746","1,000","21,746","1,000","21,746","1,000","21,746","0,000","0,000","0,000","0,000","0,000","0,000","0,000","0,000","0,000","0,000","0,000","0,000","0,000","0,000","1,000","21,746","1,000","21,746","1,000","21,746","1,000","21,746","1,000","21,746","1,000","21,746","1,000","21,746","0,000","0,000","0,000","0,000","0,000","0,000","0,000","0,000","0,000","0,000","0,000","0,000","0,000","0,000","1,000","21,746","1,000","21,746","1,000","21,746","1,000","21,746","1,000","21,746","1,000","21,746","1,000","21,746","0,000","0,000","0,000","0,000","0,000","0,000","0,000","0,000","0,000","0,000","0,000","0,000","0,000","0,000","1,000","21,746","1,000","21,746","1,000","21,746","1,000","21,746","1,000","21,746","1,000","21,746","1,000","21,746","0,000","0,000","0,000","0,000","0,000","0,000","0,000","0,000","0,000","0,000","0,000","0,000","0,000","0,000","1,000","21,746","1,000","21,746","1,000","21,746"
SN422,Grajaú - Cosme Velho,Intersul,Volta,22.965,"1,000","22,965","1,000","22,965","1,000","22,965","1,000","22,965","0,000","0,000","0,000","0,000","0,000","0,000","0,000","0,000","0,000","0,000","0,000","0,000","0,000","0,000","0,000","0,000","1,000","22,965","1,000","22,965","1,000","22,965","1,000","22,965","1,000","22,965","1,000","22,965","0,000","0,000","0,000","0,000","0,000","0,000","0,000","0,000","0,000","0,000","0,000","0,000","0,000","0,000","0,000","0,000","1,000","22,965","1,000","22,965","1,000","22,965","1,000","22,965","1,000","22,965","1,000","22,965","0,000","0,000","0,000","0,000","0,000","0,000","0,000","0,000","0,000","0,000","0,000","0,000","0,000","0,000","0,000","0,000","1,000","22,965","1,000","22,965","1,000","22,965","1,000","22,965","1,000","22,965","1,000","22,965","0,000","0,000","0,000","0,000","0,000","0,000","0,000","0,000","0,000","0,000","0,000","0,000","0,000","0,000","0,000","0,000","1,000","22,965","1,000","22,965"
SN457,Abolição - Copacabana,Internorte,Ida,29.403,"1,000","29,403","1,000","29,403","1,000","29,403","1,000","29,403","0,000","0,000","0,000","0,000","0,000","0,000","0,000","0,000","0,000","0,000","0,000","0,000","0,000","0,000","0,000","0,000","1,000","29,403","1,000","29,403","1,000","29,403","1,000","29,403","1,000","29,403","1,000","29,403","0,000","0,000","0,000","0,000","0,000","0,000","0,000","0,000","0,000","0,000","0,000","0,000","0,000","0,000","0,000","0,000","1,000","29,403","1,000","29,403","1,000","29,403","1,000","29,403","1,000","29,403","1,000","29,403","0,000","0,000","0,000","0,000","0,000","0,000","0,000","0,000","0,000","0,000","0,000","0,000","0,000","0,000","0,000","0,000","1,000","29,403","1,000","29,403","1,000","29,403","1,000","29,403","1,000","29,403","1,000","29,403","0,000","0,000","0,000","0,000","0,000","0,000","0,000","0,000","0,000","0,000","0,000","0,000","0,000","0,000","0,000","0,000","1,000","29,403","1,000","29,403"
SN457,Abolição - Copacabana,Internorte,Volta,30.363,"2,000","60,726","1,000","30,363","1,000","30,363","1,000","30,363","1,000","30,363","0,000","0,000","0,000","0,000","0,000","0,000","0,000","0,000","0,000","0,000","0,000","0,000","0,000","0,000","0,000","0,000","2,000","60,726","2,000","60,726","1,000","30,363","1,000","30,363","1,000","30,363","1,000","30,363","0,000","0,000","0,000","0,000","0,000","0,000","0,000","0,000","0,000","0,000","0,000","0,000","0,000","0,000","0,000","0,000","2,000","60,726","2,000","60,726","1,000","30,363","1,000","30,363","1,000","30,363","1,000","30,363","0,000","0,000","0,000","0,000","0,000","0,000","0,000","0,000","0,000","0,000","0,000","0,000","0,000","0,000","0,000","0,000","2,000","60,726","2,000","60,726","1,000","30,363","1,000","30,363","1,000","30,363","1,000","30,363","0,000","0,000","0,000","0,000","0,000","0,000","0,000","0,000","0,000","0,000","0,000","0,000","0,000","0,000","0,000","0,000","2,000","60,726"
SN474,Méier - Copacabana,Intersul,Ida,29.812,"1,000","29,812","1,000","29,812","1,000","29,812","1,000","29,812","0,000","0,000","0,000","0,000","0,000","0,000","0,000","0,000","0,000","0,000","0,000","0,000","0,000","0,000","0,000","0,000","1,000","29,812","1,000","29,812","1,000","29,812","1,000","29,812","1,000","29,812","1,000","29,812","0,000","0,000","0,000","0,000","0,000","0,000","0,000","0,000","0,000","0,000","0,000","0,000","0,000","0,000","0,000","0,000","1,000","29,812","1,000","29,812","1,000","29,812","1,000","29,812","1,000","29,812","1,000","29,812","0,000","0,000","0,000","0,000","0,000","0,000","0,000","0,000","0,000","0,000","0,000","0,000","0,000","0,000","0,000","0,000","1,000","29,812","1,000","29,812","1,000","29,812","1,000","29,812","1,000","29,812","1,000","29,812","0,000","0,000","0,000","0,000","0,000","0,000","0,000","0,000","0,000","0,000","0,000","0,000","0,000","0,000","0,000","0,000","1,000","29,812","1,000","29,812"
SN474,Méier - Copacabana,Intersul,Volta,32.297,"1,000","32,297","1,000","32,297","1,000","32,297","1,000","32,297","1,000","32,297","0,000","0,000","0,000","0,000","0,000","0,000","0,000","0,000","0,000","0,000","0,000","0,000","0,000","0,000","0,000","0,000","1,000","32,297","1,000","32,297","1,000","32,297","1,000","32,297","1,000","32,297","1,000","32,297","0,000","0,000","0,000","0,000","0,000","0,000","0,000","0,000","0,000","0,000","0,000","0,000","0,000","0,000","0,000","0,000","1,000","32,297","1,000","32,297","1,000","32,297","1,000","32,297","1,000","32,297","1,000","32,297","0,000","0,000","0,000","0,000","0,000","0,000","0,000","0,000","0,000","0,000","0,000","0,000","0,000","0,000","0,000","0,000","1,000","32,297","1,000","32,297","1,000","32,297","1,000","32,297","1,000","32,297","1,000","32,297","0,000","0,000","0,000","0,000","0,000","0,000","0,000","0,000","0,000","0,000","0,000","0,000","0,000","0,000","0,000","0,000","1,000","32,297"
SN483,Penha - General Osório,Internorte,Ida,30.550,"1,000","30,550","1,000","30,550","1,000","30,550","1,000","30,550","0,000","0,000","0,000","0,000","0,000","0,000","0,000","0,000","0,000","0,000","0,000","0,000","0,000","0,000","0,000","0,000","0,000","0,000","1,000","30,550","1,000","30,550","4,000","122,200","1,000","30,550","1,000","30,550","0,000","0,000","0,000","0,000","0,000","0,000","0,000","0,000","0,000","0,000","0,000","0,000","0,000","0,000","0,000","0,000","0,000","0,000","1,000","30,550","1,000","30,550","4,000","122,200","1,000","30,550","1,000","30,550","0,000","0,000","0,000","0,000","0,000","0,000","0,000","0,000","0,000","0,000","0,000","0,000","0,000","0,000","0,000","0,000","0,000","0,000","1,000","30,550","1,000","30,550","1,000","30,550","1,000","30,550","1,000","30,550","0,000","0,000","0,000","0,000","0,000","0,000","0,000","0,000","0,000","0,000","0,000","0,000","0,000","0,000","0,000","0,000","0,000","0,000","1,000","30,550"
SN483,Penha - General Osório,Internorte,Volta,31.403,"0,000","0,000","2,000","62,806","1,000","31,403","1,000","31,403","1,000","31,403","0,000","0,000","0,000","0,000","0,000","0,000","0,000","0,000","0,000","0,000","0,000","0,000","0,000","0,000","0,000","0,000","0,000","0,000","0,000","0,000","4,000","125,612","2,000","62,806","1,000","31,403","1,000","31,403","0,000","0,000","0,000","0,000","0,000","0,000","0,000","0,000","0,000","0,000","0,000","0,000","0,000","0,000","0,000","0,000","0,000","0,000","0,000","0,000","4,000","125,612","2,000","62,806","2,000","62,806","1,000","31,403","0,000","0,000","0,000","0,000","0,000","0,000","0,000","0,000","0,000","0,000","0,000","0,000","0,000","0,000","0,000","0,000","0,000","0,000","0,000","0,000","2,000","62,806","1,000","31,403","1,000","31,403","1,000","31,403","0,000","0,000","0,000","0,000","0,000","0,000","0,000","0,000","0,000","0,000","0,000","0,000","0,000","0,000","0,000","0,000","0,000","0,000"
SN497,Penha - Largo do Machado,Internorte,Ida,22.823,"1,000","22,823","1,000","22,823","1,000","22,823","1,000","22,823","0,000","0,000","0,000","0,000","0,000","0,000","0,000","0,000","0,000","0,000","0,000","0,000","0,000","0,000","0,000","0,000","1,000","22,823","1,000","22,823","1,000","22,823","1,000","22,823","1,000","22,823","1,000","22,823","0,000","0,000","0,000","0,000","0,000","0,000","0,000","0,000","0,000","0,000","0,000","0,000","0,000","0,000","0,000","0,000","1,000","22,823","1,000","22,823","1,000","22,823","1,000","22,823","1,000","22,823","1,000","22,823","0,000","0,000","0,000","0,000","0,000","0,000","0,000","0,000","0,000","0,000","0,000","0,000","0,000","0,000","0,000","0,000","1,000","22,823","1,000","22,823","1,000","22,823","1,000","22,823","1,000","22,823","1,000","22,823","0,000","0,000","0,000","0,000","0,000","0,000","0,000","0,000","0,000","0,000","0,000","0,000","0,000","0,000","0,000","0,000","1,000","22,823","1,000","22,823"
SN497,Penha - Largo do Machado,Internorte,Volta,20.926,"1,000","20,926","1,000","20,926","1,000","20,926","1,000","20,926","1,000","20,926","0,000","0,000","0,000","0,000","0,000","0,000","0,000","0,000","0,000","0,000","0,000","0,000","0,000","0,000","0,000","0,000","3,000","62,778","1,000","20,926","1,000","20,926","1,000","20,926","1,000","20,926","1,000","20,926","0,000","0,000","0,000","0,000","0,000","0,000","0,000","0,000","0,000","0,000","0,000","0,000","0,000","0,000","0,000","0,000","3,000","62,778","1,000","20,926","1,000","20,926","1,000","20,926","1,000","20,926","1,000","20,926","0,000","0,000","0,000","0,000","0,000","0,000","0,000","0,000","0,000","0,000","0,000","0,000","0,000","0,000","0,000","0,000","2,000","41,852","1,000","20,926","1,000","20,926","1,000","20,926","1,000","20,926","1,000","20,926","0,000","0,000","0,000","0,000","0,000","0,000","0,000","0,000","0,000","0,000","0,000","0,000","0,000","0,000","0,000","0,000","3,000","62,778"
SN550,Cidade de Deus - Gávea,Transcarioca,Ida,30.324,"1,000","30,324","1,000","30,324","1,000","30,324","1,000","30,324","0,000","0,000","0,000","0,000","0,000","0,000","0,000","0,000","0,000","0,000","0,000","0,000","0,000","0,000","0,000","0,000","1,000","30,324","1,000","30,324","2,000","60,648","1,000","30,324","1,000","30,324","1,000","30,324","0,000","0,000","0,000","0,000","0,000","0,000","0,000","0,000","0,000","0,000","0,000","0,000","0,000","0,000","0,000","0,000","1,000","30,324","1,000","30,324","1,000","30,324","1,000","30,324","1,000","30,324","1,000","30,324","0,000","0,000","0,000","0,000","0,000","0,000","0,000","0,000","0,000","0,000","0,000","0,000","0,000","0,000","0,000","0,000","1,000","30,324","1,000","30,324","1,000","30,324","1,000","30,324","1,000","30,324","1,000","30,324","0,000","0,000","0,000","0,000","0,000","0,000","0,000","0,000","0,000","0,000","0,000","0,000","0,000","0,000","0,000","0,000","1,000","30,324","1,000","30,324"
SN550,Cidade de Deus - Gávea,Transcarioca,Volta,28.245,"3,000","84,735","2,000","56,490","1,000","28,245","1,000","28,245","1,000","28,245","0,000","0,000","0,000","0,000","0,000","0,000","0,000","0,000","0,000","0,000","0,000","0,000","0,000","0,000","0,000","0,000","2,000","56,490","3,000","84,735","3,000","84,735","2,000","56,490","1,000","28,245","1,000","28,245","0,000","0,000","0,000","0,000","0,000","0,000","0,000","0,000","0,000","0,000","0,000","0,000","0,000","0,000","0,000","0,000","3,000","84,735","3,000","84,735","3,000","84,735","3,000","84,735","1,000","28,245","1,000","28,245","0,000","0,000","0,000","0,000","0,000","0,000","0,000","0,000","0,000","0,000","0,000","0,000","0,000","0,000","0,000","0,000","2,000","56,490","3,000","84,735","2,000","56,490","1,000","28,245","1,000","28,245","1,000","28,245","0,000","0,000","0,000","0,000","0,000","0,000","0,000","0,000","0,000","0,000","0,000","0,000","0,000","0,000","0,000","0,000","2,000","56,490"
SN552,Terminal Alvorada - Metrô Botafogo,Transcarioca,Ida,32.283,"1,000","32,283","1,000","32,283","1,000","32,283","0,000","0,000","0,000","0,000","0,000","0,000","0,000","0,000","0,000","0,000","0,000","0,000","0,000","0,000","0,000","0,000","0,000","0,000","1,000","32,283","1,000","32,283","1,000","32,283","1,000","32,283","1,000","32,283","0,000","0,000","0,000","0,000","0,000","0,000","0,000","0,000","0,000","0,000","0,000","0,000","0,000","0,000","0,000","0,000","0,000","0,000","1,000","32,283","1,000","32,283","1,000","32,283","1,000","32,283","1,000","32,283","0,000","0,000","0,000","0,000","0,000","0,000","0,000","0,000","0,000","0,000","0,000","0,000","0,000","0,000","0,000","0,000","0,000","0,000","1,000","32,283","1,000","32,283","1,000","32,283","1,000","32,283","1,000","32,283","0,000","0,000","0,000","0,000","0,000","0,000","0,000","0,000","0,000","0,000","0,000","0,000","0,000","0,000","0,000","0,000","0,000","0,000","1,000","32,283","1,000","32,283"
SN552,Terminal Alvorada - Metrô Botafogo,Transcarioca,Volta,32.799,"1,000","32,799","1,000","32,799","1,000","32,799","1,000","32,799","0,000","0,000","0,000","0,000","0,000","0,000","0,000","0,000","0,000","0,000","0,000","0,000","0,000","0,000","0,000","0,000","0,000","0,000","1,000","32,799","1,000","32,799","1,000","32,799","1,000","32,799","1,000","32,799","0,000","0,000","0,000","0,000","0,000","0,000","0,000","0,000","0,000","0,000","0,000","0,000","0,000","0,000","0,000","0,000","0,000","0,000","1,000","32,799","1,000","32,799","1,000","32,799","1,000","32,799","1,000","32,799","0,000","0,000","0,000","0,000","0,000","0,000","0,000","0,000","0,000","0,000","0,000","0,000","0,000","0,000","0,000","0,000","0,000","0,000","1,000","32,799","1,000","32,799","1,000","32,799","1,000","32,799","1,000","32,799","0,000","0,000","0,000","0,000","0,000","0,000","0,000","0,000","0,000","0,000","0,000","0,000","0,000","0,000","0,000","0,000","0,000","0,000","1,000","32,799"
SN554,Piabas - Metrô Botafogo,Transcarioca,Ida,58.139,"1,000","58,139","1,000","58,139","1,000","58,139","2,000","116,278","0,000","0,000","0,000","0,000","0,000","0,000","0,000","0,000","0,000","0,000","0,000","0,000","0,000","0,000","0,000","0,000","1,000","58,139","1,000","58,139","2,000","116,278","1,000","58,139","1,000","58,139","1,000","58,139","0,000","0,000","0,000","0,000","0,000","0,000","0,000","0,000","0,000","0,000","0,000","0,000","0,000","0,000","0,000","0,000","1,000","58,139","1,000","58,139","2,000","116,278","1,000","58,139","1,000","58,139","1,000","58,139","0,000","0,000","0,000","0,000","0,000","0,000","0,000","0,000","0,000","0,000","0,000","0,000","0,000","0,000","0,000","0,000","1,000","58,139","1,000","58,139","1,000","58,139","1,000","58,139","1,000","58,139","2,000","116,278","0,000","0,000","0,000","0,000","0,000","0,000","0,000","0,000","0,000","0,000","0,000","0,000","0,000","0,000","0,000","0,000","1,000","58,139","1,000","58,139"
SN554,Piabas - Metrô Botafogo,Transcarioca,Volta,56.908,"1,000","56,908","2,000","113,816","1,000","56,908","1,000","56,908","1,000","56,908","0,000","0,000","0,000","0,000","0,000","0,000","0,000","0,000","0,000","0,000","0,000","0,000","0,000","0,000","0,000","0,000","2,000","113,816","2,000","113,816","3,000","170,724","2,000","113,816","1,000","56,908","1,000","56,908","0,000","0,000","0,000","0,000","0,000","0,000","0,000","0,000","0,000","0,000","0,000","0,000","0,000","0,000","0,000","0,000","1,000","56,908","2,000","113,816","2,000","113,816","2,000","113,816","1,000","56,908","1,000","56,908","0,000","0,000","0,000","0,000","0,000","0,000","0,000","0,000","0,000","0,000","0,000","0,000","0,000","0,000","0,000","0,000","1,000","56,908","1,000","56,908","2,000","113,816","1,000","56,908","1,000","56,908","1,000","56,908","0,000","0,000","0,000","0,000","0,000","0,000","0,000","0,000","0,000","0,000","0,000","0,000","0,000","0,000","0,000","0,000","2,000","113,816"
SN565,Tanque - Gávea,Transcarioca,Ida,30.318,"1,000","30,318","1,000","30,318","1,000","30,318","1,000","30,318","0,000","0,000","0,000","0,000","0,000","0,000","0,000","0,000","0,000","0,000","0,000","0,000","0,000","0,000","0,000","0,000","1,000","30,318","1,000","30,318","1,000","30,318","1,000","30,318","1,000","30,318","1,000","30,318","0,000","0,000","0,000","0,000","0,000","0,000","0,000","0,000","0,000","0,000","0,000","0,000","0,000","0,000","0,000","0,000","2,000","60,636","1,000","30,318","1,000","30,318","1,000","30,318","1,000","30,318","1,000","30,318","0,000","0,000","0,000","0,000","0,000","0,000","0,000","0,000","0,000","0,000","0,000","0,000","0,000","0,000","0,000","0,000","1,000","30,318","1,000","30,318","1,000","30,318","1,000","30,318","1,000","30,318","1,000","30,318","0,000","0,000","0,000","0,000","0,000","0,000","0,000","0,000","0,000","0,000","0,000","0,000","0,000","0,000","0,000","0,000","1,000","30,318","1,000","30,318"
SN565,Tanque - Gávea,Transcarioca,Volta,28.024,"2,000","56,048","2,000","56,048","1,000","28,024","1,000","28,024","1,000","28,024","0,000","0,000","0,000","0,000","0,000","0,000","0,000","0,000","0,000","0,000","0,000","0,000","0,000","0,000","0,000","0,000","2,000","56,048","2,000","56,048","3,000","84,072","1,000","28,024","1,000","28,024","1,000","28,024","0,000","0,000","0,000","0,000","0,000","0,000","0,000","0,000","0,000","0,000","0,000","0,000","0,000","0,000","0,000","0,000","2,000","56,048","3,000","84,072","2,000","56,048","1,000","28,024","1,000","28,024","1,000","28,024","0,000","0,000","0,000","0,000","0,000","0,000","0,000","0,000","0,000","0,000","0,000","0,000","0,000","0,000","0,000","0,000","1,000","28,024","2,000","56,048","2,000","56,048","1,000","28,024","1,000","28,024","1,000","28,024","0,000","0,000","0,000","0,000","0,000","0,000","0,000","0,000","0,000","0,000","0,000","0,000","0,000","0,000","0,000","0,000","2,000","56,048"
SN600,Taquara - Saens Peña,Transcarioca,Ida,28.474,"1,000","28,474","1,000","28,474","1,000","28,474","1,000","28,474","0,000","0,000","0,000","0,000","0,000","0,000","0,000","0,000","0,000","0,000","0,000","0,000","0,000","0,000","0,000","0,000","1,000","28,474","1,000","28,474","1,000","28,474","1,000","28,474","1,000","28,474","1,000","28,474","0,000","0,000","0,000","0,000","0,000","0,000","0,000","0,000","0,000","0,000","0,000","0,000","0,000","0,000","0,000","0,000","1,000","28,474","1,000","28,474","1,000","28,474","1,000","28,474","1,000","28,474","1,000","28,474","0,000","0,000","0,000","0,000","0,000","0,000","0,000","0,000","0,000","0,000","0,000","0,000","0,000","0,000","0,000","0,000","1,000","28,474","1,000","28,474","1,000","28,474","1,000","28,474","1,000","28,474","1,000","28,474","0,000","0,000","0,000","0,000","0,000","0,000","0,000","0,000","0,000","0,000","0,000","0,000","0,000","0,000","0,000","0,000","1,000","28,474","1,000","28,474"
SN600,Taquara - Saens Peña,Transcarioca,Volta,28.471,"1,000","28,471","1,000","28,471","1,000","28,471","1,000","28,471","1,000","28,471","0,000","0,000","0,000","0,000","0,000","0,000","0,000","0,000","0,000","0,000","0,000","0,000","0,000","0,000","0,000","0,000","1,000","28,471","2,000","56,942","1,000","28,471","1,000","28,471","1,000","28,471","1,000","28,471","0,000","0,000","0,000","0,000","0,000","0,000","0,000","0,000","0,000","0,000","0,000","0,000","0,000","0,000","0,000","0,000","1,000","28,471","2,000","56,942","1,000","28,471","1,000","28,471","1,000","28,471","1,000","28,471","0,000","0,000","0,000","0,000","0,000","0,000","0,000","0,000","0,000","0,000","0,000","0,000","0,000","0,000","0,000","0,000","1,000","28,471","1,000","28,471","1,000","28,471","1,000","28,471","1,000","28,471","1,000","28,471","0,000","0,000","0,000","0,000","0,000","0,000","0,000","0,000","0,000","0,000","0,000","0,000","0,000","0,000","0,000","0,000","1,000","28,471"
SN624,Mariópolis - Praça da República,Internorte,Ida,42.820,"1,000","42,820","1,000","42,820","1,000","42,820","3,000","128,460","0,000","0,000","0,000","0,000","0,000","0,000","0,000","0,000","0,000","0,000","0,000","0,000","0,000","0,000","0,000","0,000","1,000","42,820","1,000","42,820","1,000","42,820","1,000","42,820","1,000","42,820","0,000","0,000","0,000","0,000","0,000","0,000","0,000","0,000","0,000","0,000","0,000","0,000","0,000","0,000","0,000","0,000","0,000","0,000","2,000","85,640","1,000","42,820","1,000","42,820","1,000","42,820","1,000","42,820","0,000","0,000","0,000","0,000","0,000","0,000","0,000","0,000","0,000","0,000","0,000","0,000","0,000","0,000","0,000","0,000","0,000","0,000","1,000","42,820","1,000","42,820","1,000","42,820","1,000","42,820","1,000","42,820","3,000","128,460","0,000","0,000","0,000","0,000","0,000","0,000","0,000","0,000","0,000","0,000","0,000","0,000","0,000","0,000","0,000","0,000","1,000","42,820","1,000","42,820"
SN624,Mariópolis - Praça da República,Internorte,Volta,40.916,"1,000","40,916","1,000","40,916","1,000","40,916","1,000","40,916","3,000","122,748","0,000","0,000","0,000","0,000","0,000","0,000","0,000","0,000","0,000","0,000","0,000","0,000","0,000","0,000","0,000","0,000","1,000","40,916","1,000","40,916","1,000","40,916","1,000","40,916","1,000","40,916","0,000","0,000","0,000","0,000","0,000","0,000","0,000","0,000","0,000","0,000","0,000","0,000","0,000","0,000","0,000","0,000","0,000","0,000","1,000","40,916","1,000","40,916","2,000","81,832","1,000","40,916","1,000","40,916","0,000","0,000","0,000","0,000","0,000","0,000","0,000","0,000","0,000","0,000","0,000","0,000","0,000","0,000","0,000","0,000","0,000","0,000","1,000","40,916","1,000","40,916","1,000","40,916","1,000","40,916","1,000","40,916","3,000","122,748","0,000","0,000","0,000","0,000","0,000","0,000","0,000","0,000","0,000","0,000","0,000","0,000","0,000","0,000","0,000","0,000","1,000","40,916"
SN629,Irajá - Saens Peña,Internorte,Ida,30.093,"1,000","30,093","1,000","30,093","1,000","30,093","2,000","60,186","0,000","0,000","0,000","0,000","0,000","0,000","0,000","0,000","0,000","0,000","0,000","0,000","0,000","0,000","0,000","0,000","4,000","120,372","2,000","60,186","1,000","30,093","1,000","30,093","1,000","30,093","2,000","60,186","0,000","0,000","0,000","0,000","0,000","0,000","0,000","0,000","0,000","0,000","0,000","0,000","0,000","0,000","0,000","0,000","5,000","150,465","2,000","60,186","2,000","60,186","1,000","30,093","1,000","30,093","1,000","30,093","0,000","0,000","0,000","0,000","0,000","0,000","0,000","0,000","0,000","0,000","0,000","0,000","0,000","0,000","0,000","0,000","3,000","90,279","2,000","60,186","1,000","30,093","1,000","30,093","1,000","30,093","2,000","60,186","0,000","0,000","0,000","0,000","0,000","0,000","0,000","0,000","0,000","0,000","0,000","0,000","0,000","0,000","0,000","0,000","4,000","120,372","2,000","60,186"
SN629,Irajá - Saens Peña,Internorte,Volta,21.330,"2,000","42,660","1,000","21,330","1,000","21,330","1,000","21,330","2,000","42,660","0,000","0,000","0,000","0,000","0,000","0,000","0,000","0,000","0,000","0,000","0,000","0,000","0,000","0,000","0,000","0,000","2,000","42,660","2,000","42,660","1,000","21,330","1,000","21,330","1,000","21,330","1,000","21,330","0,000","0,000","0,000","0,000","0,000","0,000","0,000","0,000","0,000","0,000","0,000","0,000","0,000","0,000","0,000","0,000","3,000","63,990","3,000","63,990","1,000","21,330","1,000","21,330","1,000","21,330","1,000","21,330","0,000","0,000","0,000","0,000","0,000","0,000","0,000","0,000","0,000","0,000","0,000","0,000","0,000","0,000","0,000","0,000","2,000","42,660","2,000","42,660","1,000","21,330","1,000","21,330","1,000","21,330","2,000","42,660","0,000","0,000","0,000","0,000","0,000","0,000","0,000","0,000","0,000","0,000","0,000","0,000","0,000","0,000","0,000","0,000","2,000","42,660"
SN636,Merck - Saens Peña,Transcarioca,Ida,24.961,"1,000","24,961","1,000","24,961","1,000","24,961","1,000","24,961","0,000","0,000","0,000","0,000","0,000","0,000","0,000","0,000","0,000","0,000","0,000","0,000","0,000","0,000","0,000","0,000","1,000","24,961","1,000","24,961","1,000","24,961","1,000","24,961","1,000","24,961","1,000","24,961","0,000","0,000","0,000","0,000","0,000","0,000","0,000","0,000","0,000","0,000","0,000","0,000","0,000","0,000","0,000","0,000","1,000","24,961","1,000","24,961","1,000","24,961","1,000","24,961","1,000","24,961","1,000","24,961","0,000","0,000","0,000","0,000","0,000","0,000","0,000","0,000","0,000","0,000","0,000","0,000","0,000","0,000","0,000","0,000","1,000","24,961","1,000","24,961","1,000","24,961","1,000","24,961","1,000","24,961","1,000","24,961","0,000","0,000","0,000","0,000","0,000","0,000","0,000","0,000","0,000","0,000","0,000","0,000","0,000","0,000","0,000","0,000","1,000","24,961","1,000","24,961"
SN636,Merck - Saens Peña,Transcarioca,Volta,23.578,"1,000","23,578","1,000","23,578","1,000","23,578","1,000","23,578","2,000","47,156","0,000","0,000","0,000","0,000","0,000","0,000","0,000","0,000","0,000","0,000","0,000","0,000","0,000","0,000","0,000","0,000","1,000","23,578","1,000","23,578","1,000","23,578","1,000","23,578","1,000","23,578","1,000","23,578","0,000","0,000","0,000","0,000","0,000","0,000","0,000","0,000","0,000","0,000","0,000","0,000","0,000","0,000","0,000","0,000","1,000","23,578","2,000","47,156","1,000","23,578","1,000","23,578","1,000","23,578","1,000","23,578","0,000","0,000","0,000","0,000","0,000","0,000","0,000","0,000","0,000","0,000","0,000","0,000","0,000","0,000","0,000","0,000","1,000","23,578","1,000","23,578","1,000","23,578","1,000","23,578","1,000","23,578","2,000","47,156","0,000","0,000","0,000","0,000","0,000","0,000","0,000","0,000","0,000","0,000","0,000","0,000","0,000","0,000","0,000","0,000","1,000","23,578"
SN639,Jardim América - Saens Peña,Internorte,Ida,32.940,"1,000","32,940","1,000","32,940","1,000","32,940","2,000","65,880","0,000","0,000","0,000","0,000","0,000","0,000","0,000","0,000","0,000","0,000","0,000","0,000","0,000","0,000","0,000","0,000","2,000","65,880","1,000","32,940","1,000","32,940","1,000","32,940","1,000","32,940","2,000","65,880","0,000","0,000","0,000","0,000","0,000","0,000","0,000","0,000","0,000","0,000","0,000","0,000","0,000","0,000","0,000","0,000","3,000","98,820","1,000","32,940","1,000","32,940","1,000","32,940","1,000","32,940","1,000","32,940","0,000","0,000","0,000","0,000","0,000","0,000","0,000","0,000","0,000","0,000","0,000","0,000","0,000","0,000","0,000","0,000","2,000","65,880","1,000","32,940","1,000","32,940","1,000","32,940","1,000","32,940","2,000","65,880","0,000","0,000","0,000","0,000","0,000","0,000","0,000","0,000","0,000","0,000","0,000","0,000","0,000","0,000","0,000","0,000","2,000","65,880","1,000","32,940"
SN639,Jardim América - Saens Peña,Internorte,Volta,34.009,"2,000","68,018","1,000","34,009","1,000","34,009","1,000","34,009","3,000","102,027","0,000","0,000","0,000","0,000","0,000","0,000","0,000","0,000","0,000","0,000","0,000","0,000","0,000","0,000","0,000","0,000","2,000","68,018","3,000","102,027","1,000","34,009","1,000","34,009","1,000","34,009","3,000","102,027","0,000","0,000","0,000","0,000","0,000","0,000","0,000","0,000","0,000","0,000","0,000","0,000","0,000","0,000","0,000","0,000","3,000","102,027","2,000","68,018","1,000","34,009","1,000","34,009","1,000","34,009","2,000","68,018","0,000","0,000","0,000","0,000","0,000","0,000","0,000","0,000","0,000","0,000","0,000","0,000","0,000","0,000","0,000","0,000","2,000","68,018","2,000","68,018","1,000","34,009","1,000","34,009","1,000","34,009","3,000","102,027","0,000","0,000","0,000","0,000","0,000","0,000","0,000","0,000","0,000","0,000","0,000","0,000","0,000","0,000","0,000","0,000","2,000","68,018"
SN696,Méier - Praia do Dendê,Internorte,Ida,34.266,"1,000","34,266","1,000","34,266","1,000","34,266","1,000","34,266","0,000","0,000","0,000","0,000","0,000","0,000","0,000","0,000","0,000","0,000","0,000","0,000","0,000","0,000","0,000","0,000","1,000","34,266","1,000","34,266","1,000","34,266","1,000","34,266","1,000","34,266","1,000","34,266","0,000","0,000","0,000","0,000","0,000","0,000","0,000","0,000","0,000","0,000","0,000","0,000","0,000","0,000","0,000","0,000","1,000","34,266","1,000","34,266","1,000","34,266","1,000","34,266","1,000","34,266","1,000","34,266","0,000","0,000","0,000","0,000","0,000","0,000","0,000","0,000","0,000","0,000","0,000","0,000","0,000","0,000","0,000","0,000","1,000","34,266","1,000","34,266","1,000","34,266","1,000","34,266","1,000","34,266","1,000","34,266","0,000","0,000","0,000","0,000","0,000","0,000","0,000","0,000","0,000","0,000","0,000","0,000","0,000","0,000","0,000","0,000","1,000","34,266","1,000","34,266"
SN696,Méier - Praia do Dendê,Internorte,Volta,37.528,"1,000","37,528","1,000","37,528","1,000","37,528","1,000","37,528","0,000","0,000","0,000","0,000","0,000","0,000","0,000","0,000","0,000","0,000","0,000","0,000","0,000","0,000","0,000","0,000","0,000","0,000","1,000","37,528","1,000","37,528","1,000","37,528","1,000","37,528","1,000","37,528","0,000","0,000","0,000","0,000","0,000","0,000","0,000","0,000","0,000","0,000","0,000","0,000","0,000","0,000","0,000","0,000","0,000","0,000","1,000","37,528","1,000","37,528","1,000","37,528","1,000","37,528","1,000","37,528","0,000","0,000","0,000","0,000","0,000","0,000","0,000","0,000","0,000","0,000","0,000","0,000","0,000","0,000","0,000","0,000","0,000","0,000","1,000","37,528","1,000","37,528","1,000","37,528","1,000","37,528","1,000","37,528","0,000","0,000","0,000","0,000","0,000","0,000","0,000","0,000","0,000","0,000","0,000","0,000","0,000","0,000","0,000","0,000","0,000","0,000","1,000","37,528"
SN731,Campo Grande - Marechal Hermes,Santa Cruz,Ida,33.057,"1,000","33,057","1,000","33,057","1,000","33,057","2,000","66,114","0,000","0,000","0,000","0,000","0,000","0,000","0,000","0,000","0,000","0,000","0,000","0,000","0,000","0,000","0,000","0,000","2,000","66,114","1,000","33,057","1,000","33,057","1,000","33,057","1,000","33,057","1,000","33,057","0,000","0,000","0,000","0,000","0,000","0,000","0,000","0,000","0,000","0,000","0,000","0,000","0,000","0,000","0,000","0,000","1,000","33,057","1,000","33,057","1,000","33,057","1,000","33,057","1,000","33,057","1,000","33,057","0,000","0,000","0,000","0,000","0,000","0,000","0,000","0,000","0,000","0,000","0,000","0,000","0,000","0,000","0,000","0,000","1,000","33,057","1,000","33,057","1,000","33,057","1,000","33,057","1,000","33,057","2,000","66,114","0,000","0,000","0,000","0,000","0,000","0,000","0,000","0,000","0,000","0,000","0,000","0,000","0,000","0,000","0,000","0,000","2,000","66,114","1,000","33,057"
SN731,Campo Grande - Marechal Hermes,Santa Cruz,Volta,30.677,"1,000","30,677","1,000","30,677","1,000","30,677","1,000","30,677","2,000","61,354","0,000","0,000","0,000","0,000","0,000","0,000","0,000","0,000","0,000","0,000","0,000","0,000","0,000","0,000","0,000","0,000","2,000","61,354","1,000","30,677","1,000","30,677","1,000","30,677","1,000","30,677","1,000","30,677","0,000","0,000","0,000","0,000","0,000","0,000","0,000","0,000","0,000","0,000","0,000","0,000","0,000","0,000","0,000","0,000","1,000","30,677","1,000","30,677","1,000","30,677","1,000","30,677","1,000","30,677","1,000","30,677","0,000","0,000","0,000","0,000","0,000","0,000","0,000","0,000","0,000","0,000","0,000","0,000","0,000","0,000","0,000","0,000","1,000","30,677","1,000","30,677","1,000","30,677","1,000","30,677","1,000","30,677","2,000","61,354","0,000","0,000","0,000","0,000","0,000","0,000","0,000","0,000","0,000","0,000","0,000","0,000","0,000","0,000","0,000","0,000","2,000","61,354"
SN779,Metrô Pavuna - Terminal Madureira,Internorte,Ida,21.248,"1,000","21,248","1,000","21,248","1,000","21,248","1,000","21,248","0,000","0,000","0,000","0,000","0,000","0,000","0,000","0,000","0,000","0,000","0,000","0,000","0,000","0,000","0,000","0,000","1,000","21,248","1,000","21,248","1,000","21,248","1,000","21,248","1,000","21,248","1,000","21,248","0,000","0,000","0,000","0,000","0,000","0,000","0,000","0,000","0,000","0,000","0,000","0,000","0,000","0,000","0,000","0,000","1,000","21,248","1,000","21,248","1,000","21,248","1,000","21,248","1,000","21,248","1,000","21,248","0,000","0,000","0,000","0,000","0,000","0,000","0,000","0,000","0,000","0,000","0,000","0,000","0,000","0,000","0,000","0,000","1,000","21,248","1,000","21,248","1,000","21,248","1,000","21,248","1,000","21,248","1,000","21,248","0,000","0,000","0,000","0,000","0,000","0,000","0,000","0,000","0,000","0,000","0,000","0,000","0,000","0,000","0,000","0,000","1,000","21,248","1,000","21,248"
SN779,Metrô Pavuna - Terminal Madureira,Internorte,Volta,17.693,"1,000","17,693","1,000","17,693","1,000","17,693","1,000","17,693","1,000","17,693","0,000","0,000","0,000","0,000","0,000","0,000","0,000","0,000","0,000","0,000","0,000","0,000","0,000","0,000","0,000","0,000","1,000","17,693","1,000","17,693","1,000","17,693","1,000","17,693","1,000","17,693","1,000","17,693","0,000","0,000","0,000","0,000","0,000","0,000","0,000","0,000","0,000","0,000","0,000","0,000","0,000","0,000","0,000","0,000","1,000","17,693","1,000","17,693","1,000","17,693","1,000","17,693","1,000","17,693","1,000","17,693","0,000","0,000","0,000","0,000","0,000","0,000","0,000","0,000","0,000","0,000","0,000","0,000","0,000","0,000","0,000","0,000","1,000","17,693","1,000","17,693","1,000","17,693","1,000","17,693","1,000","17,693","1,000","17,693","0,000","0,000","0,000","0,000","0,000","0,000","0,000","0,000","0,000","0,000","0,000","0,000","0,000","0,000","0,000","0,000","1,000","17,693"
SN790,Campo Grande - Cascadura,Santa Cruz,Ida,33.578,"1,000","33,578","1,000","33,578","1,000","33,578","0,000","0,000","0,000","0,000","0,000","0,000","0,000","0,000","0,000","0,000","0,000","0,000","0,000","0,000","0,000","0,000","0,000","0,000","1,000","33,578","1,000","33,578","1,000","33,578","1,000","33,578","1,000","33,578","0,000","0,000","0,000","0,000","0,000","0,000","0,000","0,000","0,000","0,000","0,000","0,000","0,000","0,000","0,000","0,000","0,000","0,000","1,000","33,578","1,000","33,578","1,000","33,578","1,000","33,578","1,000","33,578","0,000","0,000","0,000","0,000","0,000","0,000","0,000","0,000","0,000","0,000","0,000","0,000","0,000","0,000","0,000","0,000","0,000","0,000","1,000","33,578","1,000","33,578","1,000","33,578","1,000","33,578","1,000","33,578","0,000","0,000","0,000","0,000","0,000","0,000","0,000","0,000","0,000","0,000","0,000","0,000","0,000","0,000","0,000","0,000","0,000","0,000","1,000","33,578","1,000","33,578"
SN790,Campo Grande - Cascadura,Santa Cruz,Volta,37.095,"1,000","37,095","1,000","37,095","1,000","37,095","1,000","37,095","1,000","37,095","0,000","0,000","0,000","0,000","0,000","0,000","0,000","0,000","0,000","0,000","0,000","0,000","0,000","0,000","0,000","0,000","1,000","37,095","1,000","37,095","1,000","37,095","1,000","37,095","1,000","37,095","1,000","37,095","0,000","0,000","0,000","0,000","0,000","0,000","0,000","0,000","0,000","0,000","0,000","0,000","0,000","0,000","0,000","0,000","1,000","37,095","1,000","37,095","1,000","37,095","1,000","37,095","1,000","37,095","1,000","37,095","0,000","0,000","0,000","0,000","0,000","0,000","0,000","0,000","0,000","0,000","0,000","0,000","0,000","0,000","0,000","0,000","1,000","37,095","1,000","37,095","1,000","37,095","1,000","37,095","1,000","37,095","1,000","37,095","0,000","0,000","0,000","0,000","0,000","0,000","0,000","0,000","0,000","0,000","0,000","0,000","0,000","0,000","0,000","0,000","1,000","37,095"
SN794,Jabour - Cascadura,Santa Cruz,Ida,24.549,"1,000","24,549","1,000","24,549","1,000","24,549","2,000","49,098","0,000","0,000","0,000","0,000","0,000","0,000","0,000","0,000","0,000","0,000","0,000","0,000","0,000","0,000","0,000","0,000","2,000","49,098","1,000","24,549","1,000","24,549","1,000","24,549","1,000","24,549","1,000","24,549","0,000","0,000","0,000","0,000","0,000","0,000","0,000","0,000","0,000","0,000","0,000","0,000","0,000","0,000","0,000","0,000","2,000","49,098","1,000","24,549","1,000","24,549","1,000","24,549","1,000","24,549","1,000","24,549","0,000","0,000","0,000","0,000","0,000","0,000","0,000","0,000","0,000","0,000","0,000","0,000","0,000","0,000","0,000","0,000","1,000","24,549","1,000","24,549","1,000","24,549","1,000","24,549","1,000","24,549","2,000","49,098","0,000","0,000","0,000","0,000","0,000","0,000","0,000","0,000","0,000","0,000","0,000","0,000","0,000","0,000","0,000","0,000","2,000","49,098","1,000","24,549"
SN794,Jabour - Cascadura,Santa Cruz,Volta,25.355,"1,000","25,355","1,000","25,355","1,000","25,355","1,000","25,355","2,000","50,710","0,000","0,000","0,000","0,000","0,000","0,000","0,000","0,000","0,000","0,000","0,000","0,000","0,000","0,000","0,000","0,000","2,000","50,710","2,000","50,710","1,000","25,355","1,000","25,355","1,000","25,355","1,000","25,355","0,000","0,000","0,000","0,000","0,000","0,000","0,000","0,000","0,000","0,000","0,000","0,000","0,000","0,000","0,000","0,000","2,000","50,710","2,000","50,710","1,000","25,355","1,000","25,355","1,000","25,355","2,000","50,710","0,000","0,000","0,000","0,000","0,000","0,000","0,000","0,000","0,000","0,000","0,000","0,000","0,000","0,000","0,000","0,000","1,000","25,355","1,000","25,355","1,000","25,355","1,000","25,355","1,000","25,355","2,000","50,710","0,000","0,000","0,000","0,000","0,000","0,000","0,000","0,000","0,000","0,000","0,000","0,000","0,000","0,000","0,000","0,000","2,000","50,710"
SN803,Jabour - Taquara,Santa Cruz,Ida,19.136,"1,000","19,136","1,000","19,136","1,000","19,136","2,000","38,272","0,000","0,000","0,000","0,000","0,000","0,000","0,000","0,000","0,000","0,000","0,000","0,000","0,000","0,000","0,000","0,000","2,000","38,272","1,000","19,136","1,000","19,136","1,000","19,136","1,000","19,136","1,000","19,136","0,000","0,000","0,000","0,000","0,000","0,000","0,000","0,000","0,000","0,000","0,000","0,000","0,000","0,000","0,000","0,000","2,000","38,272","1,000","19,136","1,000","19,136","1,000","19,136","1,000","19,136","1,000","19,136","0,000","0,000","0,000","0,000","0,000","0,000","0,000","0,000","0,000","0,000","0,000","0,000","0,000","0,000","0,000","0,000","2,000","38,272","1,000","19,136","1,000","19,136","1,000","19,136","1,000","19,136","2,000","38,272","0,000","0,000","0,000","0,000","0,000","0,000","0,000","0,000","0,000","0,000","0,000","0,000","0,000","0,000","0,000","0,000","2,000","38,272","1,000","19,136"
SN803,Jabour - Taquara,Santa Cruz,Volta,21.672,"1,000","21,672","1,000","21,672","1,000","21,672","1,000","21,672","1,000","21,672","0,000","0,000","0,000","0,000","0,000","0,000","0,000","0,000","0,000","0,000","0,000","0,000","0,000","0,000","0,000","0,000","2,000","43,344","2,000","43,344","1,000","21,672","1,000","21,672","1,000","21,672","1,000","21,672","0,000","0,000","0,000","0,000","0,000","0,000","0,000","0,000","0,000","0,000","0,000","0,000","0,000","0,000","0,000","0,000","3,000","65,016","2,000","43,344","1,000","21,672","1,000","21,672","1,000","21,672","1,000","21,672","0,000","0,000","0,000","0,000","0,000","0,000","0,000","0,000","0,000","0,000","0,000","0,000","0,000","0,000","0,000","0,000","2,000","43,344","1,000","21,672","1,000","21,672","1,000","21,672","1,000","21,672","1,000","21,672","0,000","0,000","0,000","0,000","0,000","0,000","0,000","0,000","0,000","0,000","0,000","0,000","0,000","0,000","0,000","0,000","2,000","43,344"
SN805,Terminal Alvorada - Jardim Oceânico,Transcarioca,Ida,14.233,"1,000","14,233","1,000","14,233","1,000","14,233","1,000","14,233","1,000","14,233","0,000","0,000","0,000","0,000","0,000","0,000","0,000","0,000","0,000","0,000","0,000","0,000","0,000","0,000","1,000","14,233","1,000","14,233","1,000","14,233","1,000","14,233","1,000","14,233","1,000","14,233","1,000","14,233","0,000","0,000","0,000","0,000","0,000","0,000","0,000","0,000","0,000","0,000","0,000","0,000","0,000","0,000","1,000","14,233","1,000","14,233","1,000","14,233","1,000","14,233","1,000","14,233","1,000","14,233","1,000","14,233","0,000","0,000","0,000","0,000","0,000","0,000","0,000","0,000","0,000","0,000","0,000","0,000","0,000","0,000","1,000","14,233","1,000","14,233","1,000","14,233","1,000","14,233","1,000","14,233","1,000","14,233","1,000","14,233","0,000","0,000","0,000","0,000","0,000","0,000","0,000","0,000","0,000","0,000","0,000","0,000","0,000","0,000","1,000","14,233","1,000","14,233"
SN805,Terminal Alvorada - Jardim Oceânico,Transcarioca,Volta,11.367,"1,000","11,367","1,000","11,367","1,000","11,367","1,000","11,367","1,000","11,367","0,000","0,000","0,000","0,000","0,000","0,000","0,000","0,000","0,000","0,000","0,000","0,000","0,000","0,000","1,000","11,367","1,000","11,367","1,000","11,367","1,000","11,367","1,000","11,367","1,000","11,367","1,000","11,367","0,000","0,000","0,000","0,000","0,000","0,000","0,000","0,000","0,000","0,000","0,000","0,000","0,000","0,000","1,000","11,367","1,000","11,367","1,000","11,367","1,000","11,367","1,000","11,367","1,000","11,367","1,000","11,367","0,000","0,000","0,000","0,000","0,000","0,000","0,000","0,000","0,000","0,000","0,000","0,000","0,000","0,000","1,000","11,367","1,000","11,367","1,000","11,367","1,000","11,367","1,000","11,367","1,000","11,367","1,000","11,367","0,000","0,000","0,000","0,000","0,000","0,000","0,000","0,000","0,000","0,000","0,000","0,000","0,000","0,000","1,000","11,367","1,000","11,367"
SN810,Terminal Taquara - Pontal,Transcarioca,Ida,27.288,"1,000","27,288","1,000","27,288","1,000","27,288","1,000","27,288","0,000","0,000","0,000","0,000","0,000","0,000","0,000","0,000","0,000","0,000","0,000","0,000","0,000","0,000","0,000","0,000","2,000","54,576","1,000","27,288","1,000","27,288","1,000","27,288","1,000","27,288","1,000","27,288","0,000","0,000","0,000","0,000","0,000","0,000","0,000","0,000","0,000","0,000","0,000","0,000","0,000","0,000","0,000","0,000","2,000","54,576","1,000","27,288","1,000","27,288","1,000","27,288","1,000","27,288","1,000","27,288","0,000","0,000","0,000","0,000","0,000","0,000","0,000","0,000","0,000","0,000","0,000","0,000","0,000","0,000","0,000","0,000","1,000","27,288","1,000","27,288","1,000","27,288","1,000","27,288","1,000","27,288","1,000","27,288","0,000","0,000","0,000","0,000","0,000","0,000","0,000","0,000","0,000","0,000","0,000","0,000","0,000","0,000","0,000","0,000","2,000","54,576","1,000","27,288"
SN810,Terminal Taquara - Pontal,Transcarioca,Volta,27.434,"1,000","27,434","1,000","27,434","1,000","27,434","1,000","27,434","1,000","27,434","0,000","0,000","0,000","0,000","0,000","0,000","0,000","0,000","0,000","0,000","0,000","0,000","0,000","0,000","0,000","0,000","1,000","27,434","1,000","27,434","1,000","27,434","1,000","27,434","1,000","27,434","1,000","27,434","0,000","0,000","0,000","0,000","0,000","0,000","0,000","0,000","0,000","0,000","0,000","0,000","0,000","0,000","0,000","0,000","1,000","27,434","1,000","27,434","1,000","27,434","1,000","27,434","1,000","27,434","1,000","27,434","0,000","0,000","0,000","0,000","0,000","0,000","0,000","0,000","0,000","0,000","0,000","0,000","0,000","0,000","0,000","0,000","1,000","27,434","1,000","27,434","1,000","27,434","1,000","27,434","1,000","27,434","1,000","27,434","0,000","0,000","0,000","0,000","0,000","0,000","0,000","0,000","0,000","0,000","0,000","0,000","0,000","0,000","0,000","0,000","1,000","27,434"
SN821,Campo Grande - Corcundinha,Santa Cruz,Circular,13.032,"1,000","13,032","1,000","13,032","1,000","13,032","1,000","13,032","0,000","0,000","0,000","0,000","0,000","0,000","0,000","0,000","0,000","0,000","0,000","0,000","0,000","0,000","1,000","13,032","1,000","13,032","2,000","26,064","1,000","13,032","1,000","13,032","1,000","13,032","1,000","13,032","0,000","0,000","0,000","0,000","0,000","0,000","0,000","0,000","0,000","0,000","0,000","0,000","0,000","0,000","1,000","13,032","1,000","13,032","1,000","13,032","1,000","13,032","1,000","13,032","1,000","13,032","1,000","13,032","0,000","0,000","0,000","0,000","0,000","0,000","0,000","0,000","0,000","0,000","0,000","0,000","0,000","0,000","1,000","13,032","1,000","13,032","1,000","13,032","1,000","13,032","1,000","13,032","1,000","13,032","1,000","13,032","0,000","0,000","0,000","0,000","0,000","0,000","0,000","0,000","0,000","0,000","0,000","0,000","0,000","0,000","1,000","13,032","1,000","13,032","2,000","26,064"
SN825,Campo Grande - Jesuítas,Santa Cruz,Ida,22.705,"1,000","22,705","1,000","22,705","1,000","22,705","1,000","22,705","1,000","22,705","0,000","0,000","0,000","0,000","0,000","0,000","0,000","0,000","0,000","0,000","0,000","0,000","0,000","0,000","1,000","22,705","1,000","22,705","1,000","22,705","1,000","22,705","1,000","22,705","1,000","22,705","1,000","22,705","0,000","0,000","0,000","0,000","0,000","0,000","0,000","0,000","0,000","0,000","0,000","0,000","0,000","0,000","1,000","22,705","1,000","22,705","1,000","22,705","1,000","22,705","1,000","22,705","1,000","22,705","1,000","22,705","0,000","0,000","0,000","0,000","0,000","0,000","0,000","0,000","0,000","0,000","0,000","0,000","0,000","0,000","1,000","22,705","1,000","22,705","1,000","22,705","1,000","22,705","1,000","22,705","1,000","22,705","1,000","22,705","0,000","0,000","0,000","0,000","0,000","0,000","0,000","0,000","0,000","0,000","0,000","0,000","0,000","0,000","1,000","22,705","1,000","22,705"
SN825,Campo Grande - Jesuítas,Santa Cruz,Volta,20.528,"1,000","20,528","1,000","20,528","1,000","20,528","1,000","20,528","2,000","41,056","0,000","0,000","0,000","0,000","0,000","0,000","0,000","0,000","0,000","0,000","0,000","0,000","0,000","0,000","0,000","0,000","1,000","20,528","1,000","20,528","1,000","20,528","1,000","20,528","1,000","20,528","1,000","20,528","0,000","0,000","0,000","0,000","0,000","0,000","0,000","0,000","0,000","0,000","0,000","0,000","0,000","0,000","0,000","0,000","1,000","20,528","1,000","20,528","1,000","20,528","1,000","20,528","1,000","20,528","1,000","20,528","0,000","0,000","0,000","0,000","0,000","0,000","0,000","0,000","0,000","0,000","0,000","0,000","0,000","0,000","0,000","0,000","1,000","20,528","1,000","20,528","1,000","20,528","1,000","20,528","1,000","20,528","2,000","41,056","0,000","0,000","0,000","0,000","0,000","0,000","0,000","0,000","0,000","0,000","0,000","0,000","0,000","0,000","0,000","0,000","1,000","20,528"
SN840,São Fernando - Campo Grande,Santa Cruz,Ida,21.696,"1,000","21,696","1,000","21,696","1,000","21,696","2,000","43,392","1,000","21,696","0,000","0,000","0,000","0,000","0,000","0,000","0,000","0,000","0,000","0,000","0,000","0,000","0,000","0,000","1,000","21,696","1,000","21,696","1,000","21,696","1,000","21,696","1,000","21,696","1,000","21,696","1,000","21,696","0,000","0,000","0,000","0,000","0,000","0,000","0,000","0,000","0,000","0,000","0,000","0,000","0,000","0,000","1,000","21,696","1,000","21,696","1,000","21,696","1,000","21,696","1,000","21,696","1,000","21,696","1,000","21,696","0,000","0,000","0,000","0,000","0,000","0,000","0,000","0,000","0,000","0,000","0,000","0,000","0,000","0,000","1,000","21,696","1,000","21,696","1,000","21,696","1,000","21,696","1,000","21,696","2,000","43,392","1,000","21,696","0,000","0,000","0,000","0,000","0,000","0,000","0,000","0,000","0,000","0,000","0,000","0,000","0,000","0,000","1,000","21,696","1,000","21,696"
SN840,São Fernando - Campo Grande,Santa Cruz,Volta,22.083,"1,000","22,083","1,000","22,083","1,000","22,083","1,000","22,083","1,000","22,083","0,000","0,000","0,000","0,000","0,000","0,000","0,000","0,000","0,000","0,000","0,000","0,000","0,000","0,000","0,000","0,000","1,000","22,083","1,000","22,083","1,000","22,083","1,000","22,083","1,000","22,083","1,000","22,083","0,000","0,000","0,000","0,000","0,000","0,000","0,000","0,000","0,000","0,000","0,000","0,000","0,000","0,000","0,000","0,000","2,000","44,166","2,000","44,166","1,000","22,083","1,000","22,083","1,000","22,083","1,000","22,083","0,000","0,000","0,000","0,000","0,000","0,000","0,000","0,000","0,000","0,000","0,000","0,000","0,000","0,000","0,000","0,000","1,000","22,083","1,000","22,083","1,000","22,083","1,000","22,083","1,000","22,083","1,000","22,083","0,000","0,000","0,000","0,000","0,000","0,000","0,000","0,000","0,000","0,000","0,000","0,000","0,000","0,000","0,000","0,000","1,000","22,083"
SN846,Rio da Prata - Terminal Campo Grande,Santa Cruz,Ida,7.515,"1,000","7,515","1,000","7,515","1,000","7,515","2,000","15,030","3,000","22,545","0,000","0,000","0,000","0,000","0,000","0,000","0,000","0,000","0,000","0,000","0,000","0,000","0,000","0,000","2,000","15,030","1,000","7,515","1,000","7,515","1,000","7,515","1,000","7,515","1,000","7,515","2,000","15,030","0,000","0,000","0,000","0,000","0,000","0,000","0,000","0,000","0,000","0,000","0,000","0,000","0,000","0,000","1,000","7,515","1,000","7,515","1,000","7,515","1,000","7,515","1,000","7,515","1,000","7,515","1,000","7,515","0,000","0,000","0,000","0,000","0,000","0,000","0,000","0,000","0,000","0,000","0,000","0,000","0,000","0,000","1,000","7,515","1,000","7,515","1,000","7,515","1,000","7,515","1,000","7,515","2,000","15,030","3,000","22,545","0,000","0,000","0,000","0,000","0,000","0,000","0,000","0,000","0,000","0,000","0,000","0,000","0,000","0,000","2,000","15,030","1,000","7,515"
SN846,Rio da Prata - Terminal Campo Grande,Santa Cruz,Volta,7.662,"1,000","7,662","1,000","7,662","1,000","7,662","1,000","7,662","1,000","7,662","0,000","0,000","0,000","0,000","0,000","0,000","0,000","0,000","0,000","0,000","0,000","0,000","0,000","0,000","0,000","0,000","1,000","7,662","2,000","15,324","1,000","7,662","1,000","7,662","1,000","7,662","1,000","7,662","0,000","0,000","0,000","0,000","0,000","0,000","0,000","0,000","0,000","0,000","0,000","0,000","0,000","0,000","0,000","0,000","1,000","7,662","1,000","7,662","1,000","7,662","1,000","7,662","1,000","7,662","1,000","7,662","0,000","0,000","0,000","0,000","0,000","0,000","0,000","0,000","0,000","0,000","0,000","0,000","0,000","0,000","0,000","0,000","1,000","7,662","1,000","7,662","1,000","7,662","1,000","7,662","1,000","7,662","1,000","7,662","0,000","0,000","0,000","0,000","0,000","0,000","0,000","0,000","0,000","0,000","0,000","0,000","0,000","0,000","0,000","0,000","1,000","7,662"
SN848,Terminal Campo Grande - Monte Santo,Santa Cruz,Circular,9.619,"1,000","9,619","1,000","9,619","1,000","9,619","1,000","9,619","1,000","9,619","0,000","0,000","0,000","0,000","0,000","0,000","0,000","0,000","0,000","0,000","0,000","0,000","0,000","0,000","1,000","9,619","1,000","9,619","1,000","9,619","1,000","9,619","1,000","9,619","1,000","9,619","1,000","9,619","0,000","0,000","0,000","0,000","0,000","0,000","0,000","0,000","0,000","0,000","0,000","0,000","0,000","0,000","1,000","9,619","1,000","9,619","1,000","9,619","1,000","9,619","1,000","9,619","1,000","9,619","1,000","9,619","0,000","0,000","0,000","0,000","0,000","0,000","0,000","0,000","0,000","0,000","0,000","0,000","0,000","0,000","1,000","9,619","1,000","9,619","1,000","9,619","1,000","9,619","1,000","9,619","1,000","9,619","1,000","9,619","0,000","0,000","0,000","0,000","0,000","0,000","0,000","0,000","0,000","0,000","0,000","0,000","0,000","0,000","1,000","9,619","1,000","9,619"
SN853,Terminal Mato Alto - Terminal Deodoro,Santa Cruz,Ida,39.772,"1,000","39,772","1,000","39,772","1,000","39,772","0,000","0,000","0,000","0,000","0,000","0,000","0,000","0,000","0,000","0,000","0,000","0,000","0,000","0,000","0,000","0,000","0,000","0,000","0,000","0,000","0,000","0,000","2,000","79,544","1,000","39,772","1,000","39,772","0,000","0,000","0,000","0,000","0,000","0,000","0,000","0,000","0,000","0,000","0,000","0,000","0,000","0,000","0,000","0,000","0,000","0,000","0,000","0,000","0,000","0,000","1,000","39,772","1,000","39,772","1,000","39,772","0,000","0,000","0,000","0,000","0,000","0,000","0,000","0,000","0,000","0,000","0,000","0,000","0,000","0,000","0,000","0,000","0,000","0,000","0,000","0,000","0,000","0,000","1,000","39,772","1,000","39,772","1,000","39,772","0,000","0,000","0,000","0,000","0,000","0,000","0,000","0,000","0,000","0,000","0,000","0,000","0,000","0,000","0,000","0,000","0,000","0,000","0,000","0,000","0,000","0,000"
SN853,Terminal Mato Alto - Terminal Deodoro,Santa Cruz,Volta,40.988,"0,000","0,000","1,000","40,988","1,000","40,988","1,000","40,988","0,000","0,000","0,000","0,000","0,000","0,000","0,000","0,000","0,000","0,000","0,000","0,000","0,000","0,000","0,000","0,000","0,000","0,000","0,000","0,000","0,000","0,000","1,000","40,988","1,000","40,988","1,000","40,988","0,000","0,000","0,000","0,000","0,000","0,000","0,000","0,000","0,000","0,000","0,000","0,000","0,000","0,000","0,000","0,000","0,000","0,000","0,000","0,000","0,000","0,000","1,000","40,988","1,000","40,988","1,000","40,988","0,000","0,000","0,000","0,000","0,000","0,000","0,000","0,000","0,000","0,000","0,000","0,000","0,000","0,000","0,000","0,000","0,000","0,000","0,000","0,000","0,000","0,000","1,000","40,988","1,000","40,988","1,000","40,988","0,000","0,000","0,000","0,000","0,000","0,000","0,000","0,000","0,000","0,000","0,000","0,000","0,000","0,000","0,000","0,000","0,000","0,000","0,000","0,000"
SN857,Terminal Campo Grande - Terminal Pingo D'Água,Santa Cruz,Ida,27.456,"1,000","27,456","1,000","27,456","1,000","27,456","2,000","54,912","0,000","0,000","0,000","0,000","0,000","0,000","0,000","0,000","0,000","0,000","0,000","0,000","0,000","0,000","0,000","0,000","3,000","82,368","1,000","27,456","1,000","27,456","1,000","27,456","1,000","27,456","1,000","27,456","0,000","0,000","0,000","0,000","0,000","0,000","0,000","0,000","0,000","0,000","0,000","0,000","0,000","0,000","0,000","0,000","3,000","82,368","1,000","27,456","1,000","27,456","1,000","27,456","1,000","27,456","1,000","27,456","0,000","0,000","0,000","0,000","0,000","0,000","0,000","0,000","0,000","0,000","0,000","0,000","0,000","0,000","0,000","0,000","2,000","54,912","1,000","27,456","1,000","27,456","1,000","27,456","1,000","27,456","2,000","54,912","0,000","0,000","0,000","0,000","0,000","0,000","0,000","0,000","0,000","0,000","0,000","0,000","0,000","0,000","0,000","0,000","3,000","82,368","1,000","27,456"
SN857,Terminal Campo Grande - Terminal Pingo D'Água,Santa Cruz,Volta,25.950,"1,000","25,950","1,000","25,950","1,000","25,950","1,000","25,950","3,000","77,850","0,000","0,000","0,000","0,000","0,000","0,000","0,000","0,000","0,000","0,000","0,000","0,000","0,000","0,000","0,000","0,000","1,000","25,950","1,000","25,950","1,000","25,950","1,000","25,950","1,000","25,950","1,000","25,950","0,000","0,000","0,000","0,000","0,000","0,000","0,000","0,000","0,000","0,000","0,000","0,000","0,000","0,000","0,000","0,000","2,000","51,900","1,000","25,950","1,000","25,950","1,000","25,950","1,000","25,950","1,000","25,950","0,000","0,000","0,000","0,000","0,000","0,000","0,000","0,000","0,000","0,000","0,000","0,000","0,000","0,000","0,000","0,000","1,000","25,950","1,000","25,950","1,000","25,950","1,000","25,950","1,000","25,950","3,000","77,850","0,000","0,000","0,000","0,000","0,000","0,000","0,000","0,000","0,000","0,000","0,000","0,000","0,000","0,000","0,000","0,000","1,000","25,950"
SN861,Rio das Pedras - Curicica,Transcarioca,Ida,19.669,"1,000","19,669","1,000","19,669","1,000","19,669","0,000","0,000","0,000","0,000","0,000","0,000","0,000","0,000","0,000","0,000","0,000","0,000","0,000","0,000","0,000","0,000","0,000","0,000","2,000","39,338","1,000","19,669","1,000","19,669","1,000","19,669","1,000","19,669","0,000","0,000","0,000","0,000","0,000","0,000","0,000","0,000","0,000","0,000","0,000","0,000","0,000","0,000","0,000","0,000","0,000","0,000","2,000","39,338","1,000","19,669","1,000","19,669","1,000","19,669","1,000","19,669","0,000","0,000","0,000","0,000","0,000","0,000","0,000","0,000","0,000","0,000","0,000","0,000","0,000","0,000","0,000","0,000","0,000","0,000","2,000","39,338","1,000","19,669","1,000","19,669","1,000","19,669","1,000","19,669","0,000","0,000","0,000","0,000","0,000","0,000","0,000","0,000","0,000","0,000","0,000","0,000","0,000","0,000","0,000","0,000","0,000","0,000","2,000","39,338","1,000","19,669"
SN861,Rio das Pedras - Curicica,Transcarioca,Volta,17.630,"1,000","17,630","1,000","17,630","1,000","17,630","1,000","17,630","0,000","0,000","0,000","0,000","0,000","0,000","0,000","0,000","0,000","0,000","0,000","0,000","0,000","0,000","0,000","0,000","3,000","52,890","1,000","17,630","1,000","17,630","1,000","17,630","1,000","17,630","1,000","17,630","0,000","0,000","0,000","0,000","0,000","0,000","0,000","0,000","0,000","0,000","0,000","0,000","0,000","0,000","0,000","0,000","2,000","35,260","1,000","17,630","1,000","17,630","1,000","17,630","1,000","17,630","1,000","17,630","0,000","0,000","0,000","0,000","0,000","0,000","0,000","0,000","0,000","0,000","0,000","0,000","0,000","0,000","0,000","0,000","1,000","17,630","1,000","17,630","1,000","17,630","1,000","17,630","1,000","17,630","1,000","17,630","0,000","0,000","0,000","0,000","0,000","0,000","0,000","0,000","0,000","0,000","0,000","0,000","0,000","0,000","0,000","0,000","3,000","52,890","1,000","17,630"
SN867,Barra de Guaratiba - Terminal Campo Grande,Santa Cruz,Ida,30.884,"1,000","30,884","1,000","30,884","1,000","30,884","1,000","30,884","0,000","0,000","0,000","0,000","0,000","0,000","0,000","0,000","0,000","0,000","0,000","0,000","0,000","0,000","0,000","0,000","0,000","0,000","1,000","30,884","1,000","30,884","1,000","30,884","1,000","30,884","1,000","30,884","0,000","0,000","0,000","0,000","0,000","0,000","0,000","0,000","0,000","0,000","0,000","0,000","0,000","0,000","0,000","0,000","0,000","0,000","1,000","30,884","2,000","61,768","1,000","30,884","1,000","30,884","1,000","30,884","0,000","0,000","0,000","0,000","0,000","0,000","0,000","0,000","0,000","0,000","0,000","0,000","0,000","0,000","0,000","0,000","0,000","0,000","1,000","30,884","1,000","30,884","1,000","30,884","1,000","30,884","1,000","30,884","0,000","0,000","0,000","0,000","0,000","0,000","0,000","0,000","0,000","0,000","0,000","0,000","0,000","0,000","0,000","0,000","0,000","0,000","1,000","30,884"
SN867,Barra de Guaratiba - Terminal Campo Grande,Santa Cruz,Volta,32.283,"1,000","32,283","1,000","32,283","1,000","32,283","2,000","64,566","0,000","0,000","0,000","0,000","0,000","0,000","0,000","0,000","0,000","0,000","0,000","0,000","0,000","0,000","0,000","0,000","0,000","0,000","1,000","32,283","1,000","32,283","1,000","32,283","1,000","32,283","1,000","32,283","0,000","0,000","0,000","0,000","0,000","0,000","0,000","0,000","0,000","0,000","0,000","0,000","0,000","0,000","0,000","0,000","0,000","0,000","1,000","32,283","1,000","32,283","1,000","32,283","1,000","32,283","1,000","32,283","0,000","0,000","0,000","0,000","0,000","0,000","0,000","0,000","0,000","0,000","0,000","0,000","0,000","0,000","0,000","0,000","0,000","0,000","1,000","32,283","1,000","32,283","1,000","32,283","1,000","32,283","2,000","64,566","0,000","0,000","0,000","0,000","0,000","0,000","0,000","0,000","0,000","0,000","0,000","0,000","0,000","0,000","0,000","0,000","0,000","0,000","1,000","32,283"
SN878,Tanque - Barra da Tijuca,Transcarioca,Ida,21.239,"2,000","42,478","2,000","42,478","2,000","42,478","0,000","0,000","0,000","0,000","0,000","0,000","0,000","0,000","0,000","0,000","0,000","0,000","0,000","0,000","0,000","0,000","0,000","0,000","0,000","0,000","2,000","42,478","2,000","42,478","2,000","42,478","2,000","42,478","0,000","0,000","0,000","0,000","0,000","0,000","0,000","0,000","0,000","0,000","0,000","0,000","0,000","0,000","0,000","0,000","0,000","0,000","0,000","0,000","2,000","42,478","2,000","42,478","2,000","42,478","2,000","42,478","0,000","0,000","0,000","0,000","0,000","0,000","0,000","0,000","0,000","0,000","0,000","0,000","0,000","0,000","0,000","0,000","0,000","0,000","0,000","0,000","2,000","42,478","2,000","42,478","2,000","42,478","2,000","42,478","0,000","0,000","0,000","0,000","0,000","0,000","0,000","0,000","0,000","0,000","0,000","0,000","0,000","0,000","0,000","0,000","0,000","0,000","0,000","0,000","2,000","42,478"
SN878,Tanque - Barra da Tijuca,Transcarioca,Volta,26.151,"3,000","78,453","2,000","52,302","2,000","52,302","1,000","26,151","0,000","0,000","0,000","0,000","0,000","0,000","0,000","0,000","0,000","0,000","0,000","0,000","0,000","0,000","0,000","0,000","0,000","0,000","0,000","0,000","3,000","78,453","2,000","52,302","2,000","52,302","1,000","26,151","0,000","0,000","0,000","0,000","0,000","0,000","0,000","0,000","0,000","0,000","0,000","0,000","0,000","0,000","0,000","0,000","0,000","0,000","0,000","0,000","3,000","78,453","2,000","52,302","2,000","52,302","1,000","26,151","0,000","0,000","0,000","0,000","0,000","0,000","0,000","0,000","0,000","0,000","0,000","0,000","0,000","0,000","0,000","0,000","0,000","0,000","0,000","0,000","3,000","78,453","2,000","52,302","2,000","52,302","1,000","26,151","0,000","0,000","0,000","0,000","0,000","0,000","0,000","0,000","0,000","0,000","0,000","0,000","0,000","0,000","0,000","0,000","0,000","0,000","0,000","0,000"
SN880,Rio das Pedras - Terminal Alvorada,Transcarioca,Ida,13.530,"1,000","13,530","1,000","13,530","1,000","13,530","1,000","13,530","4,000","54,120","0,000","0,000","0,000","0,000","0,000","0,000","0,000","0,000","0,000","0,000","0,000","0,000","0,000","0,000","2,000","27,060","1,000","13,530","1,000","13,530","1,000","13,530","1,000","13,530","1,000","13,530","2,000","27,060","0,000","0,000","0,000","0,000","0,000","0,000","0,000","0,000","0,000","0,000","0,000","0,000","0,000","0,000","2,000","27,060","1,000","13,530","1,000","13,530","1,000","13,530","1,000","13,530","1,000","13,530","1,000","13,530","0,000","0,000","0,000","0,000","0,000","0,000","0,000","0,000","0,000","0,000","0,000","0,000","0,000","0,000","2,000","27,060","1,000","13,530","1,000","13,530","1,000","13,530","1,000","13,530","1,000","13,530","4,000","54,120","0,000","0,000","0,000","0,000","0,000","0,000","0,000","0,000","0,000","0,000","0,000","0,000","0,000","0,000","2,000","27,060","1,000","13,530"
SN880,Rio das Pedras - Terminal Alvorada,Transcarioca,Volta,10.614,"3,000","31,842","1,000","10,614","1,000","10,614","1,000","10,614","1,000","10,614","0,000","0,000","0,000","0,000","0,000","0,000","0,000","0,000","0,000","0,000","0,000","0,000","0,000","0,000","0,000","0,000","3,000","31,842","3,000","31,842","2,000","21,228","1,000","10,614","1,000","10,614","1,000","10,614","0,000","0,000","0,000","0,000","0,000","0,000","0,000","0,000","0,000","0,000","0,000","0,000","0,000","0,000","0,000","0,000","4,000","42,456","3,000","31,842","2,000","21,228","1,000","10,614","1,000","10,614","1,000","10,614","0,000","0,000","0,000","0,000","0,000","0,000","0,000","0,000","0,000","0,000","0,000","0,000","0,000","0,000","0,000","0,000","4,000","42,456","3,000","31,842","1,000","10,614","1,000","10,614","1,000","10,614","1,000","10,614","0,000","0,000","0,000","0,000","0,000","0,000","0,000","0,000","0,000","0,000","0,000","0,000","0,000","0,000","0,000","0,000","3,000","31,842"
SN884,Sepetiba - Terminal Campo Grande,Santa Cruz,Ida,24.749,"1,000","24,749","1,000","24,749","1,000","24,749","1,000","24,749","0,000","0,000","0,000","0,000","0,000","0,000","0,000","0,000","0,000","0,000","0,000","0,000","0,000","0,000","0,000","0,000","2,000","49,498","1,000","24,749","2,000","49,498","1,000","24,749","1,000","24,749","1,000","24,749","0,000","0,000","0,000","0,000","0,000","0,000","0,000","0,000","0,000","0,000","0,000","0,000","0,000","0,000","0,000","0,000","2,000","49,498","1,000","24,749","2,000","49,498","1,000","24,749","1,000","24,749","1,000","24,749","0,000","0,000","0,000","0,000","0,000","0,000","0,000","0,000","0,000","0,000","0,000","0,000","0,000","0,000","0,000","0,000","2,000","49,498","1,000","24,749","1,000","24,749","1,000","24,749","1,000","24,749","1,000","24,749","0,000","0,000","0,000","0,000","0,000","0,000","0,000","0,000","0,000","0,000","0,000","0,000","0,000","0,000","0,000","0,000","2,000","49,498","1,000","24,749"
SN884,Sepetiba - Terminal Campo Grande,Santa Cruz,Volta,26.203,"1,000","26,203","1,000","26,203","1,000","26,203","1,000","26,203","2,000","52,406","0,000","0,000","0,000","0,000","0,000","0,000","0,000","0,000","0,000","0,000","0,000","0,000","0,000","0,000","0,000","0,000","1,000","26,203","1,000","26,203","1,000","26,203","1,000","26,203","1,000","26,203","1,000","26,203","0,000","0,000","0,000","0,000","0,000","0,000","0,000","0,000","0,000","0,000","0,000","0,000","0,000","0,000","0,000","0,000","2,000","52,406","1,000","26,203","1,000","26,203","1,000","26,203","1,000","26,203","1,000","26,203","0,000","0,000","0,000","0,000","0,000","0,000","0,000","0,000","0,000","0,000","0,000","0,000","0,000","0,000","0,000","0,000","1,000","26,203","1,000","26,203","1,000","26,203","1,000","26,203","1,000","26,203","2,000","52,406","0,000","0,000","0,000","0,000","0,000","0,000","0,000","0,000","0,000","0,000","0,000","0,000","0,000","0,000","0,000","0,000","1,000","26,203"
SN885,Terminal Mato Alto - Santa Cruz,Santa Cruz,Ida,18.487,"1,000","18,487","1,000","18,487","1,000","18,487","1,000","18,487","0,000","0,000","0,000","0,000","0,000","0,000","0,000","0,000","0,000","0,000","0,000","0,000","0,000","0,000","0,000","0,000","1,000","18,487","1,000","18,487","1,000","18,487","1,000","18,487","1,000","18,487","1,000","18,487","0,000","0,000","0,000","0,000","0,000","0,000","0,000","0,000","0,000","0,000","0,000","0,000","0,000","0,000","0,000","0,000","1,000","18,487","1,000","18,487","1,000","18,487","1,000","18,487","1,000","18,487","1,000","18,487","0,000","0,000","0,000","0,000","0,000","0,000","0,000","0,000","0,000","0,000","0,000","0,000","0,000","0,000","0,000","0,000","1,000","18,487","1,000","18,487","1,000","18,487","1,000","18,487","1,000","18,487","1,000","18,487","0,000","0,000","0,000","0,000","0,000","0,000","0,000","0,000","0,000","0,000","0,000","0,000","0,000","0,000","0,000","0,000","1,000","18,487","1,000","18,487"
SN885,Terminal Mato Alto - Santa Cruz,Santa Cruz,Volta,17.604,"1,000","17,604","1,000","17,604","1,000","17,604","1,000","17,604","2,000","35,208","0,000","0,000","0,000","0,000","0,000","0,000","0,000","0,000","0,000","0,000","0,000","0,000","0,000","0,000","0,000","0,000","1,000","17,604","1,000","17,604","1,000","17,604","1,000","17,604","1,000","17,604","1,000","17,604","0,000","0,000","0,000","0,000","0,000","0,000","0,000","0,000","0,000","0,000","0,000","0,000","0,000","0,000","0,000","0,000","1,000","17,604","1,000","17,604","1,000","17,604","1,000","17,604","1,000","17,604","2,000","35,208","0,000","0,000","0,000","0,000","0,000","0,000","0,000","0,000","0,000","0,000","0,000","0,000","0,000","0,000","0,000","0,000","1,000","17,604","1,000","17,604","1,000","17,604","1,000","17,604","1,000","17,604","2,000","35,208","0,000","0,000","0,000","0,000","0,000","0,000","0,000","0,000","0,000","0,000","0,000","0,000","0,000","0,000","0,000","0,000","1,000","17,604"
SN893,Jardim Palmares - Campo Grande,Santa Cruz,Ida,12.246,"1,000","12,246","1,000","12,246","1,000","12,246","1,000","12,246","1,000","12,246","0,000","0,000","0,000","0,000","0,000","0,000","0,000","0,000","0,000","0,000","0,000","0,000","0,000","0,000","1,000","12,246","1,000","12,246","1,000","12,246","1,000","12,246","1,000","12,246","1,000","12,246","1,000","12,246","0,000","0,000","0,000","0,000","0,000","0,000","0,000","0,000","0,000","0,000","0,000","0,000","0,000","0,000","1,000","12,246","1,000","12,246","1,000","12,246","1,000","12,246","1,000","12,246","1,000","12,246","1,000","12,246","0,000","0,000","0,000","0,000","0,000","0,000","0,000","0,000","0,000","0,000","0,000","0,000","0,000","0,000","1,000","12,246","1,000","12,246","1,000","12,246","1,000","12,246","1,000","12,246","1,000","12,246","1,000","12,246","0,000","0,000","0,000","0,000","0,000","0,000","0,000","0,000","0,000","0,000","0,000","0,000","0,000","0,000","1,000","12,246","1,000","12,246"
SN893,Jardim Palmares - Campo Grande,Santa Cruz,Volta,14.125,"1,000","14,125","1,000","14,125","1,000","14,125","1,000","14,125","1,000","14,125","0,000","0,000","0,000","0,000","0,000","0,000","0,000","0,000","0,000","0,000","0,000","0,000","0,000","0,000","0,000","0,000","1,000","14,125","1,000","14,125","1,000","14,125","1,000","14,125","1,000","14,125","1,000","14,125","0,000","0,000","0,000","0,000","0,000","0,000","0,000","0,000","0,000","0,000","0,000","0,000","0,000","0,000","0,000","0,000","1,000","14,125","1,000","14,125","1,000","14,125","1,000","14,125","1,000","14,125","1,000","14,125","0,000","0,000","0,000","0,000","0,000","0,000","0,000","0,000","0,000","0,000","0,000","0,000","0,000","0,000","0,000","0,000","1,000","14,125","1,000","14,125","1,000","14,125","1,000","14,125","1,000","14,125","1,000","14,125","0,000","0,000","0,000","0,000","0,000","0,000","0,000","0,000","0,000","0,000","0,000","0,000","0,000","0,000","0,000","0,000","1,000","14,125"
SN895,Serrinha - Campo Grande,Santa Cruz,Circular,23.471,"1,000","23,471","1,000","23,471","1,000","23,471","1,000","23,471","1,000","23,471","0,000","0,000","0,000","0,000","0,000","0,000","0,000","0,000","0,000","0,000","0,000","0,000","0,000","0,000","1,000","23,471","1,000","23,471","1,000","23,471","1,000","23,471","1,000","23,471","1,000","23,471","1,000","23,471","0,000","0,000","0,000","0,000","0,000","0,000","0,000","0,000","0,000","0,000","0,000","0,000","0,000","0,000","1,000","23,471","1,000","23,471","1,000","23,471","1,000","23,471","1,000","23,471","1,000","23,471","1,000","23,471","0,000","0,000","0,000","0,000","0,000","0,000","0,000","0,000","0,000","0,000","0,000","0,000","0,000","0,000","1,000","23,471","1,000","23,471","1,000","23,471","1,000","23,471","1,000","23,471","1,000","23,471","1,000","23,471","0,000","0,000","0,000","0,000","0,000","0,000","0,000","0,000","0,000","0,000","0,000","0,000","0,000","0,000","1,000","23,471","1,000","23,471"
SN897,Santa Cruz - Terminal Pingo d'Água,Santa Cruz,Ida,13.172,"1,000","13,172","1,000","13,172","1,000","13,172","1,000","13,172","0,000","0,000","0,000","0,000","0,000","0,000","0,000","0,000","0,000","0,000","0,000","0,000","0,000","0,000","0,000","0,000","1,000","13,172","1,000","13,172","1,000","13,172","1,000","13,172","1,000","13,172","1,000","13,172","0,000","0,000","0,000","0,000","0,000","0,000","0,000","0,000","0,000","0,000","0,000","0,000","0,000","0,000","0,000","0,000","1,000","13,172","1,000","13,172","1,000","13,172","1,000","13,172","1,000","13,172","1,000","13,172","0,000","0,000","0,000","0,000","0,000","0,000","0,000","0,000","0,000","0,000","0,000","0,000","0,000","0,000","0,000","0,000","1,000","13,172","1,000","13,172","1,000","13,172","1,000","13,172","1,000","13,172","1,000","13,172","0,000","0,000","0,000","0,000","0,000","0,000","0,000","0,000","0,000","0,000","0,000","0,000","0,000","0,000","0,000","0,000","1,000","13,172","1,000","13,172"
SN897,Santa Cruz - Terminal Pingo d'Água,Santa Cruz,Volta,14.318,"1,000","14,318","1,000","14,318","1,000","14,318","1,000","14,318","2,000","28,636","0,000","0,000","0,000","0,000","0,000","0,000","0,000","0,000","0,000","0,000","0,000","0,000","0,000","0,000","0,000","0,000","1,000","14,318","1,000","14,318","1,000","14,318","1,000","14,318","1,000","14,318","1,000","14,318","0,000","0,000","0,000","0,000","0,000","0,000","0,000","0,000","0,000","0,000","0,000","0,000","0,000","0,000","0,000","0,000","1,000","14,318","1,000","14,318","1,000","14,318","1,000","14,318","1,000","14,318","1,000","14,318","0,000","0,000","0,000","0,000","0,000","0,000","0,000","0,000","0,000","0,000","0,000","0,000","0,000","0,000","0,000","0,000","1,000","14,318","1,000","14,318","1,000","14,318","1,000","14,318","1,000","14,318","2,000","28,636","0,000","0,000","0,000","0,000","0,000","0,000","0,000","0,000","0,000","0,000","0,000","0,000","0,000","0,000","0,000","0,000","1,000","14,318"
SN898,Sepetiba - Campo Grande,Santa Cruz,Ida,30.262,"1,000","30,262","1,000","30,262","1,000","30,262","1,000","30,262","0,000","0,000","0,000","0,000","0,000","0,000","0,000","0,000","0,000","0,000","0,000","0,000","0,000","0,000","1,000","30,262","1,000","30,262","1,000","30,262","1,000","30,262","1,000","30,262","1,000","30,262","1,000","30,262","0,000","0,000","0,000","0,000","0,000","0,000","0,000","0,000","0,000","0,000","0,000","0,000","0,000","0,000","1,000","30,262","1,000","30,262","1,000","30,262","1,000","30,262","1,000","30,262","1,000","30,262","1,000","30,262","0,000","0,000","0,000","0,000","0,000","0,000","0,000","0,000","0,000","0,000","0,000","0,000","0,000","0,000","1,000","30,262","1,000","30,262","1,000","30,262","1,000","30,262","1,000","30,262","1,000","30,262","1,000","30,262","0,000","0,000","0,000","0,000","0,000","0,000","0,000","0,000","0,000","0,000","0,000","0,000","0,000","0,000","1,000","30,262","1,000","30,262","1,000","30,262"
SN898,Sepetiba - Campo Grande,Santa Cruz,Volta,32.641,"1,000","32,641","1,000","32,641","1,000","32,641","1,000","32,641","1,000","32,641","0,000","0,000","0,000","0,000","0,000","0,000","0,000","0,000","0,000","0,000","0,000","0,000","0,000","0,000","1,000","32,641","1,000","32,641","1,000","32,641","1,000","32,641","1,000","32,641","1,000","32,641","1,000","32,641","0,000","0,000","0,000","0,000","0,000","0,000","0,000","0,000","0,000","0,000","0,000","0,000","0,000","0,000","1,000","32,641","1,000","32,641","1,000","32,641","1,000","32,641","1,000","32,641","1,000","32,641","1,000","32,641","0,000","0,000","0,000","0,000","0,000","0,000","0,000","0,000","0,000","0,000","0,000","0,000","0,000","0,000","1,000","32,641","1,000","32,641","1,000","32,641","1,000","32,641","1,000","32,641","1,000","32,641","1,000","32,641","0,000","0,000","0,000","0,000","0,000","0,000","0,000","0,000","0,000","0,000","0,000","0,000","0,000","0,000","1,000","32,641","1,000","32,641"
SN908,Terminal Deodoro - Bonsucesso,Internorte,Ida,24.854,"1,000","24,854","1,000","24,854","1,000","24,854","1,000","24,854","0,000","0,000","0,000","0,000","0,000","0,000","0,000","0,000","0,000","0,000","0,000","0,000","0,000","0,000","0,000","0,000","0,000","0,000","1,000","24,854","1,000","24,854","1,000","24,854","1,000","24,854","1,000","24,854","0,000","0,000","0,000","0,000","0,000","0,000","0,000","0,000","0,000","0,000","0,000","0,000","0,000","0,000","0,000","0,000","0,000","0,000","1,000","24,854","1,000","24,854","1,000","24,854","1,000","24,854","1,000","24,854","0,000","0,000","0,000","0,000","0,000","0,000","0,000","0,000","0,000","0,000","0,000","0,000","0,000","0,000","0,000","0,000","0,000","0,000","1,000","24,854","1,000","24,854","1,000","24,854","1,000","24,854","1,000","24,854","0,000","0,000","0,000","0,000","0,000","0,000","0,000","0,000","0,000","0,000","0,000","0,000","0,000","0,000","0,000","0,000","0,000","0,000","1,000","24,854"
SN908,Terminal Deodoro - Bonsucesso,Internorte,Volta,21.971,"1,000","21,971","1,000","21,971","1,000","21,971","1,000","21,971","0,000","0,000","0,000","0,000","0,000","0,000","0,000","0,000","0,000","0,000","0,000","0,000","0,000","0,000","0,000","0,000","0,000","0,000","1,000","21,971","1,000","21,971","1,000","21,971","1,000","21,971","1,000","21,971","0,000","0,000","0,000","0,000","0,000","0,000","0,000","0,000","0,000","0,000","0,000","0,000","0,000","0,000","0,000","0,000","0,000","0,000","1,000","21,971","1,000","21,971","1,000","21,971","1,000","21,971","1,000","21,971","0,000","0,000","0,000","0,000","0,000","0,000","0,000","0,000","0,000","0,000","0,000","0,000","0,000","0,000","0,000","0,000","0,000","0,000","1,000","21,971","1,000","21,971","1,000","21,971","1,000","21,971","1,000","21,971","0,000","0,000","0,000","0,000","0,000","0,000","0,000","0,000","0,000","0,000","0,000","0,000","0,000","0,000","0,000","0,000","0,000","0,000","1,000","21,971"
SN919,Pavuna - Maré,Internorte,Ida,23.956,"1,000","23,956","1,000","23,956","1,000","23,956","1,000","23,956","0,000","0,000","0,000","0,000","0,000","0,000","0,000","0,000","0,000","0,000","0,000","0,000","0,000","0,000","0,000","0,000","1,000","23,956","1,000","23,956","1,000","23,956","1,000","23,956","1,000","23,956","1,000","23,956","0,000","0,000","0,000","0,000","0,000","0,000","0,000","0,000","0,000","0,000","0,000","0,000","0,000","0,000","0,000","0,000","2,000","47,912","1,000","23,956","1,000","23,956","1,000","23,956","1,000","23,956","1,000","23,956","0,000","0,000","0,000","0,000","0,000","0,000","0,000","0,000","0,000","0,000","0,000","0,000","0,000","0,000","0,000","0,000","1,000","23,956","1,000","23,956","1,000","23,956","1,000","23,956","1,000","23,956","1,000","23,956","0,000","0,000","0,000","0,000","0,000","0,000","0,000","0,000","0,000","0,000","0,000","0,000","0,000","0,000","0,000","0,000","1,000","23,956","1,000","23,956"
SN919,Pavuna - Maré,Internorte,Volta,21.811,"1,000","21,811","1,000","21,811","1,000","21,811","1,000","21,811","2,000","43,622","0,000","0,000","0,000","0,000","0,000","0,000","0,000","0,000","0,000","0,000","0,000","0,000","0,000","0,000","0,000","0,000","1,000","21,811","1,000","21,811","1,000","21,811","1,000","21,811","1,000","21,811","1,000","21,811","0,000","0,000","0,000","0,000","0,000","0,000","0,000","0,000","0,000","0,000","0,000","0,000","0,000","0,000","0,000","0,000","1,000","21,811","1,000","21,811","1,000","21,811","1,000","21,811","1,000","21,811","1,000","21,811","0,000","0,000","0,000","0,000","0,000","0,000","0,000","0,000","0,000","0,000","0,000","0,000","0,000","0,000","0,000","0,000","1,000","21,811","1,000","21,811","1,000","21,811","1,000","21,811","1,000","21,811","2,000","43,622","0,000","0,000","0,000","0,000","0,000","0,000","0,000","0,000","0,000","0,000","0,000","0,000","0,000","0,000","0,000","0,000","1,000","21,811"
SN954,Terminal Taquara - Recreio dos Bandeirantes,Transcarioca,Ida,22.218,"1,000","22,218","1,000","22,218","1,000","22,218","1,000","22,218","0,000","0,000","0,000","0,000","0,000","0,000","0,000","0,000","0,000","0,000","0,000","0,000","0,000","0,000","0,000","0,000","3,000","66,654","1,000","22,218","1,000","22,218","1,000","22,218","1,000","22,218","1,000","22,218","0,000","0,000","0,000","0,000","0,000","0,000","0,000","0,000","0,000","0,000","0,000","0,000","0,000","0,000","0,000","0,000","1,000","22,218","1,000","22,218","1,000","22,218","1,000","22,218","1,000","22,218","1,000","22,218","0,000","0,000","0,000","0,000","0,000","0,000","0,000","0,000","0,000","0,000","0,000","0,000","0,000","0,000","0,000","0,000","1,000","22,218","1,000","22,218","1,000","22,218","1,000","22,218","1,000","22,218","1,000","22,218","0,000","0,000","0,000","0,000","0,000","0,000","0,000","0,000","0,000","0,000","0,000","0,000","0,000","0,000","0,000","0,000","3,000","66,654","1,000","22,218"
SN954,Terminal Taquara - Recreio dos Bandeirantes,Transcarioca,Volta,21.053,"1,000","21,053","1,000","21,053","1,000","21,053","1,000","21,053","1,000","21,053","0,000","0,000","0,000","0,000","0,000","0,000","0,000","0,000","0,000","0,000","0,000","0,000","0,000","0,000","0,000","0,000","1,000","21,053","1,000","21,053","1,000","21,053","1,000","21,053","1,000","21,053","1,000","21,053","0,000","0,000","0,000","0,000","0,000","0,000","0,000","0,000","0,000","0,000","0,000","0,000","0,000","0,000","0,000","0,000","1,000","21,053","1,000","21,053","1,000","21,053","1,000","21,053","1,000","21,053","1,000","21,053","0,000","0,000","0,000","0,000","0,000","0,000","0,000","0,000","0,000","0,000","0,000","0,000","0,000","0,000","0,000","0,000","1,000","21,053","1,000","21,053","1,000","21,053","1,000","21,053","1,000","21,053","1,000","21,053","0,000","0,000","0,000","0,000","0,000","0,000","0,000","0,000","0,000","0,000","0,000","0,000","0,000","0,000","0,000","0,000","1,000","21,053"
SP265,Marechal Hermes - Terminal Gentileza,Internorte,Ida,22.566,"0,000","0,000","0,000","0,000","0,000","0,000","0,000","0,000","1,000","22,566","5,000","112,830","14,000","315,924","11,000","248,226","7,000","157,962","12,000","270,792","8,000","180,528","2,000","45,132","0,000","0,000","0,000","0,000","0,000","0,000","0,000","0,000","0,000","0,000","0,000","0,000","1,000","22,566","2,000","45,132","8,000","180,528","8,000","180,528","9,000","203,094","8,000","180,528","6,000","135,396","1,000","22,566","0,000","0,000","0,000","0,000","0,000","0,000","0,000","0,000","0,000","0,000","0,000","0,000","1,000","22,566","2,000","45,132","7,000","157,962","7,000","157,962","7,000","157,962","6,000","135,396","6,000","135,396","1,000","22,566","0,000","0,000","0,000","0,000","0,000","0,000","0,000","0,000","0,000","0,000","0,000","0,000","1,000","22,566","3,000","67,698","9,000","203,094","7,000","157,962","4,000","90,264","7,000","157,962","5,000","112,830","1,000","22,566","0,000","0,000","0,000","0,000"
SP265,Marechal Hermes - Terminal Gentileza,Internorte,Volta,24.437,"0,000","0,000","0,000","0,000","0,000","0,000","0,000","0,000","0,000","0,000","2,000","48,874","12,000","293,244","9,000","219,933","9,000","219,933","12,000","293,244","9,000","219,933","3,000","73,311","1,000","24,437","0,000","0,000","0,000","0,000","0,000","0,000","0,000","0,000","0,000","0,000","0,000","0,000","1,000","24,437","6,000","146,622","7,000","171,059","8,000","195,496","7,000","171,059","6,000","146,622","2,000","48,874","1,000","24,437","0,000","0,000","0,000","0,000","0,000","0,000","0,000","0,000","0,000","0,000","0,000","0,000","1,000","24,437","6,000","146,622","6,000","146,622","6,000","146,622","7,000","171,059","6,000","146,622","2,000","48,874","1,000","24,437","0,000","0,000","0,000","0,000","0,000","0,000","0,000","0,000","0,000","0,000","0,000","0,000","1,000","24,437","7,000","171,059","6,000","146,622","6,000","146,622","7,000","171,059","6,000","146,622","2,000","48,874","1,000","24,437","0,000","0,000"
SP324,Ribeira - Terminal Fundão,Internorte,Ida,13.348,"0,000","0,000","0,000","0,000","0,000","0,000","0,000","0,000","1,000","13,348","3,000","40,044","17,000","226,916","6,000","80,088","6,000","80,088","12,000","160,176","6,000","80,088","0,000","0,000","0,000","0,000","0,000","0,000","0,000","0,000","0,000","0,000","0,000","0,000","0,000","0,000","0,000","0,000","0,000","0,000","0,000","0,000","0,000","0,000","0,000","0,000","0,000","0,000","0,000","0,000","0,000","0,000","0,000","0,000","0,000","0,000","0,000","0,000","0,000","0,000","0,000","0,000","0,000","0,000","0,000","0,000","0,000","0,000","0,000","0,000","0,000","0,000","0,000","0,000","0,000","0,000","0,000","0,000","0,000","0,000","0,000","0,000","0,000","0,000","0,000","0,000","0,000","0,000","0,000","0,000","0,000","0,000","1,000","13,348","2,000","26,696","11,000","146,828","4,000","53,392","4,000","53,392","7,000","93,436","4,000","53,392","0,000","0,000","0,000","0,000","0,000","0,000"
SP324,Ribeira - Terminal Fundão,Internorte,Volta,12.090,"0,000","0,000","0,000","0,000","0,000","0,000","0,000","0,000","0,000","0,000","2,000","24,180","14,000","169,260","6,000","72,540","6,000","72,540","12,000","145,080","8,000","96,720","0,000","0,000","0,000","0,000","0,000","0,000","0,000","0,000","0,000","0,000","0,000","0,000","0,000","0,000","0,000","0,000","0,000","0,000","0,000","0,000","0,000","0,000","0,000","0,000","0,000","0,000","0,000","0,000","0,000","0,000","0,000","0,000","0,000","0,000","0,000","0,000","0,000","0,000","0,000","0,000","0,000","0,000","0,000","0,000","0,000","0,000","0,000","0,000","0,000","0,000","0,000","0,000","0,000","0,000","0,000","0,000","0,000","0,000","0,000","0,000","0,000","0,000","0,000","0,000","0,000","0,000","0,000","0,000","0,000","0,000","0,000","0,000","1,000","12,090","9,000","108,810","4,000","48,360","4,000","48,360","7,000","84,630","5,000","60,450","0,000","0,000","0,000","0,000","0,000","0,000"
SP328,Bananal - Terminal Fundão,Internorte,Ida,14.158,"0,000","0,000","0,000","0,000","0,000","0,000","0,000","0,000","0,000","0,000","4,000","56,632","12,000","169,896","9,000","127,422","7,000","99,106","12,000","169,896","6,000","84,948","1,000","14,158","1,000","14,158","0,000","0,000","0,000","0,000","0,000","0,000","0,000","0,000","0,000","0,000","0,000","0,000","0,000","0,000","0,000","0,000","0,000","0,000","0,000","0,000","0,000","0,000","0,000","0,000","0,000","0,000","0,000","0,000","0,000","0,000","0,000","0,000","0,000","0,000","0,000","0,000","0,000","0,000","0,000","0,000","0,000","0,000","0,000","0,000","0,000","0,000","0,000","0,000","0,000","0,000","0,000","0,000","0,000","0,000","0,000","0,000","0,000","0,000","0,000","0,000","0,000","0,000","0,000","0,000","0,000","0,000","0,000","0,000","2,000","28,316","7,000","99,106","6,000","84,948","4,000","56,632","7,000","99,106","4,000","56,632","1,000","14,158","1,000","14,158","0,000","0,000"
SP328,Bananal - Terminal Fundão,Internorte,Volta,13.447,"0,000","0,000","0,000","0,000","0,000","0,000","0,000","0,000","0,000","0,000","3,000","40,341","12,000","161,364","8,000","107,576","6,000","80,682","12,000","161,364","6,000","80,682","1,000","13,447","1,000","13,447","1,000","13,447","0,000","0,000","0,000","0,000","0,000","0,000","0,000","0,000","0,000","0,000","0,000","0,000","0,000","0,000","0,000","0,000","0,000","0,000","0,000","0,000","0,000","0,000","0,000","0,000","0,000","0,000","0,000","0,000","0,000","0,000","0,000","0,000","0,000","0,000","0,000","0,000","0,000","0,000","0,000","0,000","0,000","0,000","0,000","0,000","0,000","0,000","0,000","0,000","0,000","0,000","0,000","0,000","0,000","0,000","0,000","0,000","0,000","0,000","0,000","0,000","0,000","0,000","0,000","0,000","0,000","0,000","2,000","26,894","7,000","94,129","5,000","67,235","4,000","53,788","7,000","94,129","4,000","53,788","1,000","13,447","1,000","13,447","1,000","13,447"
SP329,Bancários - Terminal Fundão,Internorte,Ida,11.766,"0,000","0,000","0,000","0,000","0,000","0,000","0,000","0,000","1,000","11,766","1,000","11,766","3,000","35,298","3,000","35,298","3,000","35,298","3,000","35,298","3,000","35,298","1,000","11,766","1,000","11,766","0,000","0,000","0,000","0,000","0,000","0,000","0,000","0,000","0,000","0,000","0,000","0,000","0,000","0,000","0,000","0,000","0,000","0,000","0,000","0,000","0,000","0,000","0,000","0,000","0,000","0,000","0,000","0,000","0,000","0,000","0,000","0,000","0,000","0,000","0,000","0,000","0,000","0,000","0,000","0,000","0,000","0,000","0,000","0,000","0,000","0,000","0,000","0,000","0,000","0,000","0,000","0,000","0,000","0,000","0,000","0,000","0,000","0,000","0,000","0,000","0,000","0,000","0,000","0,000","0,000","0,000","1,000","11,766","1,000","11,766","2,000","23,532","2,000","23,532","2,000","23,532","2,000","23,532","2,000","23,532","1,000","11,766","1,000","11,766","0,000","0,000"
SP329,Bancários - Terminal Fundão,Internorte,Volta,12.227,"0,000","0,000","0,000","0,000","0,000","0,000","0,000","0,000","0,000","0,000","1,000","12,227","3,000","36,681","3,000","36,681","3,000","36,681","3,000","36,681","3,000","36,681","1,000","12,227","1,000","12,227","1,000","12,227","0,000","0,000","0,000","0,000","0,000","0,000","0,000","0,000","0,000","0,000","0,000","0,000","0,000","0,000","0,000","0,000","0,000","0,000","0,000","0,000","0,000","0,000","0,000","0,000","0,000","0,000","0,000","0,000","0,000","0,000","0,000","0,000","0,000","0,000","0,000","0,000","0,000","0,000","0,000","0,000","0,000","0,000","0,000","0,000","0,000","0,000","0,000","0,000","0,000","0,000","0,000","0,000","0,000","0,000","0,000","0,000","0,000","0,000","0,000","0,000","0,000","0,000","0,000","0,000","0,000","0,000","1,000","12,227","2,000","24,454","2,000","24,454","2,000","24,454","2,000","24,454","2,000","24,454","1,000","12,227","1,000","12,227","1,000","12,227"
SP343,Rio das Pedras - Candelária,Transcarioca,Ida,30.156,"0,000","0,000","0,000","0,000","0,000","0,000","0,000","0,000","3,000","90,468","7,000","211,092","12,000","361,872","0,000","0,000","0,000","0,000","0,000","0,000","0,000","0,000","0,000","0,000","0,000","0,000","0,000","0,000","0,000","0,000","0,000","0,000","0,000","0,000","0,000","0,000","2,000","60,312","3,000","90,468","5,000","150,780","0,000","0,000","0,000","0,000","0,000","0,000","0,000","0,000","0,000","0,000","0,000","0,000","0,000","0,000","0,000","0,000","0,000","0,000","0,000","0,000","0,000","0,000","1,000","30,156","2,000","60,312","4,000","120,624","0,000","0,000","0,000","0,000","0,000","0,000","0,000","0,000","0,000","0,000","0,000","0,000","0,000","0,000","0,000","0,000","0,000","0,000","0,000","0,000","0,000","0,000","2,000","60,312","4,000","120,624","7,000","211,092","0,000","0,000","0,000","0,000","0,000","0,000","0,000","0,000","0,000","0,000","0,000","0,000","0,000","0,000"
SP389,Vila Aliança - Terminal Deodoro,Santa Cruz,Ida,16.818,"0,000","0,000","0,000","0,000","0,000","0,000","0,000","0,000","1,000","16,818","1,000","16,818","0,000","0,000","0,000","0,000","0,000","0,000","0,000","0,000","0,000","0,000","0,000","0,000","0,000","0,000","0,000","0,000","0,000","0,000","0,000","0,000","0,000","0,000","0,000","0,000","0,000","0,000","0,000","0,000","0,000","0,000","0,000","0,000","0,000","0,000","0,000","0,000","0,000","0,000","0,000","0,000","0,000","0,000","0,000","0,000","0,000","0,000","0,000","0,000","0,000","0,000","0,000","0,000","0,000","0,000","0,000","0,000","0,000","0,000","0,000","0,000","0,000","0,000","0,000","0,000","0,000","0,000","0,000","0,000","0,000","0,000","0,000","0,000","0,000","0,000","0,000","0,000","0,000","0,000","0,000","0,000","1,000","16,818","1,000","16,818","0,000","0,000","0,000","0,000","0,000","0,000","0,000","0,000","0,000","0,000","0,000","0,000","0,000","0,000","0,000","0,000"
SP389,Vila Aliança - Terminal Deodoro,Santa Cruz,Volta,18.972,"0,000","0,000","0,000","0,000","0,000","0,000","0,000","0,000","0,000","0,000","1,000","18,972","0,000","0,000","0,000","0,000","0,000","0,000","0,000","0,000","0,000","0,000","0,000","0,000","0,000","0,000","0,000","0,000","0,000","0,000","0,000","0,000","0,000","0,000","0,000","0,000","0,000","0,000","0,000","0,000","0,000","0,000","0,000","0,000","0,000","0,000","0,000","0,000","0,000","0,000","0,000","0,000","0,000","0,000","0,000","0,000","0,000","0,000","0,000","0,000","0,000","0,000","0,000","0,000","0,000","0,000","0,000","0,000","0,000","0,000","0,000","0,000","0,000","0,000","0,000","0,000","0,000","0,000","0,000","0,000","0,000","0,000","0,000","0,000","0,000","0,000","0,000","0,000","0,000","0,000","0,000","0,000","0,000","0,000","1,000","18,972","0,000","0,000","0,000","0,000","0,000","0,000","0,000","0,000","0,000","0,000","0,000","0,000","0,000","0,000","0,000","0,000"
SP404,Caju - Leblon,Internorte,Ida,18.864,"0,000","0,000","0,000","0,000","0,000","0,000","0,000","0,000","0,000","0,000","1,000","18,864","10,000","188,640","0,000","0,000","0,000","0,000","0,000","0,000","0,000","0,000","0,000","0,000","0,000","0,000","0,000","0,000","0,000","0,000","0,000","0,000","0,000","0,000","0,000","0,000","0,000","0,000","0,000","0,000","4,000","75,456","0,000","0,000","0,000","0,000","0,000","0,000","0,000","0,000","0,000","0,000","0,000","0,000","0,000","0,000","0,000","0,000","0,000","0,000","0,000","0,000","0,000","0,000","0,000","0,000","0,000","0,000","0,000","0,000","0,000","0,000","0,000","0,000","0,000","0,000","0,000","0,000","0,000","0,000","0,000","0,000","0,000","0,000","0,000","0,000","0,000","0,000","0,000","0,000","0,000","0,000","0,000","0,000","1,000","18,864","6,000","113,184","0,000","0,000","0,000","0,000","0,000","0,000","0,000","0,000","0,000","0,000","0,000","0,000","0,000","0,000"
SP485,Cidade Nova - Fundão,Internorte,Ida,19.548,"0,000","0,000","0,000","0,000","0,000","0,000","0,000","0,000","0,000","0,000","0,000","0,000","3,000","58,644","0,000","0,000","0,000","0,000","0,000","0,000","0,000","0,000","0,000","0,000","0,000","0,000","0,000","0,000","0,000","0,000","0,000","0,000","0,000","0,000","0,000","0,000","0,000","0,000","0,000","0,000","0,000","0,000","0,000","0,000","0,000","0,000","0,000","0,000","0,000","0,000","0,000","0,000","0,000","0,000","0,000","0,000","0,000","0,000","0,000","0,000","0,000","0,000","0,000","0,000","0,000","0,000","0,000","0,000","0,000","0,000","0,000","0,000","0,000","0,000","0,000","0,000","0,000","0,000","0,000","0,000","0,000","0,000","0,000","0,000","0,000","0,000","0,000","0,000","0,000","0,000","0,000","0,000","0,000","0,000","0,000","0,000","2,000","39,096","0,000","0,000","0,000","0,000","0,000","0,000","0,000","0,000","0,000","0,000","0,000","0,000","0,000","0,000"
SP635,Terminal Fundão - Saens Peña,Internorte,Ida,18.979,"0,000","0,000","0,000","0,000","0,000","0,000","0,000","0,000","0,000","0,000","0,000","0,000","2,000","37,958","3,000","56,937","3,000","56,937","3,000","56,937","1,000","18,979","0,000","0,000","0,000","0,000","0,000","0,000","0,000","0,000","0,000","0,000","0,000","0,000","0,000","0,000","0,000","0,000","0,000","0,000","0,000","0,000","0,000","0,000","0,000","0,000","0,000","0,000","0,000","0,000","0,000","0,000","0,000","0,000","0,000","0,000","0,000","0,000","0,000","0,000","0,000","0,000","0,000","0,000","0,000","0,000","0,000","0,000","0,000","0,000","0,000","0,000","0,000","0,000","0,000","0,000","0,000","0,000","0,000","0,000","0,000","0,000","0,000","0,000","0,000","0,000","0,000","0,000","0,000","0,000","0,000","0,000","0,000","0,000","0,000","0,000","1,000","18,979","2,000","37,958","2,000","37,958","2,000","37,958","1,000","18,979","0,000","0,000","0,000","0,000","0,000","0,000"
SP635,Terminal Fundão - Saens Peña,Internorte,Volta,21.138,"0,000","0,000","0,000","0,000","0,000","0,000","0,000","0,000","0,000","0,000","0,000","0,000","2,000","42,276","3,000","63,414","3,000","63,414","3,000","63,414","1,000","21,138","0,000","0,000","0,000","0,000","0,000","0,000","0,000","0,000","0,000","0,000","0,000","0,000","0,000","0,000","0,000","0,000","0,000","0,000","0,000","0,000","0,000","0,000","0,000","0,000","0,000","0,000","0,000","0,000","0,000","0,000","0,000","0,000","0,000","0,000","0,000","0,000","0,000","0,000","0,000","0,000","0,000","0,000","0,000","0,000","0,000","0,000","0,000","0,000","0,000","0,000","0,000","0,000","0,000","0,000","0,000","0,000","0,000","0,000","0,000","0,000","0,000","0,000","0,000","0,000","0,000","0,000","0,000","0,000","0,000","0,000","0,000","0,000","0,000","0,000","1,000","21,138","2,000","42,276","2,000","42,276","2,000","42,276","1,000","21,138","0,000","0,000","0,000","0,000","0,000","0,000"
SP759,Cesarão - Terminal Deodoro,Santa Cruz,Ida,40.479,"1,000","40,479","1,000","40,479","0,000","0,000","3,000","121,437","6,000","242,874","10,000","404,790","14,000","566,706","6,000","242,874","7,000","283,353","14,000","566,706","9,000","364,311","1,000","40,479","1,000","40,479","1,000","40,479","1,000","40,479","1,000","40,479","0,000","0,000","1,000","40,479","2,000","80,958","3,000","121,437","9,000","364,311","7,000","283,353","9,000","364,311","7,000","283,353","6,000","242,874","1,000","40,479","1,000","40,479","1,000","40,479","1,000","40,479","1,000","40,479","0,000","0,000","1,000","40,479","1,000","40,479","2,000","80,958","6,000","242,874","6,000","242,874","6,000","242,874","7,000","283,353","5,000","202,395","1,000","40,479","1,000","40,479","1,000","40,479","1,000","40,479","1,000","40,479","0,000","0,000","2,000","80,958","4,000","161,916","6,000","242,874","9,000","364,311","4,000","161,916","4,000","161,916","9,000","364,311","6,000","242,874","1,000","40,479","1,000","40,479","1,000","40,479"
SP759,Cesarão - Terminal Deodoro,Santa Cruz,Volta,42.145,"1,000","42,145","1,000","42,145","0,000","0,000","1,000","42,145","2,000","84,290","5,000","210,725","12,000","505,740","6,000","252,870","7,000","295,015","15,000","632,175","11,000","463,595","3,000","126,435","2,000","84,290","1,000","42,145","2,000","84,290","1,000","42,145","0,000","0,000","1,000","42,145","1,000","42,145","2,000","84,290","7,000","295,015","7,000","295,015","9,000","379,305","9,000","379,305","7,000","295,015","2,000","84,290","2,000","84,290","1,000","42,145","1,000","42,145","1,000","42,145","0,000","0,000","1,000","42,145","1,000","42,145","1,000","42,145","5,000","210,725","6,000","252,870","5,000","210,725","6,000","252,870","7,000","295,015","2,000","84,290","2,000","84,290","1,000","42,145","1,000","42,145","1,000","42,145","0,000","0,000","1,000","42,145","1,000","42,145","3,000","126,435","7,000","295,015","4,000","168,580","4,000","168,580","9,000","379,305","7,000","295,015","2,000","84,290","1,000","42,145","1,000","42,145"
SP766,Três Rios - Madureira,Transcarioca,Ida,13.758,"0,000","0,000","0,000","0,000","0,000","0,000","0,000","0,000","0,000","0,000","0,000","0,000","0,000","0,000","0,000","0,000","0,000","0,000","0,000","0,000","0,000","0,000","0,000","0,000","1,000","13,758","0,000","0,000","0,000","0,000","0,000","0,000","0,000","0,000","0,000","0,000","0,000","0,000","0,000","0,000","0,000","0,000","0,000","0,000","0,000","0,000","0,000","0,000","0,000","0,000","0,000","0,000","0,000","0,000","0,000","0,000","0,000","0,000","0,000","0,000","0,000","0,000","0,000","0,000","0,000","0,000","0,000","0,000","0,000","0,000","0,000","0,000","0,000","0,000","0,000","0,000","0,000","0,000","0,000","0,000","0,000","0,000","0,000","0,000","0,000","0,000","0,000","0,000","0,000","0,000","0,000","0,000","0,000","0,000","0,000","0,000","0,000","0,000","0,000","0,000","0,000","0,000","0,000","0,000","0,000","0,000","0,000","0,000","1,000","13,758","0,000","0,000"
SP795,Pavuna - Terminal Deodoro,Internorte,Ida,15.578,"1,000","15,578","0,000","0,000","0,000","0,000","0,000","0,000","1,000","15,578","2,000","31,156","8,000","124,624","3,000","46,734","4,000","62,312","3,000","46,734","3,000","46,734","1,000","15,578","1,000","15,578","1,000","15,578","0,000","0,000","1,000","15,578","0,000","0,000","1,000","15,578","1,000","15,578","1,000","15,578","3,000","46,734","3,000","46,734","3,000","46,734","3,000","46,734","3,000","46,734","1,000","15,578","1,000","15,578","0,000","0,000","0,000","0,000","0,000","0,000","0,000","0,000","0,000","0,000","1,000","15,578","1,000","15,578","3,000","46,734","3,000","46,734","3,000","46,734","3,000","46,734","3,000","46,734","1,000","15,578","1,000","15,578","0,000","0,000","1,000","15,578","0,000","0,000","0,000","0,000","0,000","0,000","1,000","15,578","1,000","15,578","5,000","77,890","2,000","31,156","2,000","31,156","2,000","31,156","2,000","31,156","1,000","15,578","1,000","15,578","1,000","15,578"
SP795,Pavuna - Terminal Deodoro,Internorte,Volta,17.467,"1,000","17,467","0,000","0,000","0,000","0,000","0,000","0,000","1,000","17,467","1,000","17,467","6,000","104,802","5,000","87,335","4,000","69,868","6,000","104,802","6,000","104,802","1,000","17,467","1,000","17,467","1,000","17,467","1,000","17,467","1,000","17,467","0,000","0,000","1,000","17,467","1,000","17,467","1,000","17,467","3,000","52,401","4,000","69,868","3,000","52,401","3,000","52,401","3,000","52,401","1,000","17,467","1,000","17,467","0,000","0,000","0,000","0,000","0,000","0,000","0,000","0,000","0,000","0,000","1,000","17,467","1,000","17,467","3,000","52,401","3,000","52,401","3,000","52,401","3,000","52,401","3,000","52,401","1,000","17,467","1,000","17,467","1,000","17,467","1,000","17,467","0,000","0,000","0,000","0,000","0,000","0,000","1,000","17,467","1,000","17,467","4,000","69,868","3,000","52,401","2,000","34,934","4,000","69,868","4,000","69,868","1,000","17,467","1,000","17,467","1,000","17,467"
SP801,Bangu - Terminal Sulacap,Santa Cruz,Ida,13.540,"0,000","0,000","0,000","0,000","0,000","0,000","0,000","0,000","0,000","0,000","0,000","0,000","0,000","0,000","0,000","0,000","0,000","0,000","2,000","27,080","1,000","13,540","0,000","0,000","0,000","0,000","0,000","0,000","0,000","0,000","0,000","0,000","0,000","0,000","0,000","0,000","0,000","0,000","0,000","0,000","0,000","0,000","0,000","0,000","0,000","0,000","0,000","0,000","0,000","0,000","0,000","0,000","0,000","0,000","0,000","0,000","0,000","0,000","0,000","0,000","0,000","0,000","0,000","0,000","0,000","0,000","0,000","0,000","0,000","0,000","0,000","0,000","0,000","0,000","0,000","0,000","0,000","0,000","0,000","0,000","0,000","0,000","0,000","0,000","0,000","0,000","0,000","0,000","0,000","0,000","0,000","0,000","0,000","0,000","0,000","0,000","0,000","0,000","0,000","0,000","0,000","0,000","1,000","13,540","1,000","13,540","0,000","0,000","0,000","0,000","0,000","0,000"
SP801,Bangu - Terminal Sulacap,Santa Cruz,Volta,14.512,"0,000","0,000","0,000","0,000","0,000","0,000","0,000","0,000","0,000","0,000","0,000","0,000","0,000","0,000","0,000","0,000","0,000","0,000","4,000","58,048","6,000","87,072","0,000","0,000","0,000","0,000","0,000","0,000","0,000","0,000","0,000","0,000","0,000","0,000","0,000","0,000","0,000","0,000","0,000","0,000","0,000","0,000","0,000","0,000","0,000","0,000","0,000","0,000","0,000","0,000","0,000","0,000","0,000","0,000","0,000","0,000","0,000","0,000","0,000","0,000","0,000","0,000","0,000","0,000","0,000","0,000","0,000","0,000","0,000","0,000","0,000","0,000","0,000","0,000","0,000","0,000","0,000","0,000","0,000","0,000","0,000","0,000","0,000","0,000","0,000","0,000","0,000","0,000","0,000","0,000","0,000","0,000","0,000","0,000","0,000","0,000","0,000","0,000","0,000","0,000","0,000","0,000","2,000","29,024","4,000","58,048","0,000","0,000","0,000","0,000","0,000","0,000"
SP803,Jabour - Terminal Sulacap,Santa Cruz,Ida,11.017,"0,000","0,000","0,000","0,000","0,000","0,000","0,000","0,000","0,000","0,000","0,000","0,000","0,000","0,000","0,000","0,000","3,000","33,051","3,000","33,051","7,000","77,119","1,000","11,017","1,000","11,017","0,000","0,000","0,000","0,000","0,000","0,000","0,000","0,000","0,000","0,000","0,000","0,000","0,000","0,000","0,000","0,000","0,000","0,000","0,000","0,000","3,000","33,051","3,000","33,051","1,000","11,017","1,000","11,017","0,000","0,000","0,000","0,000","0,000","0,000","0,000","0,000","0,000","0,000","0,000","0,000","0,000","0,000","0,000","0,000","0,000","0,000","0,000","0,000","0,000","0,000","0,000","0,000","0,000","0,000","0,000","0,000","0,000","0,000","0,000","0,000","0,000","0,000","0,000","0,000","0,000","0,000","0,000","0,000","0,000","0,000","0,000","0,000","0,000","0,000","2,000","22,034","2,000","22,034","4,000","44,068","1,000","11,017","1,000","11,017","0,000","0,000"
SP803,Jabour - Terminal Sulacap,Santa Cruz,Volta,10.465,"0,000","0,000","0,000","0,000","0,000","0,000","0,000","0,000","0,000","0,000","0,000","0,000","0,000","0,000","0,000","0,000","3,000","31,395","6,000","62,790","8,000","83,720","2,000","20,930","1,000","10,465","1,000","10,465","0,000","0,000","0,000","0,000","0,000","0,000","0,000","0,000","0,000","0,000","0,000","0,000","0,000","0,000","0,000","0,000","0,000","0,000","4,000","41,860","6,000","62,790","1,000","10,465","1,000","10,465","1,000","10,465","0,000","0,000","0,000","0,000","0,000","0,000","0,000","0,000","0,000","0,000","0,000","0,000","0,000","0,000","0,000","0,000","0,000","0,000","0,000","0,000","0,000","0,000","0,000","0,000","0,000","0,000","0,000","0,000","0,000","0,000","0,000","0,000","0,000","0,000","0,000","0,000","0,000","0,000","0,000","0,000","0,000","0,000","0,000","0,000","2,000","20,930","4,000","41,860","5,000","52,325","1,000","10,465","1,000","10,465","1,000","10,465"
SP805,Terminal Alvorada - Passarela da Barra,Transcarioca,Circular,20.479,"0,000","0,000","0,000","0,000","0,000","0,000","0,000","0,000","1,000","20,479","7,000","143,353","40,000","819,160","14,000","286,706","14,000","286,706","27,000","552,933","12,000","245,748","0,000","0,000","0,000","0,000","0,000","0,000","0,000","0,000","0,000","0,000","0,000","0,000","0,000","0,000","0,000","0,000","4,000","81,916","24,000","491,496","13,000","266,227","10,000","204,790","12,000","245,748","8,000","163,832","0,000","0,000","0,000","0,000","0,000","0,000","0,000","0,000","0,000","0,000","0,000","0,000","0,000","0,000","0,000","0,000","4,000","81,916","19,000","389,101","10,000","204,790","8,000","163,832","9,000","184,311","1,000","20,479","0,000","0,000","0,000","0,000","0,000","0,000","0,000","0,000","0,000","0,000","0,000","0,000","0,000","0,000","1,000","20,479","4,000","81,916","25,000","511,975","9,000","184,311","9,000","184,311","17,000","348,143","7,000","143,353","0,000","0,000","0,000","0,000","0,000","0,000"
SP810,Terminal Taquara - Vargem Grande,Transcarioca,Ida,19.889,"0,000","0,000","0,000","0,000","0,000","0,000","0,000","0,000","1,000","19,889","2,000","39,778","9,000","179,001","6,000","119,334","7,000","139,223","7,000","139,223","7,000","139,223","1,000","19,889","1,000","19,889","0,000","0,000","0,000","0,000","0,000","0,000","0,000","0,000","0,000","0,000","1,000","19,889","2,000","39,778","6,000","119,334","5,000","99,445","5,000","99,445","3,000","59,667","4,000","79,556","1,000","19,889","0,000","0,000","0,000","0,000","0,000","0,000","0,000","0,000","0,000","0,000","0,000","0,000","0,000","0,000","0,000","0,000","0,000","0,000","0,000","0,000","0,000","0,000","0,000","0,000","0,000","0,000","0,000","0,000","0,000","0,000","0,000","0,000","0,000","0,000","0,000","0,000","0,000","0,000","0,000","0,000","1,000","19,889","1,000","19,889","6,000","119,334","4,000","79,556","4,000","79,556","4,000","79,556","4,000","79,556","1,000","19,889","1,000","19,889","0,000","0,000"
SP810,Terminal Taquara - Vargem Grande,Transcarioca,Volta,20.658,"0,000","0,000","0,000","0,000","0,000","0,000","0,000","0,000","0,000","0,000","2,000","41,316","8,000","165,264","5,000","103,290","6,000","123,948","8,000","165,264","4,000","82,632","1,000","20,658","1,000","20,658","0,000","0,000","0,000","0,000","0,000","0,000","0,000","0,000","0,000","0,000","1,000","20,658","1,000","20,658","4,000","82,632","5,000","103,290","3,000","61,974","4,000","82,632","3,000","61,974","1,000","20,658","1,000","20,658","0,000","0,000","0,000","0,000","0,000","0,000","0,000","0,000","0,000","0,000","0,000","0,000","0,000","0,000","0,000","0,000","0,000","0,000","0,000","0,000","0,000","0,000","0,000","0,000","0,000","0,000","0,000","0,000","0,000","0,000","0,000","0,000","0,000","0,000","0,000","0,000","0,000","0,000","0,000","0,000","1,000","20,658","5,000","103,290","3,000","61,974","4,000","82,632","5,000","103,290","2,000","41,316","1,000","20,658","1,000","20,658","0,000","0,000"
SP864,Terminal Campo Grande - Bangu,Santa Cruz,Ida,11.243,"7,000","78,701","1,000","11,243","0,000","0,000","2,000","22,486","6,000","67,458","15,000","168,645","45,000","505,935","45,000","505,935","45,000","505,935","45,000","505,935","45,000","505,935","12,000","134,916","10,000","112,430","8,000","89,944","4,000","44,972","1,000","11,243","0,000","0,000","2,000","22,486","6,000","67,458","12,000","134,916","36,000","404,748","36,000","404,748","36,000","404,748","36,000","404,748","36,000","404,748","10,000","112,430","7,000","78,701","6,000","67,458","2,000","22,486","1,000","11,243","0,000","0,000","2,000","22,486","4,000","44,972","8,000","89,944","22,000","247,346","23,000","258,589","22,000","247,346","23,000","258,589","22,000","247,346","6,000","67,458","4,000","44,972","4,000","44,972","4,000","44,972","1,000","11,243","0,000","0,000","1,000","11,243","4,000","44,972","9,000","101,187","28,000","314,804","28,000","314,804","28,000","314,804","28,000","314,804","28,000","314,804","7,000","78,701","6,000","67,458","5,000","56,215"
SP864,Terminal Campo Grande - Bangu,Santa Cruz,Volta,11.354,"8,000","90,832","4,000","45,416","0,000","0,000","0,000","0,000","5,000","56,770","11,000","124,894","45,000","510,930","45,000","510,930","45,000","510,930","45,000","510,930","45,000","510,930","13,000","147,602","11,000","124,894","9,000","102,186","6,000","68,124","2,000","22,708","0,000","0,000","0,000","0,000","5,000","56,770","9,000","102,186","36,000","408,744","36,000","408,744","36,000","408,744","36,000","408,744","36,000","408,744","11,000","124,894","9,000","102,186","6,000","68,124","3,000","34,062","2,000","22,708","0,000","0,000","0,000","0,000","4,000","45,416","6,000","68,124","23,000","261,142","22,000","249,788","23,000","261,142","22,000","249,788","23,000","261,142","6,000","68,124","5,000","56,770","4,000","45,416","5,000","56,770","2,000","22,708","0,000","0,000","0,000","0,000","3,000","34,062","7,000","79,478","28,000","317,912","28,000","317,912","28,000","317,912","28,000","317,912","28,000","317,912","8,000","90,832","7,000","79,478","6,000","68,124"
SP918,Jardim Violeta - Terminal Deodoro,Santa Cruz,Ida,14.520,"0,000","0,000","0,000","0,000","0,000","0,000","1,000","14,520","3,000","43,560","5,000","72,600","16,000","232,320","11,000","159,720","11,000","159,720","12,000","174,240","10,000","145,200","1,000","14,520","1,000","14,520","1,000","14,520","0,000","0,000","0,000","0,000","0,000","0,000","1,000","14,520","1,000","14,520","2,000","29,040","6,000","87,120","6,000","87,120","6,000","87,120","6,000","87,120","3,000","43,560","1,000","14,520","1,000","14,520","1,000","14,520","0,000","0,000","0,000","0,000","0,000","0,000","0,000","0,000","1,000","14,520","1,000","14,520","5,000","72,600","6,000","87,120","4,000","58,080","5,000","72,600","3,000","43,560","1,000","14,520","1,000","14,520","1,000","14,520","0,000","0,000","0,000","0,000","0,000","0,000","1,000","14,520","2,000","29,040","3,000","43,560","10,000","145,200","7,000","101,640","7,000","101,640","7,000","101,640","6,000","87,120","1,000","14,520","1,000","14,520","1,000","14,520"
SP918,Jardim Violeta - Terminal Deodoro,Santa Cruz,Volta,17.252,"1,000","17,252","0,000","0,000","0,000","0,000","1,000","17,252","1,000","17,252","1,000","17,252","13,000","224,276","10,000","172,520","11,000","189,772","15,000","258,780","12,000","207,024","2,000","34,504","2,000","34,504","1,000","17,252","0,000","0,000","0,000","0,000","0,000","0,000","0,000","0,000","1,000","17,252","1,000","17,252","5,000","86,260","6,000","103,512","6,000","103,512","6,000","103,512","6,000","103,512","1,000","17,252","1,000","17,252","1,000","17,252","1,000","17,252","0,000","0,000","0,000","0,000","0,000","0,000","1,000","17,252","1,000","17,252","3,000","51,756","3,000","51,756","4,000","69,008","4,000","69,008","4,000","69,008","1,000","17,252","1,000","17,252","1,000","17,252","1,000","17,252","0,000","0,000","0,000","0,000","1,000","17,252","1,000","17,252","1,000","17,252","8,000","138,016","6,000","103,512","7,000","120,764","9,000","155,268","7,000","120,764","1,000","17,252","1,000","17,252","1,000","17,252"
SPA483,Fiocruz - General Osório,Internorte,Ida,21.831,"0,000","0,000","0,000","0,000","0,000","0,000","0,000","0,000","0,000","0,000","0,000","0,000","14,000","305,634","3,000","65,493","0,000","0,000","0,000","0,000","0,000","0,000","0,000","0,000","0,000","0,000","0,000","0,000","0,000","0,000","0,000","0,000","0,000","0,000","0,000","0,000","0,000","0,000","0,000","0,000","5,000","109,155","0,000","0,000","0,000","0,000","0,000","0,000","0,000","0,000","0,000","0,000","0,000","0,000","0,000","0,000","0,000","0,000","0,000","0,000","0,000","0,000","0,000","0,000","0,000","0,000","0,000","0,000","0,000","0,000","0,000","0,000","0,000","0,000","0,000","0,000","0,000","0,000","0,000","0,000","0,000","0,000","0,000","0,000","0,000","0,000","0,000","0,000","0,000","0,000","0,000","0,000","0,000","0,000","0,000","0,000","9,000","196,479","2,000","43,662","0,000","0,000","0,000","0,000","0,000","0,000","0,000","0,000","0,000","0,000","0,000","0,000"
SPA550,Cidade de Deus - Rocinha,Transcarioca,Ida,26.537,"0,000","0,000","0,000","0,000","0,000","0,000","0,000","0,000","0,000","0,000","0,000","0,000","0,000","0,000","0,000","0,000","0,000","0,000","9,000","238,833","2,000","53,074","0,000","0,000","0,000","0,000","0,000","0,000","0,000","0,000","0,000","0,000","0,000","0,000","0,000","0,000","0,000","0,000","0,000","0,000","0,000","0,000","0,000","0,000","0,000","0,000","0,000","0,000","0,000","0,000","0,000","0,000","0,000","0,000","0,000","0,000","0,000","0,000","0,000","0,000","0,000","0,000","0,000","0,000","0,000","0,000","0,000","0,000","0,000","0,000","0,000","0,000","0,000","0,000","0,000","0,000","0,000","0,000","0,000","0,000","0,000","0,000","0,000","0,000","0,000","0,000","0,000","0,000","0,000","0,000","0,000","0,000","0,000","0,000","0,000","0,000","0,000","0,000","0,000","0,000","0,000","0,000","6,000","159,222","1,000","26,537","0,000","0,000","0,000","0,000","0,000","0,000"
SPA550,Cidade de Deus - Rocinha,Transcarioca,Volta,24.146,"0,000","0,000","0,000","0,000","0,000","0,000","0,000","0,000","0,000","0,000","0,000","0,000","0,000","0,000","0,000","0,000","0,000","0,000","5,000","120,730","6,000","144,876","0,000","0,000","0,000","0,000","0,000","0,000","0,000","0,000","0,000","0,000","0,000","0,000","0,000","0,000","0,000","0,000","0,000","0,000","0,000","0,000","0,000","0,000","0,000","0,000","0,000","0,000","0,000","0,000","0,000","0,000","0,000","0,000","0,000","0,000","0,000","0,000","0,000","0,000","0,000","0,000","0,000","0,000","0,000","0,000","0,000","0,000","0,000","0,000","0,000","0,000","0,000","0,000","0,000","0,000","0,000","0,000","0,000","0,000","0,000","0,000","0,000","0,000","0,000","0,000","0,000","0,000","0,000","0,000","0,000","0,000","0,000","0,000","0,000","0,000","0,000","0,000","0,000","0,000","0,000","0,000","3,000","72,438","4,000","96,584","0,000","0,000","0,000","0,000","0,000","0,000"
SPA613,Riocentro - Del Castilho,Transcarioca,Ida,23.983,"0,000","0,000","0,000","0,000","0,000","0,000","0,000","0,000","0,000","0,000","0,000","0,000","3,000","71,949","0,000","0,000","0,000","0,000","9,000","215,847","4,000","95,932","0,000","0,000","0,000","0,000","0,000","0,000","0,000","0,000","0,000","0,000","0,000","0,000","0,000","0,000","0,000","0,000","0,000","0,000","0,000","0,000","0,000","0,000","0,000","0,000","0,000","0,000","0,000","0,000","0,000","0,000","0,000","0,000","0,000","0,000","0,000","0,000","0,000","0,000","0,000","0,000","0,000","0,000","0,000","0,000","0,000","0,000","0,000","0,000","0,000","0,000","0,000","0,000","0,000","0,000","0,000","0,000","0,000","0,000","0,000","0,000","0,000","0,000","0,000","0,000","0,000","0,000","0,000","0,000","0,000","0,000","0,000","0,000","0,000","0,000","2,000","47,966","0,000","0,000","0,000","0,000","6,000","143,898","2,000","47,966","0,000","0,000","0,000","0,000","0,000","0,000"
SPA613,Riocentro - Del Castilho,Transcarioca,Volta,24.256,"0,000","0,000","0,000","0,000","0,000","0,000","0,000","0,000","0,000","0,000","0,000","0,000","4,000","97,024","0,000","0,000","0,000","0,000","8,000","194,048","3,000","72,768","0,000","0,000","0,000","0,000","0,000","0,000","0,000","0,000","0,000","0,000","0,000","0,000","0,000","0,000","0,000","0,000","0,000","0,000","0,000","0,000","0,000","0,000","0,000","0,000","0,000","0,000","0,000","0,000","0,000","0,000","0,000","0,000","0,000","0,000","0,000","0,000","0,000","0,000","0,000","0,000","0,000","0,000","0,000","0,000","0,000","0,000","0,000","0,000","0,000","0,000","0,000","0,000","0,000","0,000","0,000","0,000","0,000","0,000","0,000","0,000","0,000","0,000","0,000","0,000","0,000","0,000","0,000","0,000","0,000","0,000","0,000","0,000","0,000","0,000","2,000","48,512","0,000","0,000","0,000","0,000","5,000","121,280","2,000","48,512","0,000","0,000","0,000","0,000","0,000","0,000"
SPB326,Bancários - Terminal Fundão,Internorte,Ida,12.642,"0,000","0,000","0,000","0,000","0,000","0,000","0,000","0,000","1,000","12,642","3,000","37,926","14,000","176,988","15,000","189,630","15,000","189,630","15,000","189,630","8,000","101,136","0,000","0,000","0,000","0,000","0,000","0,000","0,000","0,000","0,000","0,000","0,000","0,000","0,000","0,000","0,000","0,000","0,000","0,000","0,000","0,000","0,000","0,000","0,000","0,000","0,000","0,000","0,000","0,000","0,000","0,000","0,000","0,000","0,000","0,000","0,000","0,000","0,000","0,000","0,000","0,000","0,000","0,000","0,000","0,000","0,000","0,000","0,000","0,000","0,000","0,000","0,000","0,000","0,000","0,000","0,000","0,000","0,000","0,000","0,000","0,000","0,000","0,000","0,000","0,000","0,000","0,000","0,000","0,000","0,000","0,000","1,000","12,642","2,000","25,284","9,000","113,778","9,000","113,778","9,000","113,778","9,000","113,778","5,000","63,210","0,000","0,000","0,000","0,000","0,000","0,000"
SPB326,Bancários - Terminal Fundão,Internorte,Volta,11.291,"0,000","0,000","0,000","0,000","0,000","0,000","0,000","0,000","0,000","0,000","1,000","11,291","12,000","135,492","12,000","135,492","12,000","135,492","18,000","203,238","9,000","101,619","1,000","11,291","0,000","0,000","0,000","0,000","0,000","0,000","0,000","0,000","0,000","0,000","0,000","0,000","0,000","0,000","0,000","0,000","0,000","0,000","0,000","0,000","0,000","0,000","0,000","0,000","0,000","0,000","0,000","0,000","0,000","0,000","0,000","0,000","0,000","0,000","0,000","0,000","0,000","0,000","0,000","0,000","0,000","0,000","0,000","0,000","0,000","0,000","0,000","0,000","0,000","0,000","0,000","0,000","0,000","0,000","0,000","0,000","0,000","0,000","0,000","0,000","0,000","0,000","0,000","0,000","0,000","0,000","0,000","0,000","0,000","0,000","1,000","11,291","7,000","79,037","7,000","79,037","7,000","79,037","11,000","124,201","6,000","67,746","1,000","11,291","0,000","0,000","0,000","0,000"
SPB483,Parque União - General Osório,Internorte,Ida,26.395,"0,000","0,000","0,000","0,000","0,000","0,000","0,000","0,000","0,000","0,000","1,000","26,395","8,000","211,160","2,000","52,790","0,000","0,000","0,000","0,000","0,000","0,000","0,000","0,000","0,000","0,000","0,000","0,000","0,000","0,000","0,000","0,000","0,000","0,000","0,000","0,000","0,000","0,000","0,000","0,000","5,000","131,975","0,000","0,000","0,000","0,000","0,000","0,000","0,000","0,000","0,000","0,000","0,000","0,000","0,000","0,000","0,000","0,000","0,000","0,000","0,000","0,000","0,000","0,000","0,000","0,000","0,000","0,000","0,000","0,000","0,000","0,000","0,000","0,000","0,000","0,000","0,000","0,000","0,000","0,000","0,000","0,000","0,000","0,000","0,000","0,000","0,000","0,000","0,000","0,000","0,000","0,000","0,000","0,000","1,000","26,395","5,000","131,975","1,000","26,395","0,000","0,000","0,000","0,000","0,000","0,000","0,000","0,000","0,000","0,000","0,000","0,000"
SPB550,Tijuquinha - Gávea,Transcarioca,Ida,15.734,"0,000","0,000","0,000","0,000","0,000","0,000","0,000","0,000","0,000","0,000","1,000","15,734","4,000","62,936","0,000","0,000","0,000","0,000","0,000","0,000","0,000","0,000","0,000","0,000","0,000","0,000","0,000","0,000","0,000","0,000","0,000","0,000","0,000","0,000","0,000","0,000","0,000","0,000","0,000","0,000","0,000","0,000","0,000","0,000","0,000","0,000","0,000","0,000","0,000","0,000","0,000","0,000","0,000","0,000","0,000","0,000","0,000","0,000","0,000","0,000","0,000","0,000","0,000","0,000","0,000","0,000","0,000","0,000","0,000","0,000","0,000","0,000","0,000","0,000","0,000","0,000","0,000","0,000","0,000","0,000","0,000","0,000","0,000","0,000","0,000","0,000","0,000","0,000","0,000","0,000","0,000","0,000","0,000","0,000","1,000","15,734","2,000","31,468","0,000","0,000","0,000","0,000","0,000","0,000","0,000","0,000","0,000","0,000","0,000","0,000","0,000","0,000"
SPB550,Tijuquinha - Gávea,Transcarioca,Volta,13.523,"0,000","0,000","0,000","0,000","0,000","0,000","0,000","0,000","0,000","0,000","2,000","27,046","3,000","40,569","0,000","0,000","0,000","0,000","0,000","0,000","0,000","0,000","0,000","0,000","0,000","0,000","0,000","0,000","0,000","0,000","0,000","0,000","0,000","0,000","0,000","0,000","0,000","0,000","0,000","0,000","0,000","0,000","0,000","0,000","0,000","0,000","0,000","0,000","0,000","0,000","0,000","0,000","0,000","0,000","0,000","0,000","0,000","0,000","0,000","0,000","0,000","0,000","0,000","0,000","0,000","0,000","0,000","0,000","0,000","0,000","0,000","0,000","0,000","0,000","0,000","0,000","0,000","0,000","0,000","0,000","0,000","0,000","0,000","0,000","0,000","0,000","0,000","0,000","0,000","0,000","0,000","0,000","0,000","0,000","1,000","13,523","2,000","27,046","0,000","0,000","0,000","0,000","0,000","0,000","0,000","0,000","0,000","0,000","0,000","0,000","0,000","0,000"
SR300,Terminal Sulacap - Candelária,Santa Cruz,Ida,38.877,"0,000","0,000","0,000","0,000","0,000","0,000","0,000","0,000","0,000","0,000","2,000","77,754","2,000","77,754","0,000","0,000","0,000","0,000","0,000","0,000","0,000","0,000","0,000","0,000","0,000","0,000","0,000","0,000","0,000","0,000","0,000","0,000","0,000","0,000","0,000","0,000","0,000","0,000","0,000","0,000","0,000","0,000","0,000","0,000","0,000","0,000","0,000","0,000","0,000","0,000","0,000","0,000","0,000","0,000","0,000","0,000","0,000","0,000","0,000","0,000","0,000","0,000","0,000","0,000","0,000","0,000","0,000","0,000","0,000","0,000","0,000","0,000","0,000","0,000","0,000","0,000","0,000","0,000","0,000","0,000","0,000","0,000","0,000","0,000","0,000","0,000","0,000","0,000","0,000","0,000","0,000","0,000","0,000","0,000","1,000","38,877","1,000","38,877","0,000","0,000","0,000","0,000","0,000","0,000","0,000","0,000","0,000","0,000","0,000","0,000","0,000","0,000"
SR300,Terminal Sulacap - Candelária,Santa Cruz,Volta,38.429,"0,000","0,000","0,000","0,000","0,000","0,000","0,000","0,000","0,000","0,000","0,000","0,000","0,000","0,000","0,000","0,000","0,000","0,000","3,000","115,287","1,000","38,429","0,000","0,000","0,000","0,000","0,000","0,000","0,000","0,000","0,000","0,000","0,000","0,000","0,000","0,000","0,000","0,000","0,000","0,000","0,000","0,000","0,000","0,000","0,000","0,000","0,000","0,000","0,000","0,000","0,000","0,000","0,000","0,000","0,000","0,000","0,000","0,000","0,000","0,000","0,000","0,000","0,000","0,000","0,000","0,000","0,000","0,000","0,000","0,000","0,000","0,000","0,000","0,000","0,000","0,000","0,000","0,000","0,000","0,000","0,000","0,000","0,000","0,000","0,000","0,000","0,000","0,000","0,000","0,000","0,000","0,000","0,000","0,000","0,000","0,000","0,000","0,000","0,000","0,000","0,000","0,000","2,000","76,858","1,000","38,429","0,000","0,000","0,000","0,000","0,000","0,000"
SR328,Bananal - Candelária,Internorte,Ida,27.665,"0,000","0,000","0,000","0,000","0,000","0,000","0,000","0,000","0,000","0,000","1,000","27,665","2,000","55,330","0,000","0,000","0,000","0,000","0,000","0,000","0,000","0,000","0,000","0,000","0,000","0,000","0,000","0,000","0,000","0,000","0,000","0,000","0,000","0,000","0,000","0,000","0,000","0,000","0,000","0,000","0,000","0,000","0,000","0,000","0,000","0,000","0,000","0,000","0,000","0,000","0,000","0,000","0,000","0,000","0,000","0,000","0,000","0,000","0,000","0,000","0,000","0,000","0,000","0,000","0,000","0,000","0,000","0,000","0,000","0,000","0,000","0,000","0,000","0,000","0,000","0,000","0,000","0,000","0,000","0,000","0,000","0,000","0,000","0,000","0,000","0,000","0,000","0,000","0,000","0,000","0,000","0,000","0,000","0,000","1,000","27,665","1,000","27,665","0,000","0,000","0,000","0,000","0,000","0,000","0,000","0,000","0,000","0,000","0,000","0,000","0,000","0,000"
SR328,Bananal - Candelária,Internorte,Volta,28.643,"0,000","0,000","0,000","0,000","0,000","0,000","0,000","0,000","0,000","0,000","0,000","0,000","0,000","0,000","0,000","0,000","0,000","0,000","2,000","57,286","0,000","0,000","0,000","0,000","0,000","0,000","0,000","0,000","0,000","0,000","0,000","0,000","0,000","0,000","0,000","0,000","0,000","0,000","0,000","0,000","0,000","0,000","0,000","0,000","0,000","0,000","0,000","0,000","0,000","0,000","0,000","0,000","0,000","0,000","0,000","0,000","0,000","0,000","0,000","0,000","0,000","0,000","0,000","0,000","0,000","0,000","0,000","0,000","0,000","0,000","0,000","0,000","0,000","0,000","0,000","0,000","0,000","0,000","0,000","0,000","0,000","0,000","0,000","0,000","0,000","0,000","0,000","0,000","0,000","0,000","0,000","0,000","0,000","0,000","0,000","0,000","0,000","0,000","0,000","0,000","0,000","0,000","1,000","28,643","0,000","0,000","0,000","0,000","0,000","0,000","0,000","0,000"
SR342,Jardim América - Castelo,Internorte,Ida,32.048,"0,000","0,000","0,000","0,000","0,000","0,000","1,000","32,048","1,000","32,048","0,000","0,000","2,000","64,096","2,000","64,096","2,000","64,096","1,000","32,048","2,000","64,096","0,000","0,000","0,000","0,000","0,000","0,000","0,000","0,000","0,000","0,000","0,000","0,000","0,000","0,000","0,000","0,000","0,000","0,000","0,000","0,000","0,000","0,000","0,000","0,000","0,000","0,000","0,000","0,000","0,000","0,000","0,000","0,000","0,000","0,000","0,000","0,000","0,000","0,000","0,000","0,000","0,000","0,000","0,000","0,000","0,000","0,000","0,000","0,000","0,000","0,000","0,000","0,000","0,000","0,000","0,000","0,000","0,000","0,000","0,000","0,000","0,000","0,000","0,000","0,000","0,000","0,000","0,000","0,000","1,000","32,048","1,000","32,048","0,000","0,000","1,000","32,048","1,000","32,048","1,000","32,048","1,000","32,048","1,000","32,048","0,000","0,000","0,000","0,000","0,000","0,000"
SR342,Jardim América - Castelo,Internorte,Volta,28.663,"0,000","0,000","0,000","0,000","0,000","0,000","0,000","0,000","0,000","0,000","2,000","57,326","1,000","28,663","2,000","57,326","2,000","57,326","1,000","28,663","3,000","85,989","0,000","0,000","0,000","0,000","0,000","0,000","0,000","0,000","0,000","0,000","0,000","0,000","0,000","0,000","0,000","0,000","0,000","0,000","0,000","0,000","0,000","0,000","0,000","0,000","0,000","0,000","0,000","0,000","0,000","0,000","0,000","0,000","0,000","0,000","0,000","0,000","0,000","0,000","0,000","0,000","0,000","0,000","0,000","0,000","0,000","0,000","0,000","0,000","0,000","0,000","0,000","0,000","0,000","0,000","0,000","0,000","0,000","0,000","0,000","0,000","0,000","0,000","0,000","0,000","0,000","0,000","0,000","0,000","0,000","0,000","0,000","0,000","1,000","28,663","1,000","28,663","1,000","28,663","1,000","28,663","1,000","28,663","2,000","57,326","0,000","0,000","0,000","0,000","0,000","0,000"
SR355,Madureira - Praça Tiradentes,Internorte,Ida,28.531,"0,000","0,000","0,000","0,000","0,000","0,000","0,000","0,000","0,000","0,000","2,000","57,062","5,000","142,655","0,000","0,000","0,000","0,000","0,000","0,000","0,000","0,000","0,000","0,000","0,000","0,000","0,000","0,000","0,000","0,000","0,000","0,000","0,000","0,000","0,000","0,000","0,000","0,000","0,000","0,000","0,000","0,000","0,000","0,000","0,000","0,000","0,000","0,000","0,000","0,000","0,000","0,000","0,000","0,000","0,000","0,000","0,000","0,000","0,000","0,000","0,000","0,000","0,000","0,000","0,000","0,000","0,000","0,000","0,000","0,000","0,000","0,000","0,000","0,000","0,000","0,000","0,000","0,000","0,000","0,000","0,000","0,000","0,000","0,000","0,000","0,000","0,000","0,000","0,000","0,000","0,000","0,000","0,000","0,000","1,000","28,531","3,000","85,593","0,000","0,000","0,000","0,000","0,000","0,000","0,000","0,000","0,000","0,000","0,000","0,000","0,000","0,000"
SR355,Madureira - Praça Tiradentes,Internorte,Volta,29.101,"0,000","0,000","0,000","0,000","0,000","0,000","0,000","0,000","0,000","0,000","0,000","0,000","0,000","0,000","0,000","0,000","0,000","0,000","3,000","87,303","2,000","58,202","0,000","0,000","0,000","0,000","0,000","0,000","0,000","0,000","0,000","0,000","0,000","0,000","0,000","0,000","0,000","0,000","0,000","0,000","0,000","0,000","0,000","0,000","0,000","0,000","0,000","0,000","0,000","0,000","0,000","0,000","0,000","0,000","0,000","0,000","0,000","0,000","0,000","0,000","0,000","0,000","0,000","0,000","0,000","0,000","0,000","0,000","0,000","0,000","0,000","0,000","0,000","0,000","0,000","0,000","0,000","0,000","0,000","0,000","0,000","0,000","0,000","0,000","0,000","0,000","0,000","0,000","0,000","0,000","0,000","0,000","0,000","0,000","0,000","0,000","0,000","0,000","0,000","0,000","0,000","0,000","2,000","58,202","1,000","29,101","0,000","0,000","0,000","0,000","0,000","0,000"
SR362,Honório Gurgel - Castelo,Internorte,Ida,34.655,"0,000","0,000","0,000","0,000","0,000","0,000","0,000","0,000","1,000","34,655","2,000","69,310","2,000","69,310","0,000","0,000","0,000","0,000","0,000","0,000","0,000","0,000","0,000","0,000","0,000","0,000","0,000","0,000","0,000","0,000","0,000","0,000","0,000","0,000","0,000","0,000","0,000","0,000","0,000","0,000","0,000","0,000","0,000","0,000","0,000","0,000","0,000","0,000","0,000","0,000","0,000","0,000","0,000","0,000","0,000","0,000","0,000","0,000","0,000","0,000","0,000","0,000","0,000","0,000","0,000","0,000","0,000","0,000","0,000","0,000","0,000","0,000","0,000","0,000","0,000","0,000","0,000","0,000","0,000","0,000","0,000","0,000","0,000","0,000","0,000","0,000","0,000","0,000","0,000","0,000","0,000","0,000","1,000","34,655","1,000","34,655","1,000","34,655","0,000","0,000","0,000","0,000","0,000","0,000","0,000","0,000","0,000","0,000","0,000","0,000","0,000","0,000"
SR362,Honório Gurgel - Castelo,Internorte,Volta,34.103,"0,000","0,000","0,000","0,000","0,000","0,000","0,000","0,000","0,000","0,000","0,000","0,000","0,000","0,000","0,000","0,000","0,000","0,000","3,000","102,309","0,000","0,000","0,000","0,000","0,000","0,000","0,000","0,000","0,000","0,000","0,000","0,000","0,000","0,000","0,000","0,000","0,000","0,000","0,000","0,000","0,000","0,000","0,000","0,000","0,000","0,000","0,000","0,000","0,000","0,000","0,000","0,000","0,000","0,000","0,000","0,000","0,000","0,000","0,000","0,000","0,000","0,000","0,000","0,000","0,000","0,000","0,000","0,000","0,000","0,000","0,000","0,000","0,000","0,000","0,000","0,000","0,000","0,000","0,000","0,000","0,000","0,000","0,000","0,000","0,000","0,000","0,000","0,000","0,000","0,000","0,000","0,000","0,000","0,000","0,000","0,000","0,000","0,000","0,000","0,000","0,000","0,000","2,000","68,206","0,000","0,000","0,000","0,000","0,000","0,000","0,000","0,000"
SR378,Marechal Hermes - Castelo,Internorte,Ida,35.621,"0,000","0,000","0,000","0,000","0,000","0,000","0,000","0,000","0,000","0,000","2,000","71,242","3,000","106,863","0,000","0,000","0,000","0,000","0,000","0,000","0,000","0,000","0,000","0,000","0,000","0,000","0,000","0,000","0,000","0,000","0,000","0,000","0,000","0,000","0,000","0,000","0,000","0,000","0,000","0,000","0,000","0,000","0,000","0,000","0,000","0,000","0,000","0,000","0,000","0,000","0,000","0,000","0,000","0,000","0,000","0,000","0,000","0,000","0,000","0,000","0,000","0,000","0,000","0,000","0,000","0,000","0,000","0,000","0,000","0,000","0,000","0,000","0,000","0,000","0,000","0,000","0,000","0,000","0,000","0,000","0,000","0,000","0,000","0,000","0,000","0,000","0,000","0,000","0,000","0,000","0,000","0,000","0,000","0,000","1,000","35,621","2,000","71,242","0,000","0,000","0,000","0,000","0,000","0,000","0,000","0,000","0,000","0,000","0,000","0,000","0,000","0,000"
SR378,Marechal Hermes - Castelo,Internorte,Volta,36.493,"0,000","0,000","0,000","0,000","0,000","0,000","0,000","0,000","0,000","0,000","0,000","0,000","0,000","0,000","0,000","0,000","0,000","0,000","3,000","109,479","0,000","0,000","0,000","0,000","0,000","0,000","0,000","0,000","0,000","0,000","0,000","0,000","0,000","0,000","0,000","0,000","0,000","0,000","0,000","0,000","0,000","0,000","0,000","0,000","0,000","0,000","0,000","0,000","0,000","0,000","0,000","0,000","0,000","0,000","0,000","0,000","0,000","0,000","0,000","0,000","0,000","0,000","0,000","0,000","0,000","0,000","0,000","0,000","0,000","0,000","0,000","0,000","0,000","0,000","0,000","0,000","0,000","0,000","0,000","0,000","0,000","0,000","0,000","0,000","0,000","0,000","0,000","0,000","0,000","0,000","0,000","0,000","0,000","0,000","0,000","0,000","0,000","0,000","0,000","0,000","0,000","0,000","2,000","72,986","0,000","0,000","0,000","0,000","0,000","0,000","0,000","0,000"
SR384,Pavuna - Passeio,Internorte,Ida,41.064,"0,000","0,000","0,000","0,000","0,000","0,000","0,000","0,000","1,000","41,064","1,000","41,064","4,000","164,256","0,000","0,000","0,000","0,000","0,000","0,000","0,000","0,000","0,000","0,000","0,000","0,000","0,000","0,000","0,000","0,000","0,000","0,000","0,000","0,000","0,000","0,000","0,000","0,000","0,000","0,000","0,000","0,000","0,000","0,000","0,000","0,000","0,000","0,000","0,000","0,000","0,000","0,000","0,000","0,000","0,000","0,000","0,000","0,000","0,000","0,000","0,000","0,000","0,000","0,000","0,000","0,000","0,000","0,000","0,000","0,000","0,000","0,000","0,000","0,000","0,000","0,000","0,000","0,000","0,000","0,000","0,000","0,000","0,000","0,000","0,000","0,000","0,000","0,000","0,000","0,000","0,000","0,000","1,000","41,064","1,000","41,064","2,000","82,128","0,000","0,000","0,000","0,000","0,000","0,000","0,000","0,000","0,000","0,000","0,000","0,000","0,000","0,000"
SR384,Pavuna - Passeio,Internorte,Volta,39.214,"0,000","0,000","0,000","0,000","0,000","0,000","0,000","0,000","0,000","0,000","0,000","0,000","0,000","0,000","0,000","0,000","0,000","0,000","2,000","78,428","0,000","0,000","0,000","0,000","0,000","0,000","0,000","0,000","0,000","0,000","0,000","0,000","0,000","0,000","0,000","0,000","0,000","0,000","0,000","0,000","0,000","0,000","0,000","0,000","0,000","0,000","0,000","0,000","0,000","0,000","0,000","0,000","0,000","0,000","0,000","0,000","0,000","0,000","0,000","0,000","0,000","0,000","0,000","0,000","0,000","0,000","0,000","0,000","0,000","0,000","0,000","0,000","0,000","0,000","0,000","0,000","0,000","0,000","0,000","0,000","0,000","0,000","0,000","0,000","0,000","0,000","0,000","0,000","0,000","0,000","0,000","0,000","0,000","0,000","0,000","0,000","0,000","0,000","0,000","0,000","0,000","0,000","1,000","39,214","0,000","0,000","0,000","0,000","0,000","0,000","0,000","0,000"
SR386,Anchieta - Candelária,Internorte,Ida,38.982,"0,000","0,000","0,000","0,000","0,000","0,000","0,000","0,000","0,000","0,000","1,000","38,982","1,000","38,982","0,000","0,000","0,000","0,000","0,000","0,000","0,000","0,000","0,000","0,000","0,000","0,000","0,000","0,000","0,000","0,000","0,000","0,000","0,000","0,000","0,000","0,000","0,000","0,000","0,000","0,000","0,000","0,000","0,000","0,000","0,000","0,000","0,000","0,000","0,000","0,000","0,000","0,000","0,000","0,000","0,000","0,000","0,000","0,000","0,000","0,000","0,000","0,000","0,000","0,000","0,000","0,000","0,000","0,000","0,000","0,000","0,000","0,000","0,000","0,000","0,000","0,000","0,000","0,000","0,000","0,000","0,000","0,000","0,000","0,000","0,000","0,000","0,000","0,000","0,000","0,000","0,000","0,000","0,000","0,000","1,000","38,982","1,000","38,982","0,000","0,000","0,000","0,000","0,000","0,000","0,000","0,000","0,000","0,000","0,000","0,000","0,000","0,000"
SR386,Anchieta - Candelária,Internorte,Volta,38.261,"0,000","0,000","0,000","0,000","0,000","0,000","0,000","0,000","0,000","0,000","0,000","0,000","0,000","0,000","0,000","0,000","0,000","0,000","3,000","114,783","0,000","0,000","0,000","0,000","0,000","0,000","0,000","0,000","0,000","0,000","0,000","0,000","0,000","0,000","0,000","0,000","0,000","0,000","0,000","0,000","0,000","0,000","0,000","0,000","0,000","0,000","0,000","0,000","0,000","0,000","0,000","0,000","0,000","0,000","0,000","0,000","0,000","0,000","0,000","0,000","0,000","0,000","0,000","0,000","0,000","0,000","0,000","0,000","0,000","0,000","0,000","0,000","0,000","0,000","0,000","0,000","0,000","0,000","0,000","0,000","0,000","0,000","0,000","0,000","0,000","0,000","0,000","0,000","0,000","0,000","0,000","0,000","0,000","0,000","0,000","0,000","0,000","0,000","0,000","0,000","0,000","0,000","2,000","76,522","0,000","0,000","0,000","0,000","0,000","0,000","0,000","0,000"
SR388,Santa Cruz - Candelária,Santa Cruz,Ida,69.561,"0,000","0,000","0,000","0,000","0,000","0,000","1,000","69,561","2,000","139,122","3,000","208,683","6,000","417,366","0,000","0,000","0,000","0,000","0,000","0,000","0,000","0,000","0,000","0,000","0,000","0,000","0,000","0,000","0,000","0,000","0,000","0,000","0,000","0,000","0,000","0,000","0,000","0,000","0,000","0,000","0,000","0,000","0,000","0,000","0,000","0,000","0,000","0,000","0,000","0,000","0,000","0,000","0,000","0,000","0,000","0,000","0,000","0,000","0,000","0,000","0,000","0,000","0,000","0,000","0,000","0,000","0,000","0,000","0,000","0,000","0,000","0,000","0,000","0,000","0,000","0,000","0,000","0,000","0,000","0,000","0,000","0,000","0,000","0,000","0,000","0,000","0,000","0,000","0,000","0,000","1,000","69,561","1,000","69,561","2,000","139,122","4,000","278,244","0,000","0,000","0,000","0,000","0,000","0,000","0,000","0,000","0,000","0,000","0,000","0,000","0,000","0,000"
SR388,Santa Cruz - Candelária,Santa Cruz,Volta,69.786,"0,000","0,000","0,000","0,000","0,000","0,000","0,000","0,000","0,000","0,000","0,000","0,000","0,000","0,000","0,000","0,000","0,000","0,000","6,000","418,716","3,000","209,358","0,000","0,000","0,000","0,000","0,000","0,000","0,000","0,000","0,000","0,000","0,000","0,000","0,000","0,000","0,000","0,000","0,000","0,000","0,000","0,000","0,000","0,000","0,000","0,000","0,000","0,000","0,000","0,000","0,000","0,000","0,000","0,000","0,000","0,000","0,000","0,000","0,000","0,000","0,000","0,000","0,000","0,000","0,000","0,000","0,000","0,000","0,000","0,000","0,000","0,000","0,000","0,000","0,000","0,000","0,000","0,000","0,000","0,000","0,000","0,000","0,000","0,000","0,000","0,000","0,000","0,000","0,000","0,000","0,000","0,000","0,000","0,000","0,000","0,000","0,000","0,000","0,000","0,000","0,000","0,000","4,000","279,144","2,000","139,572","0,000","0,000","0,000","0,000","0,000","0,000"
SR393,Bangu - Candelária,Santa Cruz,Ida,44.030,"0,000","0,000","0,000","0,000","0,000","0,000","0,000","0,000","1,000","44,030","1,000","44,030","2,000","88,060","0,000","0,000","0,000","0,000","0,000","0,000","0,000","0,000","0,000","0,000","0,000","0,000","0,000","0,000","0,000","0,000","0,000","0,000","0,000","0,000","0,000","0,000","0,000","0,000","0,000","0,000","0,000","0,000","0,000","0,000","0,000","0,000","0,000","0,000","0,000","0,000","0,000","0,000","0,000","0,000","0,000","0,000","0,000","0,000","0,000","0,000","0,000","0,000","0,000","0,000","0,000","0,000","0,000","0,000","0,000","0,000","0,000","0,000","0,000","0,000","0,000","0,000","0,000","0,000","0,000","0,000","0,000","0,000","0,000","0,000","0,000","0,000","0,000","0,000","0,000","0,000","0,000","0,000","1,000","44,030","1,000","44,030","1,000","44,030","0,000","0,000","0,000","0,000","0,000","0,000","0,000","0,000","0,000","0,000","0,000","0,000","0,000","0,000"
SR393,Bangu - Candelária,Santa Cruz,Volta,45.228,"0,000","0,000","0,000","0,000","0,000","0,000","0,000","0,000","0,000","0,000","0,000","0,000","0,000","0,000","0,000","0,000","0,000","0,000","3,000","135,684","1,000","45,228","0,000","0,000","0,000","0,000","0,000","0,000","0,000","0,000","0,000","0,000","0,000","0,000","0,000","0,000","0,000","0,000","0,000","0,000","0,000","0,000","0,000","0,000","0,000","0,000","0,000","0,000","0,000","0,000","0,000","0,000","0,000","0,000","0,000","0,000","0,000","0,000","0,000","0,000","0,000","0,000","0,000","0,000","0,000","0,000","0,000","0,000","0,000","0,000","0,000","0,000","0,000","0,000","0,000","0,000","0,000","0,000","0,000","0,000","0,000","0,000","0,000","0,000","0,000","0,000","0,000","0,000","0,000","0,000","0,000","0,000","0,000","0,000","0,000","0,000","0,000","0,000","0,000","0,000","0,000","0,000","2,000","90,456","1,000","45,228","0,000","0,000","0,000","0,000","0,000","0,000"
SR397,Terminal Campo Grande - Candelária,Santa Cruz,Ida,52.707,"0,000","0,000","0,000","0,000","0,000","0,000","0,000","0,000","3,000","158,121","3,000","158,121","6,000","316,242","0,000","0,000","0,000","0,000","0,000","0,000","0,000","0,000","0,000","0,000","0,000","0,000","0,000","0,000","0,000","0,000","0,000","0,000","0,000","0,000","0,000","0,000","0,000","0,000","0,000","0,000","0,000","0,000","0,000","0,000","0,000","0,000","0,000","0,000","0,000","0,000","0,000","0,000","0,000","0,000","0,000","0,000","0,000","0,000","0,000","0,000","0,000","0,000","0,000","0,000","0,000","0,000","0,000","0,000","0,000","0,000","0,000","0,000","0,000","0,000","0,000","0,000","0,000","0,000","0,000","0,000","0,000","0,000","0,000","0,000","0,000","0,000","0,000","0,000","0,000","0,000","0,000","0,000","2,000","105,414","2,000","105,414","4,000","210,828","0,000","0,000","0,000","0,000","0,000","0,000","0,000","0,000","0,000","0,000","0,000","0,000","0,000","0,000"
SR397,Terminal Campo Grande - Candelária,Santa Cruz,Volta,50.446,"0,000","0,000","0,000","0,000","0,000","0,000","0,000","0,000","0,000","0,000","0,000","0,000","0,000","0,000","0,000","0,000","0,000","0,000","3,000","151,338","2,000","100,892","0,000","0,000","0,000","0,000","0,000","0,000","0,000","0,000","0,000","0,000","0,000","0,000","0,000","0,000","0,000","0,000","0,000","0,000","0,000","0,000","0,000","0,000","0,000","0,000","0,000","0,000","0,000","0,000","0,000","0,000","0,000","0,000","0,000","0,000","0,000","0,000","0,000","0,000","0,000","0,000","0,000","0,000","0,000","0,000","0,000","0,000","0,000","0,000","0,000","0,000","0,000","0,000","0,000","0,000","0,000","0,000","0,000","0,000","0,000","0,000","0,000","0,000","0,000","0,000","0,000","0,000","0,000","0,000","0,000","0,000","0,000","0,000","0,000","0,000","0,000","0,000","0,000","0,000","0,000","0,000","2,000","100,892","1,000","50,446","0,000","0,000","0,000","0,000","0,000","0,000"
SR399,Pavuna - Passeio,Internorte,Ida,39.453,"0,000","0,000","0,000","0,000","0,000","0,000","0,000","0,000","2,000","78,906","2,000","78,906","4,000","157,812","0,000","0,000","0,000","0,000","0,000","0,000","0,000","0,000","0,000","0,000","0,000","0,000","0,000","0,000","0,000","0,000","0,000","0,000","0,000","0,000","0,000","0,000","0,000","0,000","0,000","0,000","0,000","0,000","0,000","0,000","0,000","0,000","0,000","0,000","0,000","0,000","0,000","0,000","0,000","0,000","0,000","0,000","0,000","0,000","0,000","0,000","0,000","0,000","0,000","0,000","0,000","0,000","0,000","0,000","0,000","0,000","0,000","0,000","0,000","0,000","0,000","0,000","0,000","0,000","0,000","0,000","0,000","0,000","0,000","0,000","0,000","0,000","0,000","0,000","0,000","0,000","0,000","0,000","1,000","39,453","1,000","39,453","2,000","78,906","0,000","0,000","0,000","0,000","0,000","0,000","0,000","0,000","0,000","0,000","0,000","0,000","0,000","0,000"
SR399,Pavuna - Passeio,Internorte,Volta,37.792,"0,000","0,000","0,000","0,000","0,000","0,000","0,000","0,000","0,000","0,000","0,000","0,000","0,000","0,000","0,000","0,000","0,000","0,000","5,000","188,960","2,000","75,584","0,000","0,000","0,000","0,000","0,000","0,000","0,000","0,000","0,000","0,000","0,000","0,000","0,000","0,000","0,000","0,000","0,000","0,000","0,000","0,000","0,000","0,000","0,000","0,000","0,000","0,000","0,000","0,000","0,000","0,000","0,000","0,000","0,000","0,000","0,000","0,000","0,000","0,000","0,000","0,000","0,000","0,000","0,000","0,000","0,000","0,000","0,000","0,000","0,000","0,000","0,000","0,000","0,000","0,000","0,000","0,000","0,000","0,000","0,000","0,000","0,000","0,000","0,000","0,000","0,000","0,000","0,000","0,000","0,000","0,000","0,000","0,000","0,000","0,000","0,000","0,000","0,000","0,000","0,000","0,000","3,000","113,376","1,000","37,792","0,000","0,000","0,000","0,000","0,000","0,000"
SV319,Terminal Alvorada - Central do Brasil,Transcarioca,Ida,32.139,"0,000","0,000","0,000","0,000","0,000","0,000","0,000","0,000","3,000","96,417","6,000","192,834","24,000","771,336","14,000","449,946","15,000","482,085","20,000","642,780","11,000","353,529","3,000","96,417","0,000","0,000","0,000","0,000","0,000","0,000","0,000","0,000","0,000","0,000","0,000","0,000","3,000","96,417","3,000","96,417","12,000","385,668","8,000","257,112","9,000","289,251","10,000","321,390","7,000","224,973","3,000","96,417","0,000","0,000","0,000","0,000","0,000","0,000","0,000","0,000","0,000","0,000","0,000","0,000","3,000","96,417","3,000","96,417","8,000","257,112","6,000","192,834","6,000","192,834","7,000","224,973","7,000","224,973","3,000","96,417","0,000","0,000","0,000","0,000","0,000","0,000","0,000","0,000","0,000","0,000","0,000","0,000","2,000","64,278","4,000","128,556","15,000","482,085","9,000","289,251","9,000","289,251","12,000","385,668","7,000","224,973","2,000","64,278","0,000","0,000","0,000","0,000"
SV319,Terminal Alvorada - Central do Brasil,Transcarioca,Volta,31.671,"0,000","0,000","0,000","0,000","0,000","0,000","0,000","0,000","4,000","126,684","7,000","221,697","21,000","665,091","13,000","411,723","14,000","443,394","21,000","665,091","11,000","348,381","3,000","95,013","0,000","0,000","0,000","0,000","0,000","0,000","0,000","0,000","0,000","0,000","0,000","0,000","3,000","95,013","4,000","126,684","10,000","316,710","8,000","253,368","8,000","253,368","8,000","253,368","6,000","190,026","2,000","63,342","0,000","0,000","0,000","0,000","0,000","0,000","0,000","0,000","0,000","0,000","0,000","0,000","2,000","63,342","3,000","95,013","8,000","253,368","6,000","190,026","6,000","190,026","6,000","190,026","6,000","190,026","2,000","63,342","0,000","0,000","0,000","0,000","0,000","0,000","0,000","0,000","0,000","0,000","0,000","0,000","2,000","63,342","4,000","126,684","13,000","411,723","8,000","253,368","9,000","285,039","13,000","411,723","7,000","221,697","2,000","63,342","0,000","0,000","0,000","0,000"
SV363,Vila Valqueire - Candelária,Transcarioca,Ida,25.445,"0,000","0,000","0,000","0,000","0,000","0,000","0,000","0,000","0,000","0,000","2,000","50,890","12,000","305,340","6,000","152,670","6,000","152,670","12,000","305,340","6,000","152,670","0,000","0,000","0,000","0,000","0,000","0,000","0,000","0,000","0,000","0,000","0,000","0,000","0,000","0,000","0,000","0,000","0,000","0,000","0,000","0,000","0,000","0,000","0,000","0,000","0,000","0,000","0,000","0,000","0,000","0,000","0,000","0,000","0,000","0,000","0,000","0,000","0,000","0,000","0,000","0,000","0,000","0,000","0,000","0,000","0,000","0,000","0,000","0,000","0,000","0,000","0,000","0,000","0,000","0,000","0,000","0,000","0,000","0,000","0,000","0,000","0,000","0,000","0,000","0,000","0,000","0,000","0,000","0,000","0,000","0,000","0,000","0,000","1,000","25,445","7,000","178,115","4,000","101,780","4,000","101,780","7,000","178,115","4,000","101,780","0,000","0,000","0,000","0,000","0,000","0,000"
SV363,Vila Valqueire - Candelária,Transcarioca,Volta,27.748,"0,000","0,000","0,000","0,000","0,000","0,000","0,000","0,000","0,000","0,000","0,000","0,000","12,000","332,976","6,000","166,488","6,000","166,488","13,000","360,724","8,000","221,984","0,000","0,000","0,000","0,000","0,000","0,000","0,000","0,000","0,000","0,000","0,000","0,000","0,000","0,000","0,000","0,000","0,000","0,000","0,000","0,000","0,000","0,000","0,000","0,000","0,000","0,000","0,000","0,000","0,000","0,000","0,000","0,000","0,000","0,000","0,000","0,000","0,000","0,000","0,000","0,000","0,000","0,000","0,000","0,000","0,000","0,000","0,000","0,000","0,000","0,000","0,000","0,000","0,000","0,000","0,000","0,000","0,000","0,000","0,000","0,000","0,000","0,000","0,000","0,000","0,000","0,000","0,000","0,000","0,000","0,000","0,000","0,000","0,000","0,000","7,000","194,236","4,000","110,992","4,000","110,992","8,000","221,984","5,000","138,740","0,000","0,000","0,000","0,000","0,000","0,000"
SV474,Jacaré - Copacabana,Intersul,Ida,24.848,"0,000","0,000","0,000","0,000","0,000","0,000","0,000","0,000","0,000","0,000","2,000","49,696","9,000","223,632","3,000","74,544","3,000","74,544","10,000","248,480","10,000","248,480","1,000","24,848","1,000","24,848","0,000","0,000","0,000","0,000","0,000","0,000","0,000","0,000","0,000","0,000","0,000","0,000","1,000","24,848","4,000","99,392","3,000","74,544","3,000","74,544","9,000","223,632","10,000","248,480","1,000","24,848","1,000","24,848","0,000","0,000","0,000","0,000","0,000","0,000","0,000","0,000","0,000","0,000","0,000","0,000","1,000","24,848","3,000","74,544","3,000","74,544","3,000","74,544","9,000","223,632","10,000","248,480","1,000","24,848","1,000","24,848","0,000","0,000","0,000","0,000","0,000","0,000","0,000","0,000","0,000","0,000","0,000","0,000","1,000","24,848","6,000","149,088","2,000","49,696","2,000","49,696","6,000","149,088","6,000","149,088","1,000","24,848","1,000","24,848","0,000","0,000"
SV474,Jacaré - Copacabana,Intersul,Volta,25.618,"0,000","0,000","0,000","0,000","0,000","0,000","0,000","0,000","0,000","0,000","1,000","25,618","7,000","179,326","3,000","76,854","3,000","76,854","12,000","307,416","12,000","307,416","1,000","25,618","1,000","25,618","1,000","25,618","0,000","0,000","0,000","0,000","0,000","0,000","0,000","0,000","0,000","0,000","0,000","0,000","3,000","76,854","3,000","76,854","4,000","102,472","12,000","307,416","12,000","307,416","1,000","25,618","2,000","51,236","1,000","25,618","0,000","0,000","0,000","0,000","0,000","0,000","0,000","0,000","0,000","0,000","0,000","0,000","3,000","76,854","3,000","76,854","3,000","76,854","12,000","307,416","12,000","307,416","1,000","25,618","1,000","25,618","1,000","25,618","0,000","0,000","0,000","0,000","0,000","0,000","0,000","0,000","0,000","0,000","1,000","25,618","4,000","102,472","2,000","51,236","2,000","51,236","7,000","179,326","7,000","179,326","1,000","25,618","1,000","25,618","1,000","25,618"
SV483,General Osório - Penha,Internorte,Ida,30.588,"4,000","122,352","0,000","0,000","0,000","0,000","0,000","0,000","0,000","0,000","0,000","0,000","0,000","0,000","0,000","0,000","10,000","305,880","18,000","550,584","18,000","550,584","5,000","152,940","5,000","152,940","4,000","122,352","5,000","152,940","0,000","0,000","0,000","0,000","0,000","0,000","0,000","0,000","0,000","0,000","0,000","0,000","0,000","0,000","9,000","275,292","18,000","550,584","18,000","550,584","3,000","91,764","5,000","152,940","3,000","91,764","4,000","122,352","0,000","0,000","0,000","0,000","0,000","0,000","0,000","0,000","0,000","0,000","0,000","0,000","0,000","0,000","6,000","183,528","18,000","550,584","18,000","550,584","3,000","91,764","4,000","122,352","3,000","91,764","2,000","61,176","0,000","0,000","0,000","0,000","0,000","0,000","0,000","0,000","0,000","0,000","0,000","0,000","0,000","0,000","6,000","183,528","11,000","336,468","11,000","336,468","3,000","91,764","3,000","91,764","2,000","61,176"
SV606,Engenho de Dentro - Terminal Gentileza,Internorte,Ida,19.212,"0,000","0,000","0,000","0,000","0,000","0,000","0,000","0,000","0,000","0,000","2,000","38,424","11,000","211,332","6,000","115,272","7,000","134,484","7,000","134,484","4,000","76,848","1,000","19,212","0,000","0,000","0,000","0,000","0,000","0,000","0,000","0,000","0,000","0,000","0,000","0,000","0,000","0,000","0,000","0,000","4,000","76,848","4,000","76,848","5,000","96,060","5,000","96,060","3,000","57,636","1,000","19,212","0,000","0,000","0,000","0,000","0,000","0,000","0,000","0,000","0,000","0,000","0,000","0,000","0,000","0,000","0,000","0,000","3,000","57,636","4,000","76,848","3,000","57,636","3,000","57,636","3,000","57,636","1,000","19,212","0,000","0,000","0,000","0,000","0,000","0,000","0,000","0,000","0,000","0,000","0,000","0,000","0,000","0,000","1,000","19,212","7,000","134,484","4,000","76,848","4,000","76,848","4,000","76,848","2,000","38,424","1,000","19,212","0,000","0,000","0,000","0,000"
SV606,Engenho de Dentro - Terminal Gentileza,Internorte,Volta,21.713,"0,000","0,000","0,000","0,000","0,000","0,000","0,000","0,000","0,000","0,000","2,000","43,426","9,000","195,417","6,000","130,278","8,000","173,704","9,000","195,417","5,000","108,565","1,000","21,713","0,000","0,000","0,000","0,000","0,000","0,000","0,000","0,000","0,000","0,000","0,000","0,000","0,000","0,000","0,000","0,000","6,000","130,278","5,000","108,565","6,000","130,278","5,000","108,565","3,000","65,139","1,000","21,713","0,000","0,000","0,000","0,000","0,000","0,000","0,000","0,000","0,000","0,000","0,000","0,000","0,000","0,000","0,000","0,000","3,000","65,139","4,000","86,852","3,000","65,139","3,000","65,139","3,000","65,139","1,000","21,713","0,000","0,000","0,000","0,000","0,000","0,000","0,000","0,000","0,000","0,000","0,000","0,000","0,000","0,000","1,000","21,713","6,000","130,278","4,000","86,852","5,000","108,565","6,000","130,278","3,000","65,139","1,000","21,713","0,000","0,000","0,000","0,000"
SV624,Mariópolis - Praça da Bandeira,Internorte,Ida,36.858,"0,000","0,000","0,000","0,000","0,000","0,000","1,000","36,858","3,000","110,574","5,000","184,290","12,000","442,296","8,000","294,864","7,000","258,006","9,000","331,722","4,000","147,432","1,000","36,858","1,000","36,858","0,000","0,000","0,000","0,000","0,000","0,000","0,000","0,000","0,000","0,000","1,000","36,858","2,000","73,716","5,000","184,290","6,000","221,148","5,000","184,290","5,000","184,290","3,000","110,574","1,000","36,858","1,000","36,858","0,000","0,000","0,000","0,000","0,000","0,000","0,000","0,000","0,000","0,000","1,000","36,858","1,000","36,858","3,000","110,574","3,000","110,574","4,000","147,432","4,000","147,432","3,000","110,574","1,000","36,858","1,000","36,858","0,000","0,000","0,000","0,000","0,000","0,000","0,000","0,000","1,000","36,858","2,000","73,716","3,000","110,574","7,000","258,006","5,000","184,290","4,000","147,432","6,000","221,148","2,000","73,716","1,000","36,858","1,000","36,858","0,000","0,000"
SV624,Mariópolis - Praça da Bandeira,Internorte,Volta,42.918,"1,000","42,918","0,000","0,000","0,000","0,000","1,000","42,918","1,000","42,918","2,000","85,836","10,000","429,180","6,000","257,508","8,000","343,344","11,000","472,098","6,000","257,508","2,000","85,836","1,000","42,918","1,000","42,918","1,000","42,918","0,000","0,000","0,000","0,000","0,000","0,000","1,000","42,918","1,000","42,918","4,000","171,672","5,000","214,590","6,000","257,508","4,000","171,672","4,000","171,672","2,000","85,836","1,000","42,918","1,000","42,918","1,000","42,918","0,000","0,000","0,000","0,000","0,000","0,000","1,000","42,918","1,000","42,918","3,000","128,754","3,000","128,754","4,000","171,672","4,000","171,672","4,000","171,672","2,000","85,836","1,000","42,918","1,000","42,918","1,000","42,918","0,000","0,000","0,000","0,000","1,000","42,918","1,000","42,918","1,000","42,918","6,000","257,508","4,000","171,672","5,000","214,590","7,000","300,426","4,000","171,672","1,000","42,918","1,000","42,918","1,000","42,918"
SV669,Pavuna - Méier,Internorte,Ida,26.896,"0,000","0,000","0,000","0,000","0,000","0,000","0,000","0,000","0,000","0,000","2,000","53,792","6,000","161,376","4,000","107,584","3,000","80,688","4,000","107,584","3,000","80,688","1,000","26,896","0,000","0,000","0,000","0,000","0,000","0,000","0,000","0,000","0,000","0,000","0,000","0,000","0,000","0,000","1,000","26,896","3,000","80,688","3,000","80,688","3,000","80,688","3,000","80,688","3,000","80,688","1,000","26,896","0,000","0,000","0,000","0,000","0,000","0,000","0,000","0,000","0,000","0,000","0,000","0,000","0,000","0,000","1,000","26,896","3,000","80,688","3,000","80,688","3,000","80,688","3,000","80,688","3,000","80,688","1,000","26,896","0,000","0,000","0,000","0,000","0,000","0,000","0,000","0,000","0,000","0,000","0,000","0,000","0,000","0,000","1,000","26,896","4,000","107,584","2,000","53,792","2,000","53,792","2,000","53,792","2,000","53,792","1,000","26,896","0,000","0,000","0,000","0,000"
SV669,Pavuna - Méier,Internorte,Volta,28.670,"0,000","0,000","0,000","0,000","0,000","0,000","0,000","0,000","0,000","0,000","0,000","0,000","3,000","86,010","4,000","114,680","4,000","114,680","6,000","172,020","3,000","86,010","1,000","28,670","1,000","28,670","0,000","0,000","0,000","0,000","0,000","0,000","0,000","0,000","0,000","0,000","0,000","0,000","0,000","0,000","3,000","86,010","3,000","86,010","3,000","86,010","3,000","86,010","3,000","86,010","1,000","28,670","1,000","28,670","0,000","0,000","0,000","0,000","0,000","0,000","0,000","0,000","0,000","0,000","0,000","0,000","0,000","0,000","3,000","86,010","3,000","86,010","3,000","86,010","3,000","86,010","3,000","86,010","1,000","28,670","1,000","28,670","0,000","0,000","0,000","0,000","0,000","0,000","0,000","0,000","0,000","0,000","0,000","0,000","0,000","0,000","2,000","57,340","2,000","57,340","2,000","57,340","4,000","114,680","2,000","57,340","1,000","28,670","1,000","28,670","0,000","0,000"
SV692,Méier - Terminal Alvorada,Transcarioca,Ida,31.483,"0,000","0,000","0,000","0,000","0,000","0,000","0,000","0,000","0,000","0,000","2,000","62,966","6,000","188,898","0,000","0,000","0,000","0,000","0,000","0,000","0,000","0,000","0,000","0,000","0,000","0,000","0,000","0,000","0,000","0,000","0,000","0,000","0,000","0,000","0,000","0,000","0,000","0,000","0,000","0,000","0,000","0,000","0,000","0,000","0,000","0,000","0,000","0,000","0,000","0,000","0,000","0,000","0,000","0,000","0,000","0,000","0,000","0,000","0,000","0,000","0,000","0,000","0,000","0,000","0,000","0,000","0,000","0,000","0,000","0,000","0,000","0,000","0,000","0,000","0,000","0,000","0,000","0,000","0,000","0,000","0,000","0,000","0,000","0,000","0,000","0,000","0,000","0,000","0,000","0,000","0,000","0,000","0,000","0,000","1,000","31,483","4,000","125,932","0,000","0,000","0,000","0,000","0,000","0,000","0,000","0,000","0,000","0,000","0,000","0,000","0,000","0,000"
SV692,Méier - Terminal Alvorada,Transcarioca,Volta,28.849,"0,000","0,000","0,000","0,000","0,000","0,000","0,000","0,000","0,000","0,000","0,000","0,000","3,000","86,547","0,000","0,000","0,000","0,000","4,000","115,396","5,000","144,245","0,000","0,000","0,000","0,000","0,000","0,000","0,000","0,000","0,000","0,000","0,000","0,000","0,000","0,000","0,000","0,000","0,000","0,000","0,000","0,000","0,000","0,000","0,000","0,000","0,000","0,000","0,000","0,000","0,000","0,000","0,000","0,000","0,000","0,000","0,000","0,000","0,000","0,000","0,000","0,000","0,000","0,000","0,000","0,000","0,000","0,000","0,000","0,000","0,000","0,000","0,000","0,000","0,000","0,000","0,000","0,000","0,000","0,000","0,000","0,000","0,000","0,000","0,000","0,000","0,000","0,000","0,000","0,000","0,000","0,000","0,000","0,000","0,000","0,000","2,000","57,698","0,000","0,000","0,000","0,000","2,000","57,698","3,000","86,547","0,000","0,000","0,000","0,000","0,000","0,000"
SV774,Madureira - Jardim América,Transcarioca,Ida,21.326,"1,000","21,326","1,000","21,326","1,000","21,326","1,000","21,326","1,000","21,326","4,000","85,304","16,000","341,216","11,000","234,586","11,000","234,586","15,000","319,890","8,000","170,608","2,000","42,652","2,000","42,652","1,000","21,326","1,000","21,326","1,000","21,326","1,000","21,326","1,000","21,326","1,000","21,326","1,000","21,326","8,000","170,608","6,000","127,956","7,000","149,282","7,000","149,282","6,000","127,956","1,000","21,326","1,000","21,326","1,000","21,326","1,000","21,326","1,000","21,326","1,000","21,326","1,000","21,326","1,000","21,326","1,000","21,326","6,000","127,956","6,000","127,956","6,000","127,956","6,000","127,956","6,000","127,956","1,000","21,326","1,000","21,326","1,000","21,326","1,000","21,326","1,000","21,326","1,000","21,326","1,000","21,326","1,000","21,326","2,000","42,652","10,000","213,260","7,000","149,282","7,000","149,282","9,000","191,934","5,000","106,630","1,000","21,326","1,000","21,326","1,000","21,326"
SV774,Madureira - Jardim América,Transcarioca,Volta,16.369,"1,000","16,369","1,000","16,369","1,000","16,369","1,000","16,369","2,000","32,738","5,000","81,845","21,000","343,749","13,000","212,797","13,000","212,797","12,000","196,428","7,000","114,583","1,000","16,369","1,000","16,369","1,000","16,369","1,000","16,369","1,000","16,369","1,000","16,369","1,000","16,369","1,000","16,369","2,000","32,738","10,000","163,690","8,000","130,952","8,000","130,952","7,000","114,583","6,000","98,214","1,000","16,369","1,000","16,369","1,000","16,369","1,000","16,369","1,000","16,369","1,000","16,369","1,000","16,369","1,000","16,369","1,000","16,369","6,000","98,214","6,000","98,214","6,000","98,214","6,000","98,214","6,000","98,214","1,000","16,369","1,000","16,369","1,000","16,369","1,000","16,369","1,000","16,369","1,000","16,369","1,000","16,369","1,000","16,369","3,000","49,107","13,000","212,797","8,000","130,952","8,000","130,952","7,000","114,583","4,000","65,476","1,000","16,369","1,000","16,369","1,000","16,369"
SV777,Padre Miguel - Madureira,Santa Cruz,Ida,22.385,"0,000","0,000","0,000","0,000","0,000","0,000","1,000","22,385","3,000","67,155","3,000","67,155","12,000","268,620","7,000","156,695","7,000","156,695","8,000","179,080","5,000","111,925","1,000","22,385","1,000","22,385","0,000","0,000","0,000","0,000","0,000","0,000","0,000","0,000","0,000","0,000","1,000","22,385","2,000","44,770","6,000","134,310","5,000","111,925","5,000","111,925","3,000","67,155","3,000","67,155","1,000","22,385","0,000","0,000","0,000","0,000","0,000","0,000","0,000","0,000","0,000","0,000","0,000","0,000","1,000","22,385","1,000","22,385","3,000","67,155","3,000","67,155","3,000","67,155","3,000","67,155","3,000","67,155","1,000","22,385","1,000","22,385","0,000","0,000","0,000","0,000","0,000","0,000","0,000","0,000","1,000","22,385","2,000","44,770","2,000","44,770","7,000","156,695","4,000","89,540","4,000","89,540","5,000","111,925","3,000","67,155","1,000","22,385","1,000","22,385","0,000","0,000"
SV777,Padre Miguel - Madureira,Santa Cruz,Volta,25.362,"0,000","0,000","0,000","0,000","0,000","0,000","1,000","25,362","1,000","25,362","2,000","50,724","10,000","253,620","6,000","152,172","7,000","177,534","9,000","228,258","7,000","177,534","2,000","50,724","1,000","25,362","1,000","25,362","0,000","0,000","0,000","0,000","0,000","0,000","0,000","0,000","1,000","25,362","1,000","25,362","4,000","101,448","5,000","126,810","5,000","126,810","4,000","101,448","3,000","76,086","1,000","25,362","1,000","25,362","0,000","0,000","0,000","0,000","0,000","0,000","0,000","0,000","1,000","25,362","1,000","25,362","1,000","25,362","3,000","76,086","3,000","76,086","3,000","76,086","3,000","76,086","4,000","101,448","1,000","25,362","1,000","25,362","0,000","0,000","0,000","0,000","0,000","0,000","0,000","0,000","1,000","25,362","1,000","25,362","1,000","25,362","6,000","152,172","4,000","101,448","4,000","101,448","6,000","152,172","4,000","101,448","1,000","25,362","1,000","25,362","1,000","25,362"
SV790,Campo Grande - Cascadura,Santa Cruz,Ida,33.322,"0,000","0,000","0,000","0,000","0,000","0,000","0,000","0,000","1,000","33,322","2,000","66,644","12,000","399,864","6,000","199,932","7,000","233,254","12,000","399,864","6,000","199,932","1,000","33,322","0,000","0,000","0,000","0,000","0,000","0,000","0,000","0,000","0,000","0,000","0,000","0,000","1,000","33,322","1,000","33,322","6,000","199,932","6,000","199,932","6,000","199,932","6,000","199,932","6,000","199,932","1,000","33,322","0,000","0,000","0,000","0,000","0,000","0,000","0,000","0,000","0,000","0,000","0,000","0,000","1,000","33,322","1,000","33,322","6,000","199,932","6,000","199,932","6,000","199,932","6,000","199,932","6,000","199,932","1,000","33,322","0,000","0,000","0,000","0,000","0,000","0,000","0,000","0,000","0,000","0,000","0,000","0,000","1,000","33,322","1,000","33,322","7,000","233,254","4,000","133,288","4,000","133,288","7,000","233,254","4,000","133,288","1,000","33,322","0,000","0,000","0,000","0,000"
SV790,Campo Grande - Cascadura,Santa Cruz,Volta,36.245,"0,000","0,000","0,000","0,000","0,000","0,000","0,000","0,000","0,000","0,000","2,000","72,490","12,000","434,940","6,000","217,470","6,000","217,470","12,000","434,940","6,000","217,470","2,000","72,490","1,000","36,245","0,000","0,000","0,000","0,000","0,000","0,000","0,000","0,000","0,000","0,000","0,000","0,000","1,000","36,245","6,000","217,470","6,000","217,470","6,000","217,470","6,000","217,470","6,000","217,470","1,000","36,245","1,000","36,245","0,000","0,000","0,000","0,000","0,000","0,000","0,000","0,000","0,000","0,000","0,000","0,000","1,000","36,245","6,000","217,470","6,000","217,470","6,000","217,470","6,000","217,470","6,000","217,470","1,000","36,245","1,000","36,245","0,000","0,000","0,000","0,000","0,000","0,000","0,000","0,000","0,000","0,000","0,000","0,000","1,000","36,245","7,000","253,715","4,000","144,980","4,000","144,980","7,000","253,715","4,000","144,980","1,000","36,245","1,000","36,245","0,000","0,000"
SV831,Colônia - Terminal Taquara,Transcarioca,Ida,7.635,"0,000","0,000","0,000","0,000","0,000","0,000","0,000","0,000","0,000","0,000","1,000","7,635","3,000","22,905","3,000","22,905","3,000","22,905","3,000","22,905","3,000","22,905","1,000","7,635","0,000","0,000","0,000","0,000","0,000","0,000","0,000","0,000","0,000","0,000","0,000","0,000","0,000","0,000","1,000","7,635","3,000","22,905","3,000","22,905","3,000","22,905","3,000","22,905","3,000","22,905","0,000","0,000","0,000","0,000","0,000","0,000","0,000","0,000","0,000","0,000","0,000","0,000","0,000","0,000","0,000","0,000","1,000","7,635","3,000","22,905","3,000","22,905","3,000","22,905","3,000","22,905","3,000","22,905","0,000","0,000","0,000","0,000","0,000","0,000","0,000","0,000","0,000","0,000","0,000","0,000","0,000","0,000","0,000","0,000","1,000","7,635","2,000","15,270","2,000","15,270","2,000","15,270","2,000","15,270","2,000","15,270","1,000","7,635","0,000","0,000","0,000","0,000"
SV831,Colônia - Terminal Taquara,Transcarioca,Volta,6.353,"0,000","0,000","0,000","0,000","0,000","0,000","0,000","0,000","0,000","0,000","1,000","6,353","3,000","19,059","3,000","19,059","3,000","19,059","4,000","25,412","4,000","25,412","1,000","6,353","1,000","6,353","0,000","0,000","0,000","0,000","0,000","0,000","0,000","0,000","0,000","0,000","0,000","0,000","1,000","6,353","3,000","19,059","3,000","19,059","3,000","19,059","3,000","19,059","3,000","19,059","1,000","6,353","0,000","0,000","0,000","0,000","0,000","0,000","0,000","0,000","0,000","0,000","0,000","0,000","0,000","0,000","1,000","6,353","3,000","19,059","3,000","19,059","3,000","19,059","3,000","19,059","3,000","19,059","1,000","6,353","0,000","0,000","0,000","0,000","0,000","0,000","0,000","0,000","0,000","0,000","0,000","0,000","0,000","0,000","1,000","6,353","2,000","12,706","2,000","12,706","2,000","12,706","2,000","12,706","2,000","12,706","1,000","6,353","1,000","6,353","0,000","0,000"
SV853,Terminal Mato Alto - Terminal Deodoro,Santa Cruz,Ida,36.035,"0,000","0,000","0,000","0,000","0,000","0,000","2,000","72,070","5,000","180,175","5,000","180,175","14,000","504,490","8,000","288,280","9,000","324,315","13,000","468,455","11,000","396,385","2,000","72,070","1,000","36,035","1,000","36,035","0,000","0,000","0,000","0,000","0,000","0,000","1,000","36,035","2,000","72,070","3,000","108,105","6,000","216,210","6,000","216,210","5,000","180,175","7,000","252,245","6,000","216,210","2,000","72,070","2,000","72,070","1,000","36,035","0,000","0,000","0,000","0,000","0,000","0,000","0,000","0,000","2,000","72,070","1,000","36,035","4,000","144,140","3,000","108,105","5,000","180,175","6,000","216,210","6,000","216,210","1,000","36,035","1,000","36,035","0,000","0,000","0,000","0,000","0,000","0,000","0,000","0,000","1,000","36,035","3,000","108,105","3,000","108,105","9,000","324,315","5,000","180,175","6,000","216,210","8,000","288,280","7,000","252,245","1,000","36,035","1,000","36,035","1,000","36,035"
SV853,Terminal Mato Alto - Terminal Deodoro,Santa Cruz,Volta,36.581,"1,000","36,581","0,000","0,000","0,000","0,000","1,000","36,581","2,000","73,162","5,000","182,905","13,000","475,553","7,000","256,067","8,000","292,648","13,000","475,553","11,000","402,391","2,000","73,162","2,000","73,162","1,000","36,581","0,000","0,000","0,000","0,000","0,000","0,000","0,000","0,000","1,000","36,581","2,000","73,162","7,000","256,067","6,000","219,486","7,000","256,067","6,000","219,486","6,000","219,486","2,000","73,162","1,000","36,581","1,000","36,581","1,000","36,581","0,000","0,000","0,000","0,000","0,000","0,000","1,000","36,581","1,000","36,581","5,000","182,905","5,000","182,905","4,000","146,324","5,000","182,905","4,000","146,324","1,000","36,581","1,000","36,581","1,000","36,581","1,000","36,581","0,000","0,000","0,000","0,000","1,000","36,581","1,000","36,581","3,000","109,743","8,000","292,648","4,000","146,324","5,000","182,905","8,000","292,648","7,000","256,067","1,000","36,581","1,000","36,581","1,000","36,581"
SV863,Rio das Pedras - Barra da Tijuca,Transcarioca,Circular,30.296,"0,000","0,000","0,000","0,000","0,000","0,000","0,000","0,000","1,000","30,296","1,000","30,296","6,000","181,776","4,000","121,184","4,000","121,184","3,000","90,888","3,000","90,888","1,000","30,296","1,000","30,296","1,000","30,296","0,000","0,000","0,000","0,000","0,000","0,000","0,000","0,000","1,000","30,296","1,000","30,296","4,000","121,184","4,000","121,184","3,000","90,888","3,000","90,888","3,000","90,888","1,000","30,296","1,000","30,296","1,000","30,296","0,000","0,000","0,000","0,000","0,000","0,000","0,000","0,000","0,000","0,000","1,000","30,296","3,000","90,888","3,000","90,888","3,000","90,888","3,000","90,888","3,000","90,888","1,000","30,296","1,000","30,296","0,000","0,000","0,000","0,000","0,000","0,000","0,000","0,000","0,000","0,000","1,000","30,296","1,000","30,296","4,000","121,184","2,000","60,592","2,000","60,592","2,000","60,592","2,000","60,592","1,000","30,296","1,000","30,296","1,000","30,296"
SV866,Terminal Campo Grande - Terminal Pingo d'Água,Santa Cruz,Ida,20.856,"0,000","0,000","0,000","0,000","0,000","0,000","1,000","20,856","2,000","41,712","4,000","83,424","9,000","187,704","7,000","145,992","7,000","145,992","8,000","166,848","8,000","166,848","2,000","41,712","1,000","20,856","1,000","20,856","0,000","0,000","0,000","0,000","0,000","0,000","0,000","0,000","1,000","20,856","1,000","20,856","6,000","125,136","6,000","125,136","7,000","145,992","5,000","104,280","4,000","83,424","1,000","20,856","1,000","20,856","0,000","0,000","0,000","0,000","0,000","0,000","0,000","0,000","0,000","0,000","1,000","20,856","1,000","20,856","4,000","83,424","4,000","83,424","3,000","62,568","3,000","62,568","4,000","83,424","1,000","20,856","0,000","0,000","0,000","0,000","0,000","0,000","0,000","0,000","0,000","0,000","1,000","20,856","1,000","20,856","2,000","41,712","6,000","125,136","4,000","83,424","4,000","83,424","5,000","104,280","5,000","104,280","1,000","20,856","1,000","20,856","1,000","20,856"
SV866,Terminal Campo Grande - Terminal Pingo d'Água,Santa Cruz,Volta,18.341,"1,000","18,341","0,000","0,000","0,000","0,000","1,000","18,341","1,000","18,341","2,000","36,682","10,000","183,410","7,000","128,387","6,000","110,046","10,000","183,410","8,000","146,728","1,000","18,341","2,000","36,682","1,000","18,341","1,000","18,341","0,000","0,000","0,000","0,000","0,000","0,000","1,000","18,341","1,000","18,341","6,000","110,046","6,000","110,046","7,000","128,387","5,000","91,705","4,000","73,364","1,000","18,341","2,000","36,682","1,000","18,341","1,000","18,341","0,000","0,000","0,000","0,000","0,000","0,000","1,000","18,341","1,000","18,341","4,000","73,364","4,000","73,364","4,000","73,364","3,000","55,023","5,000","91,705","1,000","18,341","1,000","18,341","0,000","0,000","1,000","18,341","0,000","0,000","0,000","0,000","1,000","18,341","1,000","18,341","1,000","18,341","6,000","110,046","4,000","73,364","4,000","73,364","6,000","110,046","5,000","91,705","1,000","18,341","1,000","18,341","1,000","18,341"
SV878,Tanque - Barra da Tijuca,Transcarioca,Ida,21.239,"1,000","21,239","1,000","21,239","1,000","21,239","1,000","21,239","1,000","21,239","1,000","21,239","6,000","127,434","5,000","106,195","5,000","106,195","4,000","84,956","5,000","106,195","1,000","21,239","1,000","21,239","1,000","21,239","1,000","21,239","1,000","21,239","1,000","21,239","1,000","21,239","1,000","21,239","1,000","21,239","4,000","84,956","5,000","106,195","6,000","127,434","4,000","84,956","4,000","84,956","1,000","21,239","1,000","21,239","0,000","0,000","1,000","21,239","1,000","21,239","0,000","0,000","1,000","21,239","1,000","21,239","1,000","21,239","3,000","63,717","5,000","106,195","4,000","84,956","4,000","84,956","4,000","84,956","2,000","42,478","1,000","21,239","0,000","0,000","1,000","21,239","1,000","21,239","1,000","21,239","1,000","21,239","1,000","21,239","1,000","21,239","4,000","84,956","3,000","63,717","3,000","63,717","2,000","42,478","3,000","63,717","1,000","21,239","1,000","21,239","1,000","21,239"
SV878,Tanque - Barra da Tijuca,Transcarioca,Volta,26.148,"1,000","26,148","1,000","26,148","1,000","26,148","1,000","26,148","1,000","26,148","1,000","26,148","3,000","78,444","3,000","78,444","4,000","104,592","7,000","183,036","3,000","78,444","1,000","26,148","1,000","26,148","1,000","26,148","2,000","52,296","1,000","26,148","1,000","26,148","1,000","26,148","1,000","26,148","1,000","26,148","3,000","78,444","3,000","78,444","3,000","78,444","4,000","104,592","3,000","78,444","1,000","26,148","1,000","26,148","1,000","26,148","2,000","52,296","1,000","26,148","0,000","0,000","1,000","26,148","1,000","26,148","1,000","26,148","3,000","78,444","3,000","78,444","3,000","78,444","3,000","78,444","3,000","78,444","1,000","26,148","1,000","26,148","1,000","26,148","1,000","26,148","1,000","26,148","1,000","26,148","1,000","26,148","1,000","26,148","1,000","26,148","2,000","52,296","2,000","52,296","2,000","52,296","4,000","104,592","2,000","52,296","1,000","26,148","1,000","26,148","1,000","26,148"
SV899,Barra de Guaratiba - Terminal Recreio,Santa Cruz,Ida,22.561,"0,000","0,000","0,000","0,000","0,000","0,000","0,000","0,000","0,000","0,000","0,000","0,000","1,000","22,561","0,000","0,000","0,000","0,000","0,000","0,000","1,000","22,561","0,000","0,000","0,000","0,000","0,000","0,000","0,000","0,000","0,000","0,000","0,000","0,000","0,000","0,000","0,000","0,000","0,000","0,000","0,000","0,000","0,000","0,000","0,000","0,000","0,000","0,000","0,000","0,000","0,000","0,000","0,000","0,000","0,000","0,000","0,000","0,000","0,000","0,000","0,000","0,000","0,000","0,000","0,000","0,000","0,000","0,000","0,000","0,000","0,000","0,000","0,000","0,000","0,000","0,000","0,000","0,000","0,000","0,000","0,000","0,000","0,000","0,000","0,000","0,000","0,000","0,000","0,000","0,000","0,000","0,000","0,000","0,000","0,000","0,000","1,000","22,561","0,000","0,000","0,000","0,000","0,000","0,000","1,000","22,561","0,000","0,000","0,000","0,000","0,000","0,000"
SV899,Barra de Guaratiba - Terminal Recreio,Santa Cruz,Volta,26.067,"0,000","0,000","0,000","0,000","0,000","0,000","0,000","0,000","0,000","0,000","0,000","0,000","0,000","0,000","0,000","0,000","0,000","0,000","0,000","0,000","1,000","26,067","0,000","0,000","0,000","0,000","0,000","0,000","0,000","0,000","0,000","0,000","0,000","0,000","0,000","0,000","0,000","0,000","0,000","0,000","0,000","0,000","0,000","0,000","0,000","0,000","0,000","0,000","0,000","0,000","0,000","0,000","0,000","0,000","0,000","0,000","0,000","0,000","0,000","0,000","0,000","0,000","0,000","0,000","0,000","0,000","0,000","0,000","0,000","0,000","0,000","0,000","0,000","0,000","0,000","0,000","0,000","0,000","0,000","0,000","0,000","0,000","0,000","0,000","0,000","0,000","0,000","0,000","0,000","0,000","0,000","0,000","0,000","0,000","0,000","0,000","0,000","0,000","0,000","0,000","0,000","0,000","0,000","0,000","1,000","26,067","0,000","0,000","0,000","0,000","0,000","0,000"
SV908,Terminal Deodoro - Bonsucesso,Internorte,Ida,26.124,"0,000","0,000","0,000","0,000","0,000","0,000","0,000","0,000","1,000","26,124","1,000","26,124","5,000","130,620","3,000","78,372","4,000","104,496","5,000","130,620","3,000","78,372","0,000","0,000","0,000","0,000","0,000","0,000","0,000","0,000","0,000","0,000","0,000","0,000","0,000","0,000","0,000","0,000","1,000","26,124","3,000","78,372","3,000","78,372","3,000","78,372","2,000","52,248","0,000","0,000","0,000","0,000","0,000","0,000","0,000","0,000","0,000","0,000","0,000","0,000","0,000","0,000","0,000","0,000","0,000","0,000","0,000","0,000","3,000","78,372","3,000","78,372","3,000","78,372","2,000","52,248","0,000","0,000","0,000","0,000","0,000","0,000","0,000","0,000","0,000","0,000","0,000","0,000","0,000","0,000","0,000","0,000","1,000","26,124","1,000","26,124","3,000","78,372","2,000","52,248","2,000","52,248","3,000","78,372","2,000","52,248","0,000","0,000","0,000","0,000","0,000","0,000"
SV917,Padre Miguel - Bonsucesso,Internorte,Ida,28.427,"0,000","0,000","0,000","0,000","0,000","0,000","0,000","0,000","1,000","28,427","3,000","85,281","9,000","255,843","8,000","227,416","8,000","227,416","8,000","227,416","8,000","227,416","3,000","85,281","2,000","56,854","0,000","0,000","0,000","0,000","0,000","0,000","0,000","0,000","0,000","0,000","0,000","0,000","2,000","56,854","5,000","142,135","6,000","170,562","5,000","142,135","6,000","170,562","6,000","170,562","0,000","0,000","0,000","0,000","0,000","0,000","0,000","0,000","0,000","0,000","0,000","0,000","0,000","0,000","0,000","0,000","2,000","56,854","4,000","113,708","5,000","142,135","4,000","113,708","5,000","142,135","4,000","113,708","2,000","56,854","0,000","0,000","0,000","0,000","0,000","0,000","0,000","0,000","0,000","0,000","0,000","0,000","1,000","28,427","2,000","56,854","6,000","170,562","5,000","142,135","5,000","142,135","5,000","142,135","5,000","142,135","2,000","56,854","1,000","28,427","0,000","0,000"
SV917,Padre Miguel - Bonsucesso,Internorte,Volta,29.253,"0,000","0,000","0,000","0,000","0,000","0,000","0,000","0,000","0,000","0,000","1,000","29,253","8,000","234,024","9,000","263,277","7,000","204,771","8,000","234,024","7,000","204,771","5,000","146,265","3,000","87,759","2,000","58,506","0,000","0,000","0,000","0,000","0,000","0,000","0,000","0,000","0,000","0,000","0,000","0,000","6,000","175,518","6,000","175,518","6,000","175,518","4,000","117,012","5,000","146,265","2,000","58,506","1,000","29,253","0,000","0,000","0,000","0,000","0,000","0,000","0,000","0,000","0,000","0,000","0,000","0,000","0,000","0,000","5,000","146,265","4,000","117,012","5,000","146,265","4,000","117,012","5,000","146,265","1,000","29,253","2,000","58,506","0,000","0,000","0,000","0,000","0,000","0,000","0,000","0,000","0,000","0,000","0,000","0,000","1,000","29,253","5,000","146,265","6,000","175,518","4,000","117,012","5,000","146,265","4,000","117,012","3,000","87,759","2,000","58,506","1,000","29,253"
SV921,Bancários - Ribeira,Internorte,Ida,9.695,"0,000","0,000","0,000","0,000","0,000","0,000","0,000","0,000","0,000","0,000","0,000","0,000","5,000","48,475","2,000","19,390","0,000","0,000","0,000","0,000","3,000","29,085","0,000","0,000","0,000","0,000","0,000","0,000","0,000","0,000","0,000","0,000","0,000","0,000","0,000","0,000","0,000","0,000","0,000","0,000","0,000","0,000","0,000","0,000","0,000","0,000","0,000","0,000","0,000","0,000","0,000","0,000","0,000","0,000","0,000","0,000","0,000","0,000","0,000","0,000","0,000","0,000","0,000","0,000","0,000","0,000","0,000","0,000","0,000","0,000","0,000","0,000","0,000","0,000","0,000","0,000","0,000","0,000","0,000","0,000","0,000","0,000","0,000","0,000","0,000","0,000","0,000","0,000","0,000","0,000","0,000","0,000","0,000","0,000","0,000","0,000","3,000","29,085","1,000","9,695","0,000","0,000","0,000","0,000","2,000","19,390","0,000","0,000","0,000","0,000","0,000","0,000"
SV921,Bancários - Ribeira,Internorte,Volta,8.481,"0,000","0,000","0,000","0,000","0,000","0,000","0,000","0,000","0,000","0,000","0,000","0,000","3,000","25,443","0,000","0,000","0,000","0,000","0,000","0,000","4,000","33,924","0,000","0,000","0,000","0,000","0,000","0,000","0,000","0,000","0,000","0,000","0,000","0,000","0,000","0,000","0,000","0,000","0,000","0,000","0,000","0,000","0,000","0,000","0,000","0,000","0,000","0,000","0,000","0,000","0,000","0,000","0,000","0,000","0,000","0,000","0,000","0,000","0,000","0,000","0,000","0,000","0,000","0,000","0,000","0,000","0,000","0,000","0,000","0,000","0,000","0,000","0,000","0,000","0,000","0,000","0,000","0,000","0,000","0,000","0,000","0,000","0,000","0,000","0,000","0,000","0,000","0,000","0,000","0,000","0,000","0,000","0,000","0,000","0,000","0,000","2,000","16,962","0,000","0,000","0,000","0,000","0,000","0,000","2,000","16,962","0,000","0,000","0,000","0,000","0,000","0,000"
SV922,Tubiacanga - Fundão,Internorte,Ida,16.640,"0,000","0,000","0,000","0,000","0,000","0,000","0,000","0,000","1,000","16,640","2,000","33,280","4,000","66,560","3,000","49,920","3,000","49,920","3,000","49,920","3,000","49,920","1,000","16,640","1,000","16,640","1,000","16,640","0,000","0,000","0,000","0,000","0,000","0,000","0,000","0,000","0,000","0,000","1,000","16,640","3,000","49,920","3,000","49,920","3,000","49,920","3,000","49,920","3,000","49,920","1,000","16,640","1,000","16,640","1,000","16,640","0,000","0,000","0,000","0,000","0,000","0,000","0,000","0,000","1,000","16,640","1,000","16,640","3,000","49,920","3,000","49,920","3,000","49,920","3,000","49,920","3,000","49,920","1,000","16,640","1,000","16,640","1,000","16,640","0,000","0,000","0,000","0,000","0,000","0,000","0,000","0,000","1,000","16,640","1,000","16,640","2,000","33,280","2,000","33,280","2,000","33,280","2,000","33,280","2,000","33,280","1,000","16,640","1,000","16,640","1,000","16,640"
SV922,Tubiacanga - Fundão,Internorte,Volta,18.696,"0,000","0,000","0,000","0,000","0,000","0,000","0,000","0,000","0,000","0,000","1,000","18,696","3,000","56,088","3,000","56,088","3,000","56,088","3,000","56,088","3,000","56,088","1,000","18,696","1,000","18,696","1,000","18,696","0,000","0,000","0,000","0,000","0,000","0,000","0,000","0,000","0,000","0,000","1,000","18,696","3,000","56,088","3,000","56,088","3,000","56,088","3,000","56,088","3,000","56,088","1,000","18,696","1,000","18,696","1,000","18,696","1,000","18,696","0,000","0,000","0,000","0,000","0,000","0,000","1,000","18,696","1,000","18,696","3,000","56,088","3,000","56,088","3,000","56,088","3,000","56,088","3,000","56,088","1,000","18,696","1,000","18,696","1,000","18,696","0,000","0,000","0,000","0,000","0,000","0,000","0,000","0,000","0,000","0,000","1,000","18,696","2,000","37,392","2,000","37,392","2,000","37,392","2,000","37,392","2,000","37,392","1,000","18,696","1,000","18,696","1,000","18,696"
SVA665,Metrô Pavuna - Saens Peña,Internorte,Ida,33.433,"0,000","0,000","0,000","0,000","0,000","0,000","0,000","0,000","3,000","100,299","6,000","200,598","12,000","401,196","6,000","200,598","6,000","200,598","12,000","401,196","6,000","200,598","1,000","33,433","0,000","0,000","0,000","0,000","0,000","0,000","0,000","0,000","0,000","0,000","0,000","0,000","2,000","66,866","2,000","66,866","6,000","200,598","6,000","200,598","6,000","200,598","6,000","200,598","5,000","167,165","0,000","0,000","0,000","0,000","0,000","0,000","0,000","0,000","0,000","0,000","0,000","0,000","0,000","0,000","1,000","33,433","2,000","66,866","6,000","200,598","6,000","200,598","6,000","200,598","6,000","200,598","6,000","200,598","1,000","33,433","1,000","33,433","0,000","0,000","0,000","0,000","0,000","0,000","0,000","0,000","0,000","0,000","2,000","66,866","4,000","133,732","7,000","234,031","4,000","133,732","4,000","133,732","7,000","234,031","4,000","133,732","1,000","33,433","0,000","0,000","0,000","0,000"
SVA665,Metrô Pavuna - Saens Peña,Internorte,Volta,33.899,"0,000","0,000","0,000","0,000","0,000","0,000","0,000","0,000","0,000","0,000","2,000","67,798","12,000","406,788","6,000","203,394","6,000","203,394","12,000","406,788","6,000","203,394","1,000","33,899","1,000","33,899","1,000","33,899","0,000","0,000","0,000","0,000","0,000","0,000","0,000","0,000","0,000","0,000","1,000","33,899","6,000","203,394","6,000","203,394","6,000","203,394","6,000","203,394","6,000","203,394","1,000","33,899","0,000","0,000","0,000","0,000","0,000","0,000","0,000","0,000","0,000","0,000","0,000","0,000","1,000","33,899","1,000","33,899","6,000","203,394","6,000","203,394","6,000","203,394","6,000","203,394","6,000","203,394","1,000","33,899","1,000","33,899","1,000","33,899","0,000","0,000","0,000","0,000","0,000","0,000","0,000","0,000","0,000","0,000","1,000","33,899","7,000","237,293","4,000","135,596","4,000","135,596","7,000","237,293","4,000","135,596","1,000","33,899","1,000","33,899","1,000","33,899"
SVA685,Terminal Margaridas - Méier,Internorte,Ida,28.445,"0,000","0,000","0,000","0,000","0,000","0,000","0,000","0,000","0,000","0,000","2,000","56,890","3,000","85,335","0,000","0,000","0,000","0,000","0,000","0,000","0,000","0,000","0,000","0,000","0,000","0,000","0,000","0,000","0,000","0,000","0,000","0,000","0,000","0,000","0,000","0,000","0,000","0,000","1,000","28,445","1,000","28,445","0,000","0,000","0,000","0,000","0,000","0,000","0,000","0,000","0,000","0,000","0,000","0,000","0,000","0,000","0,000","0,000","0,000","0,000","0,000","0,000","0,000","0,000","0,000","0,000","0,000","0,000","0,000","0,000","0,000","0,000","0,000","0,000","0,000","0,000","0,000","0,000","0,000","0,000","0,000","0,000","0,000","0,000","0,000","0,000","0,000","0,000","0,000","0,000","0,000","0,000","0,000","0,000","1,000","28,445","2,000","56,890","0,000","0,000","0,000","0,000","0,000","0,000","0,000","0,000","0,000","0,000","0,000","0,000","0,000","0,000"
SVA685,Terminal Margaridas - Méier,Internorte,Volta,28.852,"0,000","0,000","0,000","0,000","0,000","0,000","0,000","0,000","0,000","0,000","0,000","0,000","5,000","144,260","0,000","0,000","0,000","0,000","0,000","0,000","0,000","0,000","0,000","0,000","0,000","0,000","0,000","0,000","0,000","0,000","0,000","0,000","0,000","0,000","0,000","0,000","0,000","0,000","0,000","0,000","3,000","86,556","0,000","0,000","0,000","0,000","0,000","0,000","0,000","0,000","0,000","0,000","0,000","0,000","0,000","0,000","0,000","0,000","0,000","0,000","0,000","0,000","0,000","0,000","0,000","0,000","0,000","0,000","0,000","0,000","0,000","0,000","0,000","0,000","0,000","0,000","0,000","0,000","0,000","0,000","0,000","0,000","0,000","0,000","0,000","0,000","0,000","0,000","0,000","0,000","0,000","0,000","0,000","0,000","0,000","0,000","3,000","86,556","0,000","0,000","0,000","0,000","0,000","0,000","0,000","0,000","0,000","0,000","0,000","0,000","0,000","0,000"
SVB665,Pavuna - Saens Peña,Internorte,Ida,34.026,"0,000","0,000","0,000","0,000","0,000","0,000","0,000","0,000","2,000","68,052","6,000","204,156","7,000","238,182","5,000","170,130","6,000","204,156","6,000","204,156","3,000","102,078","1,000","34,026","0,000","0,000","0,000","0,000","0,000","0,000","0,000","0,000","0,000","0,000","0,000","0,000","1,000","34,026","2,000","68,052","4,000","136,104","3,000","102,078","3,000","102,078","3,000","102,078","3,000","102,078","1,000","34,026","1,000","34,026","0,000","0,000","0,000","0,000","0,000","0,000","0,000","0,000","0,000","0,000","1,000","34,026","2,000","68,052","3,000","102,078","3,000","102,078","3,000","102,078","3,000","102,078","3,000","102,078","1,000","34,026","1,000","34,026","0,000","0,000","0,000","0,000","0,000","0,000","0,000","0,000","0,000","0,000","1,000","34,026","4,000","136,104","4,000","136,104","3,000","102,078","4,000","136,104","4,000","136,104","2,000","68,052","1,000","34,026","0,000","0,000","0,000","0,000"
SVB665,Pavuna - Saens Peña,Internorte,Volta,31.847,"0,000","0,000","0,000","0,000","0,000","0,000","0,000","0,000","0,000","0,000","2,000","63,694","5,000","159,235","4,000","127,388","6,000","191,082","8,000","254,776","4,000","127,388","1,000","31,847","1,000","31,847","1,000","31,847","1,000","31,847","0,000","0,000","0,000","0,000","0,000","0,000","0,000","0,000","1,000","31,847","3,000","95,541","3,000","95,541","3,000","95,541","3,000","95,541","3,000","95,541","1,000","31,847","1,000","31,847","1,000","31,847","0,000","0,000","0,000","0,000","0,000","0,000","0,000","0,000","0,000","0,000","1,000","31,847","3,000","95,541","3,000","95,541","3,000","95,541","3,000","95,541","3,000","95,541","1,000","31,847","1,000","31,847","1,000","31,847","0,000","0,000","0,000","0,000","0,000","0,000","0,000","0,000","0,000","0,000","1,000","31,847","3,000","95,541","2,000","63,694","4,000","127,388","5,000","159,235","2,000","63,694","1,000","31,847","1,000","31,847","1,000","31,847"
SVB685,Terminal Margaridas - Méier,Internorte,Ida,25.082,"0,000","0,000","0,000","0,000","0,000","0,000","0,000","0,000","0,000","0,000","1,000","25,082","12,000","300,984","6,000","150,492","6,000","150,492","12,000","300,984","6,000","150,492","1,000","25,082","0,000","0,000","0,000","0,000","0,000","0,000","0,000","0,000","0,000","0,000","0,000","0,000","0,000","0,000","1,000","25,082","6,000","150,492","6,000","150,492","6,000","150,492","6,000","150,492","6,000","150,492","1,000","25,082","0,000","0,000","0,000","0,000","0,000","0,000","0,000","0,000","0,000","0,000","0,000","0,000","0,000","0,000","0,000","0,000","6,000","150,492","6,000","150,492","6,000","150,492","6,000","150,492","5,000","125,410","1,000","25,082","0,000","0,000","0,000","0,000","0,000","0,000","0,000","0,000","0,000","0,000","0,000","0,000","0,000","0,000","1,000","25,082","7,000","175,574","4,000","100,328","4,000","100,328","7,000","175,574","4,000","100,328","1,000","25,082","0,000","0,000","0,000","0,000"
SVB685,Terminal Margaridas - Méier,Internorte,Volta,24.911,"0,000","0,000","0,000","0,000","0,000","0,000","0,000","0,000","0,000","0,000","0,000","0,000","12,000","298,932","6,000","149,466","6,000","149,466","12,000","298,932","6,000","149,466","1,000","24,911","1,000","24,911","0,000","0,000","0,000","0,000","0,000","0,000","0,000","0,000","0,000","0,000","0,000","0,000","0,000","0,000","5,000","124,555","6,000","149,466","6,000","149,466","6,000","149,466","6,000","149,466","1,000","24,911","1,000","24,911","0,000","0,000","0,000","0,000","0,000","0,000","0,000","0,000","0,000","0,000","0,000","0,000","0,000","0,000","4,000","99,644","6,000","149,466","6,000","149,466","6,000","149,466","6,000","149,466","1,000","24,911","1,000","24,911","0,000","0,000","0,000","0,000","0,000","0,000","0,000","0,000","0,000","0,000","0,000","0,000","0,000","0,000","7,000","174,377","4,000","99,644","4,000","99,644","7,000","174,377","4,000","99,644","1,000","24,911","1,000","24,911","0,000","0,000"
SVB901,Bonsucesso - Bananal,Internorte,Ida,20.331,"0,000","0,000","0,000","0,000","0,000","0,000","0,000","0,000","0,000","0,000","0,000","0,000","3,000","60,993","3,000","60,993","3,000","60,993","3,000","60,993","3,000","60,993","0,000","0,000","0,000","0,000","0,000","0,000","0,000","0,000","0,000","0,000","0,000","0,000","0,000","0,000","0,000","0,000","0,000","0,000","0,000","0,000","0,000","0,000","0,000","0,000","0,000","0,000","0,000","0,000","0,000","0,000","0,000","0,000","0,000","0,000","0,000","0,000","0,000","0,000","0,000","0,000","0,000","0,000","0,000","0,000","0,000","0,000","0,000","0,000","0,000","0,000","0,000","0,000","0,000","0,000","0,000","0,000","0,000","0,000","0,000","0,000","0,000","0,000","0,000","0,000","0,000","0,000","0,000","0,000","0,000","0,000","0,000","0,000","0,000","0,000","2,000","40,662","2,000","40,662","2,000","40,662","2,000","40,662","2,000","40,662","0,000","0,000","0,000","0,000","0,000","0,000"
SVB901,Bonsucesso - Bananal,Internorte,Volta,19.319,"0,000","0,000","0,000","0,000","0,000","0,000","0,000","0,000","0,000","0,000","0,000","0,000","3,000","57,957","3,000","57,957","3,000","57,957","3,000","57,957","3,000","57,957","0,000","0,000","0,000","0,000","0,000","0,000","0,000","0,000","0,000","0,000","0,000","0,000","0,000","0,000","0,000","0,000","0,000","0,000","0,000","0,000","0,000","0,000","0,000","0,000","0,000","0,000","0,000","0,000","0,000","0,000","0,000","0,000","0,000","0,000","0,000","0,000","0,000","0,000","0,000","0,000","0,000","0,000","0,000","0,000","0,000","0,000","0,000","0,000","0,000","0,000","0,000","0,000","0,000","0,000","0,000","0,000","0,000","0,000","0,000","0,000","0,000","0,000","0,000","0,000","0,000","0,000","0,000","0,000","0,000","0,000","0,000","0,000","0,000","0,000","2,000","38,638","2,000","38,638","2,000","38,638","2,000","38,638","2,000","38,638","0,000","0,000","0,000","0,000","0,000","0,000"